tier,ingest_external_txn_id,candidate_internal_txn_ids,chosen_internal_txn_id,chosen_by_reference_score,disambiguated_by_reference,batch_file_x,n_candidates,disambiguated_by_reference_bool,matchId,matchDate,matchRule,matchedBy,wasPreviouslyMismatched,internal_txn_id,external_txn_id,account,currency,cache_amount,ingest_amount,cache_date,ingest_date,cache_reference,ingest_reference,batch_file_y
TIER_2_DATE_TOLERANCE,966413597849,"['576887312255', '538842104850', '300915315121']",576887312255,1,True,ingest_batch_0001.csv,3,True,1385a4b7-d9cb-420f-a910-57ce5a1bec69,2026-08-31,TIER_2_DATE_TOLERANCE,rule_engine,0,576887312255,966413597849,ACC#00001,USD,-10.36,-10.36,2023-02-26,2023-03-01,32566RGI21 32566RGI21                                                                      JOQVY DE -ELUVIA,322746AL68124131 5006966101VI,ingest_batch_0001.csv
TIER_3_REFERENCE_MATCH,887089520544,"['588269116805', '771156022187']",588269116805,1,True,ingest_batch_0001.csv,2,True,fc28edac-9332-4162-af34-de1e0a752550,2026-08-31,TIER_3_REFERENCE_MATCH,rule_engine,0,588269116805,887089520544,ACC#00001,USD,-10000.00,-10000.00,2023-05-17,2023-03-04,003097438 41476 L9K8276                                                                 UPCLOSER MONOCOQUE GAB -,322756AL61336938 8417766108VI,ingest_batch_0001.csv
TIER_1_EXACT,835803001032,"['719910457773', '475203870860', '842461864965', '223256530255', '17991905448', '68215564144', '869592125423', '705356512841', '161029840110', '961046323692', '778712413339', '134748876965', '231499868688', '597913933334', '828100129195', '732872833593', '958000852318', '271097358549', '663436293575', '648596890428', '266320339829', '504192101334', '86052369141', '87538002211', '306067547937', '575852635597', '214176426045', '109954043300', '925305231353', '56794090735', '216175046342', '316486445695', '15149193656', '823216519586', '579934389547', '619567533809', '59619221737', '45005280775', '127624532995']",719910457773,0,False,ingest_batch_0001.csv,39,False,34f1adc8-0a66-47f5-8a6e-b2659ffefc8d,2026-08-31,TIER_1_EXACT,rule_engine,0,719910457773,835803001032,ACC#00001,USD,50542100.00,50542100.00,2023-03-05,2023-03-05,008208643 41477 OKET484 L9IE2DJ                                                                 UPCLOSER MONOCOQUE GAB -,VOLERY 3399899666FP,ingest_batch_0001.csv
TIER_1_EXACT,343407011653,"['824661020962', '161696674448', '844071755423', '496821694329', '133851228158', '916006821777', '247960793436', '164535240845', '581554053093', '707303040753', '494225322841', '53015696742', '937469836935', '911122414856', '886346790346', '277293527921']",824661020962,0,False,ingest_batch_0001.csv,16,False,84b86a2e-4ae8-49f7-8118-344b00ab706d,2026-08-31,TIER_1_EXACT,rule_engine,0,824661020962,343407011653,ACC#00001,USD,-50542182.76,-50542182.76,2023-03-05,2023-03-05,008267441 41477 OKET481 L9IE3FE                                                                 UPCLOSER MONOCOQUE GAB -,VOLERY 3395822666FP,ingest_batch_0001.csv
TIER_1_EXACT,604938346277,"['862968935592', '101617294919', '192363995351', '389322511412', '866196414328', '510312409580', '742892324290', '481167657935', '114066334529', '131337710469', '454862586499', '679799366782', '529075649894', '402959158860', '558912811465', '236465589734', '411179755796', '185355302949', '731411426050', '14291092389', '439408528102', '560619692957', '629677261633', '46751784980', '191550783767', '647092811967', '109509767630', '272214218342', '747624900543', '541219568659', '213078951224', '393378757510', '847833819077', '261082264295', '459478784298', '150262174723', '471488049694', '900714240805', '916909970832']",862968935592,0,False,ingest_batch_0001.csv,39,False,5d072e18-55a3-490a-9240-211f0a1f47d3,2026-08-31,TIER_1_EXACT,rule_engine,0,862968935592,604938346277,ACC#00001,USD,-50541845.81,-50541845.81,2023-03-05,2023-03-05,008267481 41477 OKET484 L9IE3SP                                                                 UPCLOSER MONOCOQUE GAB -,VOLERY 3395847666FP,ingest_batch_0001.csv
TIER_1_EXACT,452842441648,"['975328207044', '812019820177', '787970103473', '967469393415', '108418901849', '80102757515']",975328207044,0,False,ingest_batch_0001.csv,6,False,312760a8-45f8-4c52-9b2a-7fe5c8f1a9c9,2026-08-31,TIER_1_EXACT,rule_engine,0,975328207044,452842441648,ACC#00001,USD,34231125.50,34231125.50,2023-03-05,2023-03-05,008203049 41477 MOZO702 L9IE28F                                                                 JOQVY H.C. ZUCCHINIS TENT,VOLERY 3399451666FP,ingest_batch_0001.csv
TIER_1_EXACT,281382003638,"['101617294919', '192363995351', '389322511412', '866196414328', '510312409580', '742892324290', '481167657935', '114066334529', '131337710469', '454862586499', '679799366782', '529075649894', '402959158860', '558912811465', '236465589734', '411179755796', '185355302949', '731411426050', '14291092389', '439408528102', '560619692957', '629677261633', '46751784980', '191550783767', '647092811967', '109509767630', '272214218342', '747624900543', '541219568659', '213078951224', '393378757510', '847833819077', '261082264295', '459478784298', '150262174723', '471488049694', '900714240805', '916909970832']",101617294919,0,False,ingest_batch_0001.csv,38,False,74a23cb3-e4be-4906-b435-f58ed479a25a,2026-08-31,TIER_1_EXACT,rule_engine,0,101617294919,281382003638,ACC#00001,USD,-50541845.81,-50541845.81,2023-03-05,2023-03-05,008267481 41477 OKET484 L9IE3SP                                                                 UPCLOSER MONOCOQUE GAB -,VOLERY 3395835666FP,ingest_batch_0001.csv
TIER_1_EXACT,588351848386,"['192363995351', '389322511412', '866196414328', '510312409580', '742892324290', '481167657935', '114066334529', '131337710469', '454862586499', '679799366782', '529075649894', '402959158860', '558912811465', '236465589734', '411179755796', '185355302949', '731411426050', '14291092389', '439408528102', '560619692957', '629677261633', '46751784980', '191550783767', '647092811967', '109509767630', '272214218342', '747624900543', '541219568659', '213078951224', '393378757510', '847833819077', '261082264295', '459478784298', '150262174723', '471488049694', '900714240805', '916909970832']",192363995351,0,False,ingest_batch_0001.csv,37,False,b74c3114-6382-4a3a-af66-bc14196c9426,2026-08-31,TIER_1_EXACT,rule_engine,0,192363995351,588351848386,ACC#00001,USD,-50541845.81,-50541845.81,2023-03-05,2023-03-05,008267481 41477 OKET484 L9IE3SP                                                                 UPCLOSER MONOCOQUE GAB -,VOLERY 3395843666FP,ingest_batch_0001.csv
TIER_4_AMOUNT_TOLERANCE,84440526061,"['479165463232', '382077073044', '842457345063', '823197397959', '881992115441', '728897405251']",479165463232,0,False,ingest_batch_0001.csv,6,False,97f906a9-630b-47f5-a758-1c84287d09a2,2026-08-31,TIER_4_AMOUNT_TOLERANCE,rule_engine,0,479165463232,84440526061,ACC#00001,USD,32112256.53,32112256.54,2023-03-05,2023-03-05,008260037 41477 MOZO702 L9IE89U                                                                 UPCLOSER MONOCOQUE GAB -,VOLERY 3399336666FP,ingest_batch_0001.csv
TIER_1_EXACT,766426427755,"['475203870860', '842461864965', '223256530255', '17991905448', '68215564144', '869592125423', '705356512841', '161029840110', '961046323692', '778712413339', '134748876965', '231499868688', '597913933334', '828100129195', '732872833593', '958000852318', '271097358549', '663436293575', '648596890428', '266320339829', '504192101334', '86052369141', '87538002211', '306067547937', '575852635597', '214176426045', '109954043300', '925305231353', '56794090735', '216175046342', '316486445695', '15149193656', '823216519586', '579934389547', '619567533809', '59619221737', '45005280775', '127624532995']",475203870860,0,False,ingest_batch_0001.csv,38,False,fd6ebc80-6d12-46b0-ac96-a73465e5fa55,2026-08-31,TIER_1_EXACT,rule_engine,0,475203870860,766426427755,ACC#00001,USD,50542100.00,50542100.00,2023-03-05,2023-03-05,008208643 41477 OKET484 L9IE2DJ                                                                 UPCLOSER MONOCOQUE GAB -,VOLERY 3399851666FP,ingest_batch_0001.csv
TIER_1_EXACT,715477149266,"['812019820177', '787970103473', '967469393415', '108418901849', '80102757515']",812019820177,0,False,ingest_batch_0001.csv,5,False,06f495ab-7939-4357-b65b-b8aa93d7cea4,2026-08-31,TIER_1_EXACT,rule_engine,0,812019820177,715477149266,ACC#00001,USD,34231125.50,34231125.50,2023-03-05,2023-03-05,008203049 41477 MOZO702 L9IE28F                                                                 JOQVY H.C. ZUCCHINIS TENT,VOLERY 3399457666FP,ingest_batch_0001.csv
TIER_1_EXACT,447703585185,"['655223831029', '423148581268', '979150614928', '257481660020', '345537721759', '529869601240']",655223831029,0,False,ingest_batch_0001.csv,6,False,c717742e-b84a-490b-a564-d31f8f266ceb,2026-08-31,TIER_1_EXACT,rule_engine,0,655223831029,447703585185,ACC#00001,USD,-32083311.80,-32083311.80,2023-03-05,2023-03-05,008261117 41477 MOZO702 L9IE3ZH                                                                 JOQVY H.C. ZUCCHINIS TENT,VOLERY 3399874666FP,ingest_batch_0001.csv
TIER_1_EXACT,694473197191,"['710229987711', '984781635240']",710229987711,0,False,ingest_batch_0001.csv,2,False,5780131e-4540-437e-8011-8b259d1ace6e,2026-08-31,TIER_1_EXACT,rule_engine,0,710229987711,694473197191,ACC#00001,USD,121910.00,121910.00,2023-03-05,2023-03-05,008422892 67089 OKET216                                                                         ALL BILAAN ANGELINA ALGID,VOLERY 3395004666FP,ingest_batch_0001.csv
TIER_1_EXACT,251355375200,"['389322511412', '866196414328', '510312409580', '742892324290', '481167657935', '114066334529', '131337710469', '454862586499', '679799366782', '529075649894', '402959158860', '558912811465', '236465589734', '411179755796', '185355302949', '731411426050', '14291092389', '439408528102', '560619692957', '629677261633', '46751784980', '191550783767', '647092811967', '109509767630', '272214218342', '747624900543', '541219568659', '213078951224', '393378757510', '847833819077', '261082264295', '459478784298', '150262174723', '471488049694', '900714240805', '916909970832']",389322511412,0,False,ingest_batch_0001.csv,36,False,5e0c446b-f7fa-4d77-8d13-fa2f235ab3d1,2026-08-31,TIER_1_EXACT,rule_engine,0,389322511412,251355375200,ACC#00001,USD,-50541845.81,-50541845.81,2023-03-05,2023-03-05,008267481 41477 OKET484 L9IE3SP                                                                 UPCLOSER MONOCOQUE GAB -,VOLERY 3395839666FP,ingest_batch_0001.csv
TIER_1_EXACT,229158719526,"['458851791874', '103295883780', '236680100476', '87669556366', '76350576849']",458851791874,0,False,ingest_batch_0001.csv,5,False,15506ba1-75cf-462b-bf04-00e9d4170f7b,2026-08-31,TIER_1_EXACT,rule_engine,0,458851791874,229158719526,ACC#00001,USD,-34269218.51,-34269218.51,2023-03-05,2023-03-05,008200443 41477 MOZO702 L9IE2Y2                                                                 UPCLOSER MONOCOQUE GAB -,VOLERY 3395369666FP,ingest_batch_0001.csv
TIER_1_EXACT,998959280318,"['866196414328', '510312409580', '742892324290', '481167657935', '114066334529', '131337710469', '454862586499', '679799366782', '529075649894', '402959158860', '558912811465', '236465589734', '411179755796', '185355302949', '731411426050', '14291092389', '439408528102', '560619692957', '629677261633', '46751784980', '191550783767', '647092811967', '109509767630', '272214218342', '747624900543', '541219568659', '213078951224', '393378757510', '847833819077', '261082264295', '459478784298', '150262174723', '471488049694', '900714240805', '916909970832']",866196414328,0,False,ingest_batch_0001.csv,35,False,b2bc0f2d-550f-43c5-852a-16d60253c62e,2026-08-31,TIER_1_EXACT,rule_engine,0,866196414328,998959280318,ACC#00001,USD,-50541845.81,-50541845.81,2023-03-05,2023-03-05,008267481 41477 OKET484 L9IE3SP                                                                 UPCLOSER MONOCOQUE GAB -,VOLERY 3395849666FP,ingest_batch_0001.csv
TIER_1_EXACT,645447954572,"['510312409580', '742892324290', '481167657935', '114066334529', '131337710469', '454862586499', '679799366782', '529075649894', '402959158860', '558912811465', '236465589734', '411179755796', '185355302949', '731411426050', '14291092389', '439408528102', '560619692957', '629677261633', '46751784980', '191550783767', '647092811967', '109509767630', '272214218342', '747624900543', '541219568659', '213078951224', '393378757510', '847833819077', '261082264295', '459478784298', '150262174723', '471488049694', '900714240805', '916909970832']",510312409580,0,False,ingest_batch_0001.csv,34,False,3aa3932c-6c17-42a8-a462-4e04bb108785,2026-08-31,TIER_1_EXACT,rule_engine,0,510312409580,645447954572,ACC#00001,USD,-50541845.81,-50541845.81,2023-03-05,2023-03-05,008267481 41477 OKET484 L9IE3SP                                                                 UPCLOSER MONOCOQUE GAB -,VOLERY 3395834666FP,ingest_batch_0001.csv
TIER_1_EXACT,552666666219,"['787970103473', '967469393415', '108418901849', '80102757515']",787970103473,0,False,ingest_batch_0001.csv,4,False,59916bc5-af61-4a5d-af14-71657cbf024e,2026-08-31,TIER_1_EXACT,rule_engine,0,787970103473,552666666219,ACC#00001,USD,34231125.50,34231125.50,2023-03-05,2023-03-05,008203049 41477 MOZO702 L9IE28F                                                                 JOQVY H.C. ZUCCHINIS TENT,VOLERY 3399450666FP,ingest_batch_0001.csv
TIER_1_EXACT,64074362557,"['742892324290', '481167657935', '114066334529', '131337710469', '454862586499', '679799366782', '529075649894', '402959158860', '558912811465', '236465589734', '411179755796', '185355302949', '731411426050', '14291092389', '439408528102', '560619692957', '629677261633', '46751784980', '191550783767', '647092811967', '109509767630', '272214218342', '747624900543', '541219568659', '213078951224', '393378757510', '847833819077', '261082264295', '459478784298', '150262174723', '471488049694', '900714240805', '916909970832']",742892324290,0,False,ingest_batch_0001.csv,33,False,e0129c52-b9ba-4e7e-bc88-bc63847ef104,2026-08-31,TIER_1_EXACT,rule_engine,0,742892324290,64074362557,ACC#00001,USD,-50541845.81,-50541845.81,2023-03-05,2023-03-05,008267481 41477 OKET484 L9IE3SP                                                                 UPCLOSER MONOCOQUE GAB -,VOLERY 3395881666FP,ingest_batch_0001.csv
TIER_1_EXACT,846781499499,"['842461864965', '223256530255', '17991905448', '68215564144', '869592125423', '705356512841', '161029840110', '961046323692', '778712413339', '134748876965', '231499868688', '597913933334', '828100129195', '732872833593', '958000852318', '271097358549', '663436293575', '648596890428', '266320339829', '504192101334', '86052369141', '87538002211', '306067547937', '575852635597', '214176426045', '109954043300', '925305231353', '56794090735', '216175046342', '316486445695', '15149193656', '823216519586', '579934389547', '619567533809', '59619221737', '45005280775', '127624532995']",842461864965,0,False,ingest_batch_0001.csv,37,False,73d17ad1-fbdb-43d0-9658-dd573c1f7cd9,2026-08-31,TIER_1_EXACT,rule_engine,0,842461864965,846781499499,ACC#00001,USD,50542100.00,50542100.00,2023-03-05,2023-03-05,008208643 41477 OKET484 L9IE2DJ                                                                 UPCLOSER MONOCOQUE GAB -,VOLERY 3399365666FP,ingest_batch_0001.csv
TIER_1_EXACT,818063502686,"['223256530255', '17991905448', '68215564144', '869592125423', '705356512841', '161029840110', '961046323692', '778712413339', '134748876965', '231499868688', '597913933334', '828100129195', '732872833593', '958000852318', '271097358549', '663436293575', '648596890428', '266320339829', '504192101334', '86052369141', '87538002211', '306067547937', '575852635597', '214176426045', '109954043300', '925305231353', '56794090735', '216175046342', '316486445695', '15149193656', '823216519586', '579934389547', '619567533809', '59619221737', '45005280775', '127624532995']",223256530255,0,False,ingest_batch_0001.csv,36,False,ddd03964-e7fe-479d-8b25-a1a490401519,2026-08-31,TIER_1_EXACT,rule_engine,0,223256530255,818063502686,ACC#00001,USD,50542100.00,50542100.00,2023-03-05,2023-03-05,008208643 41477 OKET484 L9IE2DJ                                                                 UPCLOSER MONOCOQUE GAB -,VOLERY 3399305666FP,ingest_batch_0001.csv
TIER_1_EXACT,691923965830,"['17741829911', '373699372627']",17741829911,0,False,ingest_batch_0001.csv,2,False,47ebf857-29dc-4ef4-9774-bc5cde208640,2026-08-31,TIER_1_EXACT,rule_engine,0,17741829911,691923965830,ACC#00001,USD,143416.80,143416.80,2023-03-05,2023-03-05,008422893 67089 OKET216                                                                         ALL BILAAN ANGELINA ALGID,VOLERY 3395003666FP,ingest_batch_0001.csv
TIER_1_EXACT,965285042019,"['881052745797', '210691962528']",881052745797,0,False,ingest_batch_0001.csv,2,False,97e7e416-2c03-46f9-9b23-4cb824f6b431,2026-08-31,TIER_1_EXACT,rule_engine,0,881052745797,965285042019,ACC#00001,USD,-2232100.00,-2232100.00,2023-03-05,2023-03-05,008449030 12667 AUG0850                                                                         VERANDAH VOWED DIE GOLOKA,VOLERY 3466646666FP,ingest_batch_0001.csv
TIER_1_EXACT,671085764168,"['17991905448', '68215564144', '869592125423', '705356512841', '161029840110', '961046323692', '778712413339', '134748876965', '231499868688', '597913933334', '828100129195', '732872833593', '958000852318', '271097358549', '663436293575', '648596890428', '266320339829', '504192101334', '86052369141', '87538002211', '306067547937', '575852635597', '214176426045', '109954043300', '925305231353', '56794090735', '216175046342', '316486445695', '15149193656', '823216519586', '579934389547', '619567533809', '59619221737', '45005280775', '127624532995']",17991905448,0,False,ingest_batch_0001.csv,35,False,3a702d91-c228-4287-a996-3eefa3a00df6,2026-08-31,TIER_1_EXACT,rule_engine,0,17991905448,671085764168,ACC#00001,USD,50542100.00,50542100.00,2023-03-05,2023-03-05,008208643 41477 OKET484 L9IE2DJ                                                                 UPCLOSER MONOCOQUE GAB -,VOLERY 3399891666FP,ingest_batch_0001.csv
TIER_1_EXACT,148922611223,"['136456241968', '981623189157', '874183618778', '157880522384', '580530702853', '761892421024', '77934669093', '201164522483', '617322183157', '336991228609', '973832055916', '809524434757', '35950649109', '715963200675', '242190620765']",136456241968,0,False,ingest_batch_0001.csv,15,False,c8af090e-c1cc-4a13-9407-85c29840cba3,2026-08-31,TIER_1_EXACT,rule_engine,0,136456241968,148922611223,ACC#00001,USD,43726100.00,43726100.00,2023-03-05,2023-03-05,008208652 41477 OKET481 L9IE2ID                                                                 UPCLOSER MONOCOQUE GAB -,VOLERY 3399388666FP,ingest_batch_0001.csv
TIER_1_EXACT,578096457066,"['68215564144', '869592125423', '705356512841', '161029840110', '961046323692', '778712413339', '134748876965', '231499868688', '597913933334', '828100129195', '732872833593', '958000852318', '271097358549', '663436293575', '648596890428', '266320339829', '504192101334', '86052369141', '87538002211', '306067547937', '575852635597', '214176426045', '109954043300', '925305231353', '56794090735', '216175046342', '316486445695', '15149193656', '823216519586', '579934389547', '619567533809', '59619221737', '45005280775', '127624532995']",68215564144,0,False,ingest_batch_0001.csv,34,False,3658f928-62bc-4771-9657-752c56d6dfdc,2026-08-31,TIER_1_EXACT,rule_engine,0,68215564144,578096457066,ACC#00001,USD,50542100.00,50542100.00,2023-03-05,2023-03-05,008208643 41477 OKET484 L9IE2DJ                                                                 UPCLOSER MONOCOQUE GAB -,VOLERY 3399853666FP,ingest_batch_0001.csv
TIER_1_EXACT,978722050988,"['981623189157', '874183618778', '157880522384', '580530702853', '761892421024', '77934669093', '201164522483', '617322183157', '336991228609', '973832055916', '809524434757', '35950649109', '715963200675', '242190620765']",981623189157,0,False,ingest_batch_0001.csv,14,False,37556e9f-b6f8-4bd6-8509-73f21b16b4ac,2026-08-31,TIER_1_EXACT,rule_engine,0,981623189157,978722050988,ACC#00001,USD,43726100.00,43726100.00,2023-03-05,2023-03-05,008208652 41477 OKET481 L9IE2ID                                                                 UPCLOSER MONOCOQUE GAB -,VOLERY 3399311666FP,ingest_batch_0001.csv
TIER_1_EXACT,580125922255,"['869592125423', '705356512841', '161029840110', '961046323692', '778712413339', '134748876965', '231499868688', '597913933334', '828100129195', '732872833593', '958000852318', '271097358549', '663436293575', '648596890428', '266320339829', '504192101334', '86052369141', '87538002211', '306067547937', '575852635597', '214176426045', '109954043300', '925305231353', '56794090735', '216175046342', '316486445695', '15149193656', '823216519586', '579934389547', '619567533809', '59619221737', '45005280775', '127624532995']",869592125423,0,False,ingest_batch_0001.csv,33,False,ea063b2a-d526-4b5a-b0a0-9cc80f85dd3c,2026-08-31,TIER_1_EXACT,rule_engine,0,869592125423,580125922255,ACC#00001,USD,50542100.00,50542100.00,2023-03-05,2023-03-05,008208643 41477 OKET484 L9IE2DJ                                                                 UPCLOSER MONOCOQUE GAB -,VOLERY 3399303666FP,ingest_batch_0001.csv
TIER_1_EXACT,984373260473,"['806316784017', '132316151906']",806316784017,0,False,ingest_batch_0001.csv,2,False,eba71a3d-99f2-4921-aac0-9899939ab59f,2026-08-31,TIER_1_EXACT,rule_engine,0,806316784017,984373260473,ACC#00001,USD,841.00,841.00,2023-03-05,2023-03-05,RM750564  67666 YUO WATERER CRYOCHORIC NM,RM750564-767-660 7902566102VI,ingest_batch_0001.csv
TIER_1_EXACT,350273613813,"['874183618778', '157880522384', '580530702853', '761892421024', '77934669093', '201164522483', '617322183157', '336991228609', '973832055916', '809524434757', '35950649109', '715963200675', '242190620765']",874183618778,0,False,ingest_batch_0001.csv,13,False,7af82a45-96f3-495c-bd1b-b5f7c5f92dc2,2026-08-31,TIER_1_EXACT,rule_engine,0,874183618778,350273613813,ACC#00001,USD,43726100.00,43726100.00,2023-03-05,2023-03-05,008208652 41477 OKET481 L9IE2ID                                                                 UPCLOSER MONOCOQUE GAB -,VOLERY 3399313666FP,ingest_batch_0001.csv
TIER_1_EXACT,727518217517,"['705356512841', '161029840110', '961046323692', '778712413339', '134748876965', '231499868688', '597913933334', '828100129195', '732872833593', '958000852318', '271097358549', '663436293575', '648596890428', '266320339829', '504192101334', '86052369141', '87538002211', '306067547937', '575852635597', '214176426045', '109954043300', '925305231353', '56794090735', '216175046342', '316486445695', '15149193656', '823216519586', '579934389547', '619567533809', '59619221737', '45005280775', '127624532995']",705356512841,0,False,ingest_batch_0001.csv,32,False,fd4ea45d-f83e-4424-9125-78b8bacb53d3,2026-08-31,TIER_1_EXACT,rule_engine,0,705356512841,727518217517,ACC#00001,USD,50542100.00,50542100.00,2023-03-05,2023-03-05,008208643 41477 OKET484 L9IE2DJ                                                                 UPCLOSER MONOCOQUE GAB -,VOLERY 3399859666FP,ingest_batch_0001.csv
TIER_1_EXACT,886217160882,"['161029840110', '961046323692', '778712413339', '134748876965', '231499868688', '597913933334', '828100129195', '732872833593', '958000852318', '271097358549', '663436293575', '648596890428', '266320339829', '504192101334', '86052369141', '87538002211', '306067547937', '575852635597', '214176426045', '109954043300', '925305231353', '56794090735', '216175046342', '316486445695', '15149193656', '823216519586', '579934389547', '619567533809', '59619221737', '45005280775', '127624532995']",161029840110,0,False,ingest_batch_0001.csv,31,False,7d6b5037-97a9-4c64-8587-4aa5670a384e,2026-08-31,TIER_1_EXACT,rule_engine,0,161029840110,886217160882,ACC#00001,USD,50542100.00,50542100.00,2023-03-05,2023-03-05,008208643 41477 OKET484 L9IE2DJ                                                                 UPCLOSER MONOCOQUE GAB -,VOLERY 3399309666FP,ingest_batch_0001.csv
TIER_1_EXACT,311006741712,"['157880522384', '580530702853', '761892421024', '77934669093', '201164522483', '617322183157', '336991228609', '973832055916', '809524434757', '35950649109', '715963200675', '242190620765']",157880522384,0,False,ingest_batch_0001.csv,12,False,bad3960c-abe6-4252-8323-9beaf30d89d0,2026-08-31,TIER_1_EXACT,rule_engine,0,157880522384,311006741712,ACC#00001,USD,43726100.00,43726100.00,2023-03-05,2023-03-05,008208652 41477 OKET481 L9IE2ID                                                                 UPCLOSER MONOCOQUE GAB -,VOLERY 3399319666FP,ingest_batch_0001.csv
TIER_1_EXACT,242654454150,"['580530702853', '761892421024', '77934669093', '201164522483', '617322183157', '336991228609', '973832055916', '809524434757', '35950649109', '715963200675', '242190620765']",580530702853,0,False,ingest_batch_0001.csv,11,False,4403d714-4980-41f7-aaf5-1fe4e5e8edf9,2026-08-31,TIER_1_EXACT,rule_engine,0,580530702853,242654454150,ACC#00001,USD,43726100.00,43726100.00,2023-03-05,2023-03-05,008208652 41477 OKET481 L9IE2ID                                                                 UPCLOSER MONOCOQUE GAB -,VOLERY 3399315666FP,ingest_batch_0001.csv
TIER_1_EXACT,881938024675,"['967469393415', '108418901849', '80102757515']",967469393415,0,False,ingest_batch_0001.csv,3,False,f3235cc5-37ed-48d3-9af3-519a0f818269,2026-08-31,TIER_1_EXACT,rule_engine,0,967469393415,881938024675,ACC#00001,USD,34231125.50,34231125.50,2023-03-05,2023-03-05,008203049 41477 MOZO702 L9IE28F                                                                 JOQVY H.C. ZUCCHINIS TENT,VOLERY 3399453666FP,ingest_batch_0001.csv
TIER_1_EXACT,928226677486,"['961046323692', '778712413339', '134748876965', '231499868688', '597913933334', '828100129195', '732872833593', '958000852318', '271097358549', '663436293575', '648596890428', '266320339829', '504192101334', '86052369141', '87538002211', '306067547937', '575852635597', '214176426045', '109954043300', '925305231353', '56794090735', '216175046342', '316486445695', '15149193656', '823216519586', '579934389547', '619567533809', '59619221737', '45005280775', '127624532995']",961046323692,0,False,ingest_batch_0001.csv,30,False,565f1635-7066-434a-9607-ab87b4ed1faf,2026-08-31,TIER_1_EXACT,rule_engine,0,961046323692,928226677486,ACC#00001,USD,50542100.00,50542100.00,2023-03-05,2023-03-05,008208643 41477 OKET484 L9IE2DJ                                                                 UPCLOSER MONOCOQUE GAB -,VOLERY 3399894666FP,ingest_batch_0001.csv
TIER_1_EXACT,583673656783,"['243160886294', '393295213436']",243160886294,0,False,ingest_batch_0001.csv,2,False,ce888f59-852c-4f76-8d51-cfde67b0463c,2026-08-31,TIER_1_EXACT,rule_engine,0,243160886294,583673656783,ACC#00001,USD,-737857.94,-737857.94,2023-03-05,2023-03-05,008459795 15574 OKET481                                                                         JACKPLANE AVIARY PANTOPOD,VOLERY 3395878666FP,ingest_batch_0001.csv
TIER_1_EXACT,227215363027,"['885578425387', '638158327565', '757617670176']",885578425387,0,False,ingest_batch_0001.csv,3,False,0aece18e-fd8e-4c70-b2ac-a9966d6c496b,2026-08-31,TIER_1_EXACT,rule_engine,0,885578425387,227215363027,ACC#00001,USD,-1159150.00,-1159150.00,2023-03-05,2023-03-05,008445467 12667 AUG0856                                                                         DUPPY GEOMETRINE INTERSEX,VOLERY 3466695666FP,ingest_batch_0001.csv
TIER_2_DATE_TOLERANCE,586596332167,"['755326966137', '650623652578']",755326966137,0,False,ingest_batch_0001.csv,2,False,8387959c-0086-4227-8567-91abaab8c2cd,2026-08-31,TIER_2_DATE_TOLERANCE,rule_engine,0,755326966137,586596332167,ACC#00001,USD,1690.00,-1690.00,2023-03-08,2023-03-05,6L67656I606L6V62 626-656I676L6I6M                                                                **UPCLOSER QUETCH AUANTIC,66631YT 8066969102WT,ingest_batch_0001.csv
TIER_4_AMOUNT_TOLERANCE,22691787073,"['382077073044', '842457345063', '823197397959', '881992115441', '728897405251']",382077073044,0,False,ingest_batch_0001.csv,5,False,a1ffb917-74e5-4a34-9224-66a834caca19,2026-08-31,TIER_4_AMOUNT_TOLERANCE,rule_engine,0,382077073044,22691787073,ACC#00001,USD,32112256.53,32112256.54,2023-03-05,2023-03-05,008260037 41477 MOZO702 L9IE89U                                                                 UPCLOSER MONOCOQUE GAB -,VOLERY 3399337666FP,ingest_batch_0001.csv
TIER_1_EXACT,375927447228,"['481167657935', '114066334529', '131337710469', '454862586499', '679799366782', '529075649894', '402959158860', '558912811465', '236465589734', '411179755796', '185355302949', '731411426050', '14291092389', '439408528102', '560619692957', '629677261633', '46751784980', '191550783767', '647092811967', '109509767630', '272214218342', '747624900543', '541219568659', '213078951224', '393378757510', '847833819077', '261082264295', '459478784298', '150262174723', '471488049694', '900714240805', '916909970832']",481167657935,0,False,ingest_batch_0001.csv,32,False,302b09b6-d549-4ff6-aca5-d44dccf1e5aa,2026-08-31,TIER_1_EXACT,rule_engine,0,481167657935,375927447228,ACC#00001,USD,-50541845.81,-50541845.81,2023-03-05,2023-03-05,008267481 41477 OKET484 L9IE3SP                                                                 UPCLOSER MONOCOQUE GAB -,VOLERY 3395888666FP,ingest_batch_0001.csv
TIER_1_EXACT,126513547052,"['778712413339', '134748876965', '231499868688', '597913933334', '828100129195', '732872833593', '958000852318', '271097358549', '663436293575', '648596890428', '266320339829', '504192101334', '86052369141', '87538002211', '306067547937', '575852635597', '214176426045', '109954043300', '925305231353', '56794090735', '216175046342', '316486445695', '15149193656', '823216519586', '579934389547', '619567533809', '59619221737', '45005280775', '127624532995']",778712413339,0,False,ingest_batch_0001.csv,29,False,f366eeea-d650-4ea2-b65d-7611d896d66c,2026-08-31,TIER_1_EXACT,rule_engine,0,778712413339,126513547052,ACC#00001,USD,50542100.00,50542100.00,2023-03-05,2023-03-05,008208643 41477 OKET484 L9IE2DJ                                                                 UPCLOSER MONOCOQUE GAB -,VOLERY 3399369666FP,ingest_batch_0001.csv
TIER_4_AMOUNT_TOLERANCE,373422430246,"['842457345063', '823197397959', '881992115441', '728897405251']",842457345063,0,False,ingest_batch_0001.csv,4,False,96fb5472-cfed-4850-a389-323f1bc85fca,2026-08-31,TIER_4_AMOUNT_TOLERANCE,rule_engine,0,842457345063,373422430246,ACC#00001,USD,32112256.53,32112256.54,2023-03-05,2023-03-05,008260037 41477 MOZO702 L9IE89U                                                                 UPCLOSER MONOCOQUE GAB -,VOLERY 3399820666FP,ingest_batch_0001.csv
TIER_1_EXACT,792315743950,"['134748876965', '231499868688', '597913933334', '828100129195', '732872833593', '958000852318', '271097358549', '663436293575', '648596890428', '266320339829', '504192101334', '86052369141', '87538002211', '306067547937', '575852635597', '214176426045', '109954043300', '925305231353', '56794090735', '216175046342', '316486445695', '15149193656', '823216519586', '579934389547', '619567533809', '59619221737', '45005280775', '127624532995']",134748876965,0,False,ingest_batch_0001.csv,28,False,24d144e1-2704-4b53-b82d-dcbaea54f0c6,2026-08-31,TIER_1_EXACT,rule_engine,0,134748876965,792315743950,ACC#00001,USD,50542100.00,50542100.00,2023-03-05,2023-03-05,008208643 41477 OKET484 L9IE2DJ                                                                 UPCLOSER MONOCOQUE GAB -,VOLERY 3399892666FP,ingest_batch_0001.csv
TIER_1_EXACT,551869276783,"['124795823626', '699179680990']",124795823626,0,False,ingest_batch_0001.csv,2,False,3c606295-2b85-4479-88ca-88a066df8fb9,2026-08-31,TIER_1_EXACT,rule_engine,0,124795823626,551869276783,ACC#00001,USD,-48660000.00,-48660000.00,2023-03-05,2023-03-05,008208642 41477 NAPE580 L9IE2DH                                                                 UPCLOSER MONOCOQUE GAB -,VOLERY 3395301666FP,ingest_batch_0001.csv
TIER_1_EXACT,498219716951,"['231499868688', '597913933334', '828100129195', '732872833593', '958000852318', '271097358549', '663436293575', '648596890428', '266320339829', '504192101334', '86052369141', '87538002211', '306067547937', '575852635597', '214176426045', '109954043300', '925305231353', '56794090735', '216175046342', '316486445695', '15149193656', '823216519586', '579934389547', '619567533809', '59619221737', '45005280775', '127624532995']",231499868688,0,False,ingest_batch_0001.csv,27,False,be034eee-e83a-4bd4-93c7-9c174bf557b3,2026-08-31,TIER_1_EXACT,rule_engine,0,231499868688,498219716951,ACC#00001,USD,50542100.00,50542100.00,2023-03-05,2023-03-05,008208643 41477 OKET484 L9IE2DJ                                                                 UPCLOSER MONOCOQUE GAB -,VOLERY 3399301666FP,ingest_batch_0001.csv
TIER_1_EXACT,55031072898,"['161696674448', '844071755423', '496821694329', '133851228158', '916006821777', '247960793436', '164535240845', '581554053093', '707303040753', '494225322841', '53015696742', '937469836935', '911122414856', '886346790346', '277293527921']",161696674448,0,False,ingest_batch_0001.csv,15,False,fa6c0c02-c562-4851-9e7f-a922e5191e9d,2026-08-31,TIER_1_EXACT,rule_engine,0,161696674448,55031072898,ACC#00001,USD,-50542182.76,-50542182.76,2023-03-05,2023-03-05,008267441 41477 OKET481 L9IE3FE                                                                 UPCLOSER MONOCOQUE GAB -,VOLERY 3395829666FP,ingest_batch_0001.csv
TIER_1_EXACT,900511207312,"['114066334529', '131337710469', '454862586499', '679799366782', '529075649894', '402959158860', '558912811465', '236465589734', '411179755796', '185355302949', '731411426050', '14291092389', '439408528102', '560619692957', '629677261633', '46751784980', '191550783767', '647092811967', '109509767630', '272214218342', '747624900543', '541219568659', '213078951224', '393378757510', '847833819077', '261082264295', '459478784298', '150262174723', '471488049694', '900714240805', '916909970832']",114066334529,0,False,ingest_batch_0001.csv,31,False,6f1626ce-35c8-4722-ae82-86fbb2e5bc02,2026-08-31,TIER_1_EXACT,rule_engine,0,114066334529,900511207312,ACC#00001,USD,-50541845.81,-50541845.81,2023-03-05,2023-03-05,008267481 41477 OKET484 L9IE3SP                                                                 UPCLOSER MONOCOQUE GAB -,VOLERY 3395812666FP,ingest_batch_0001.csv
TIER_1_EXACT,737872520458,"['245738866699', '257194744000']",245738866699,0,False,ingest_batch_0001.csv,2,False,38706f6e-beaa-43d2-a055-81cbbae70e42,2026-08-31,TIER_1_EXACT,rule_engine,0,245738866699,737872520458,ACC#00001,USD,-55546200.00,-55546200.00,2023-03-05,2023-03-05,008208626 41477 OKET746 L9IE2DE                                                                 UPCLOSER MONOCOQUE GAB -,VOLERY 3395304666FP,ingest_batch_0001.csv
TIER_1_EXACT,351792386869,"['131337710469', '454862586499', '679799366782', '529075649894', '402959158860', '558912811465', '236465589734', '411179755796', '185355302949', '731411426050', '14291092389', '439408528102', '560619692957', '629677261633', '46751784980', '191550783767', '647092811967', '109509767630', '272214218342', '747624900543', '541219568659', '213078951224', '393378757510', '847833819077', '261082264295', '459478784298', '150262174723', '471488049694', '900714240805', '916909970832']",131337710469,0,False,ingest_batch_0001.csv,30,False,efa6ad23-1af7-42a6-9f76-434ee4766a48,2026-08-31,TIER_1_EXACT,rule_engine,0,131337710469,351792386869,ACC#00001,USD,-50541845.81,-50541845.81,2023-03-05,2023-03-05,008267481 41477 OKET484 L9IE3SP                                                                 UPCLOSER MONOCOQUE GAB -,VOLERY 3395836666FP,ingest_batch_0001.csv
TIER_1_EXACT,19684960729,"['844071755423', '496821694329', '133851228158', '916006821777', '247960793436', '164535240845', '581554053093', '707303040753', '494225322841', '53015696742', '937469836935', '911122414856', '886346790346', '277293527921']",844071755423,0,False,ingest_batch_0001.csv,14,False,dcef8d10-b53a-440d-a704-0a498a501153,2026-08-31,TIER_1_EXACT,rule_engine,0,844071755423,19684960729,ACC#00001,USD,-50542182.76,-50542182.76,2023-03-05,2023-03-05,008267441 41477 OKET481 L9IE3FE                                                                 UPCLOSER MONOCOQUE GAB -,VOLERY 3395853666FP,ingest_batch_0001.csv
TIER_1_EXACT,786706289538,"['638158327565', '757617670176']",638158327565,0,False,ingest_batch_0001.csv,2,False,048f1346-d518-41a9-955f-79afe86c762e,2026-08-31,TIER_1_EXACT,rule_engine,0,638158327565,786706289538,ACC#00001,USD,-1159150.00,-1159150.00,2023-03-05,2023-03-05,008448294 12667 AUG0856                                                                         TYPY HODFUL NAIL BUT GAUR,VOLERY 3466696666FP,ingest_batch_0001.csv
TIER_1_EXACT,461776077603,"['761892421024', '77934669093', '201164522483', '617322183157', '336991228609', '973832055916', '809524434757', '35950649109', '715963200675', '242190620765']",761892421024,0,False,ingest_batch_0001.csv,10,False,d025c403-fd86-407a-8e7b-818da4a56d6c,2026-08-31,TIER_1_EXACT,rule_engine,0,761892421024,461776077603,ACC#00001,USD,43726100.00,43726100.00,2023-03-05,2023-03-05,008208652 41477 OKET481 L9IE2ID                                                                 UPCLOSER MONOCOQUE GAB -,VOLERY 3399381666FP,ingest_batch_0001.csv
TIER_1_EXACT,365288948477,"['217004451209', '786266571662', '550457470516']",217004451209,0,False,ingest_batch_0001.csv,3,False,d940ee19-c284-4689-a17d-712e93611578,2026-08-31,TIER_1_EXACT,rule_engine,0,217004451209,365288948477,ACC#00001,USD,59980212.27,59980212.27,2023-03-05,2023-03-05,008267435 41477 NAPE159 L9IE3ND                                                                 UPCLOSER MONOCOQUE GAB -,VOLERY 3399846666FP,ingest_batch_0001.csv
TIER_1_EXACT,294587022047,"['979888782543', '609873023645']",979888782543,0,False,ingest_batch_0001.csv,2,False,a1d73e00-a860-473d-ad20-f6e88b42dc2f,2026-08-31,TIER_1_EXACT,rule_engine,0,979888782543,294587022047,ACC#00001,USD,-35184100.00,-35184100.00,2023-03-05,2023-03-05,008424235 41416 MOZO637 L9HG922                                                                 UPCLOSER MONOCOQUE GAB -,VOLERY 3395877666FP,ingest_batch_0001.csv
TIER_4_AMOUNT_TOLERANCE,894499724794,"['823197397959', '881992115441', '728897405251']",823197397959,0,False,ingest_batch_0001.csv,3,False,f3b5a42b-1ffd-428c-9b80-d5c960f37fd6,2026-08-31,TIER_4_AMOUNT_TOLERANCE,rule_engine,0,823197397959,894499724794,ACC#00001,USD,32112256.53,32112256.54,2023-03-05,2023-03-05,008260037 41477 MOZO702 L9IE89U                                                                 UPCLOSER MONOCOQUE GAB -,VOLERY 3399826666FP,ingest_batch_0001.csv
TIER_1_EXACT,845887029551,"['597913933334', '828100129195', '732872833593', '958000852318', '271097358549', '663436293575', '648596890428', '266320339829', '504192101334', '86052369141', '87538002211', '306067547937', '575852635597', '214176426045', '109954043300', '925305231353', '56794090735', '216175046342', '316486445695', '15149193656', '823216519586', '579934389547', '619567533809', '59619221737', '45005280775', '127624532995']",597913933334,0,False,ingest_batch_0001.csv,26,False,02044a99-4e5e-4d49-8b2d-5c9dac9788e1,2026-08-31,TIER_1_EXACT,rule_engine,0,597913933334,845887029551,ACC#00001,USD,50542100.00,50542100.00,2023-03-05,2023-03-05,008208643 41477 OKET484 L9IE2DJ                                                                 UPCLOSER MONOCOQUE GAB -,VOLERY 3399850666FP,ingest_batch_0001.csv
TIER_1_EXACT,735969924422,"['454862586499', '679799366782', '529075649894', '402959158860', '558912811465', '236465589734', '411179755796', '185355302949', '731411426050', '14291092389', '439408528102', '560619692957', '629677261633', '46751784980', '191550783767', '647092811967', '109509767630', '272214218342', '747624900543', '541219568659', '213078951224', '393378757510', '847833819077', '261082264295', '459478784298', '150262174723', '471488049694', '900714240805', '916909970832']",454862586499,0,False,ingest_batch_0001.csv,29,False,86a0e61b-264f-4d4d-b261-0162c0d15734,2026-08-31,TIER_1_EXACT,rule_engine,0,454862586499,735969924422,ACC#00001,USD,-50541845.81,-50541845.81,2023-03-05,2023-03-05,008267481 41477 OKET484 L9IE3SP                                                                 UPCLOSER MONOCOQUE GAB -,VOLERY 3395811666FP,ingest_batch_0001.csv
TIER_1_EXACT,850704521622,"['496821694329', '133851228158', '916006821777', '247960793436', '164535240845', '581554053093', '707303040753', '494225322841', '53015696742', '937469836935', '911122414856', '886346790346', '277293527921']",496821694329,0,False,ingest_batch_0001.csv,13,False,dd015e09-fa55-40a8-b9ec-868bf8f05c2b,2026-08-31,TIER_1_EXACT,rule_engine,0,496821694329,850704521622,ACC#00001,USD,-50542182.76,-50542182.76,2023-03-05,2023-03-05,008267441 41477 OKET481 L9IE3FE                                                                 UPCLOSER MONOCOQUE GAB -,VOLERY 3395824666FP,ingest_batch_0001.csv
TIER_1_EXACT,187908639319,"['103295883780', '236680100476', '87669556366', '76350576849']",103295883780,0,False,ingest_batch_0001.csv,4,False,b81d68bb-a821-4f30-9e97-e933ac87f6d5,2026-08-31,TIER_1_EXACT,rule_engine,0,103295883780,187908639319,ACC#00001,USD,-34269218.51,-34269218.51,2023-03-05,2023-03-05,008200443 41477 MOZO702 L9IE2Y2                                                                 UPCLOSER MONOCOQUE GAB -,VOLERY 3395362666FP,ingest_batch_0001.csv
TIER_1_EXACT,982398617297,"['236680100476', '87669556366', '76350576849']",236680100476,0,False,ingest_batch_0001.csv,3,False,1eb9d733-5ee8-491e-aa98-e2e0f0a0da9c,2026-08-31,TIER_1_EXACT,rule_engine,0,236680100476,982398617297,ACC#00001,USD,-34269218.51,-34269218.51,2023-03-05,2023-03-05,008200443 41477 MOZO702 L9IE2Y2                                                                 UPCLOSER MONOCOQUE GAB -,VOLERY 3395363666FP,ingest_batch_0001.csv
TIER_1_EXACT,373499266506,"['810757489963', '964327791247', '192746057945']",810757489963,0,False,ingest_batch_0001.csv,3,False,2eeb19f9-bd96-4f2f-ab6f-4bfa90a1ea29,2026-08-31,TIER_1_EXACT,rule_engine,0,810757489963,373499266506,ACC#00001,USD,-124598.49,124598.49,2023-03-05,2023-03-05,008261621 67888 CHOIL61 L9IE3S4                                                                 JO TONITE ETHERIFIES GAB,VOLERY 3399385666FP,ingest_batch_0001.csv
TIER_1_EXACT,646096553004,"['423148581268', '979150614928', '257481660020', '345537721759', '529869601240']",423148581268,0,False,ingest_batch_0001.csv,5,False,c59e1bc3-2761-4354-8d91-a904d9153203,2026-08-31,TIER_1_EXACT,rule_engine,0,423148581268,646096553004,ACC#00001,USD,-32083311.80,-32083311.80,2023-03-05,2023-03-05,008261117 41477 MOZO702 L9IE3ZH                                                                 JOQVY H.C. ZUCCHINIS TENT,VOLERY 3399872666FP,ingest_batch_0001.csv
TIER_1_EXACT,523838382765,"['133851228158', '916006821777', '247960793436', '164535240845', '581554053093', '707303040753', '494225322841', '53015696742', '937469836935', '911122414856', '886346790346', '277293527921']",133851228158,0,False,ingest_batch_0001.csv,12,False,efa56abd-2b25-4a86-a087-93587bd038d4,2026-08-31,TIER_1_EXACT,rule_engine,0,133851228158,523838382765,ACC#00001,USD,-50542182.76,-50542182.76,2023-03-05,2023-03-05,008267441 41477 OKET481 L9IE3FE                                                                 UPCLOSER MONOCOQUE GAB -,VOLERY 3395852666FP,ingest_batch_0001.csv
TIER_1_EXACT,86180660249,"['679799366782', '529075649894', '402959158860', '558912811465', '236465589734', '411179755796', '185355302949', '731411426050', '14291092389', '439408528102', '560619692957', '629677261633', '46751784980', '191550783767', '647092811967', '109509767630', '272214218342', '747624900543', '541219568659', '213078951224', '393378757510', '847833819077', '261082264295', '459478784298', '150262174723', '471488049694', '900714240805', '916909970832']",679799366782,0,False,ingest_batch_0001.csv,28,False,db5f4b62-b32f-4868-86e0-91bd38081948,2026-08-31,TIER_1_EXACT,rule_engine,0,679799366782,86180660249,ACC#00001,USD,-50541845.81,-50541845.81,2023-03-05,2023-03-05,008267481 41477 OKET484 L9IE3SP                                                                 UPCLOSER MONOCOQUE GAB -,VOLERY 3395814666FP,ingest_batch_0001.csv
TIER_1_EXACT,944631409211,"['529075649894', '402959158860', '558912811465', '236465589734', '411179755796', '185355302949', '731411426050', '14291092389', '439408528102', '560619692957', '629677261633', '46751784980', '191550783767', '647092811967', '109509767630', '272214218342', '747624900543', '541219568659', '213078951224', '393378757510', '847833819077', '261082264295', '459478784298', '150262174723', '471488049694', '900714240805', '916909970832']",529075649894,0,False,ingest_batch_0001.csv,27,False,a446030a-d478-4eb2-aa39-ea94e961d5cc,2026-08-31,TIER_1_EXACT,rule_engine,0,529075649894,944631409211,ACC#00001,USD,-50541845.81,-50541845.81,2023-03-05,2023-03-05,008267481 41477 OKET484 L9IE3SP                                                                 UPCLOSER MONOCOQUE GAB -,VOLERY 3395819666FP,ingest_batch_0001.csv
TIER_1_EXACT,935526566779,"['402959158860', '558912811465', '236465589734', '411179755796', '185355302949', '731411426050', '14291092389', '439408528102', '560619692957', '629677261633', '46751784980', '191550783767', '647092811967', '109509767630', '272214218342', '747624900543', '541219568659', '213078951224', '393378757510', '847833819077', '261082264295', '459478784298', '150262174723', '471488049694', '900714240805', '916909970832']",402959158860,0,False,ingest_batch_0001.csv,26,False,5cdf5664-3ee3-40bf-bc5b-6cb11bfe7edf,2026-08-31,TIER_1_EXACT,rule_engine,0,402959158860,935526566779,ACC#00001,USD,-50541845.81,-50541845.81,2023-03-05,2023-03-05,008267481 41477 OKET484 L9IE3SP                                                                 UPCLOSER MONOCOQUE GAB -,VOLERY 3395848666FP,ingest_batch_0001.csv
TIER_1_EXACT,354692036943,"['916006821777', '247960793436', '164535240845', '581554053093', '707303040753', '494225322841', '53015696742', '937469836935', '911122414856', '886346790346', '277293527921']",916006821777,0,False,ingest_batch_0001.csv,11,False,db6b85db-6bee-4ce1-847c-26583d7c9701,2026-08-31,TIER_1_EXACT,rule_engine,0,916006821777,354692036943,ACC#00001,USD,-50542182.76,-50542182.76,2023-03-05,2023-03-05,008267441 41477 OKET481 L9IE3FE                                                                 UPCLOSER MONOCOQUE GAB -,VOLERY 3395854666FP,ingest_batch_0001.csv
TIER_1_EXACT,11610757948,"['828100129195', '732872833593', '958000852318', '271097358549', '663436293575', '648596890428', '266320339829', '504192101334', '86052369141', '87538002211', '306067547937', '575852635597', '214176426045', '109954043300', '925305231353', '56794090735', '216175046342', '316486445695', '15149193656', '823216519586', '579934389547', '619567533809', '59619221737', '45005280775', '127624532995']",828100129195,0,False,ingest_batch_0001.csv,25,False,ce552843-3015-44fa-af80-5e519739ae5a,2026-08-31,TIER_1_EXACT,rule_engine,0,828100129195,11610757948,ACC#00001,USD,50542100.00,50542100.00,2023-03-05,2023-03-05,008208643 41477 OKET484 L9IE2DJ                                                                 UPCLOSER MONOCOQUE GAB -,VOLERY 3399896666FP,ingest_batch_0001.csv
TIER_1_EXACT,45941749725,"['558912811465', '236465589734', '411179755796', '185355302949', '731411426050', '14291092389', '439408528102', '560619692957', '629677261633', '46751784980', '191550783767', '647092811967', '109509767630', '272214218342', '747624900543', '541219568659', '213078951224', '393378757510', '847833819077', '261082264295', '459478784298', '150262174723', '471488049694', '900714240805', '916909970832']",558912811465,0,False,ingest_batch_0001.csv,25,False,64833994-9391-4be3-aa18-5d4b9dc2ebf5,2026-08-31,TIER_1_EXACT,rule_engine,0,558912811465,45941749725,ACC#00001,USD,-50541845.81,-50541845.81,2023-03-05,2023-03-05,008267481 41477 OKET484 L9IE3SP                                                                 UPCLOSER MONOCOQUE GAB -,VOLERY 3395882666FP,ingest_batch_0001.csv
TIER_1_EXACT,998013621356,"['236465589734', '411179755796', '185355302949', '731411426050', '14291092389', '439408528102', '560619692957', '629677261633', '46751784980', '191550783767', '647092811967', '109509767630', '272214218342', '747624900543', '541219568659', '213078951224', '393378757510', '847833819077', '261082264295', '459478784298', '150262174723', '471488049694', '900714240805', '916909970832']",236465589734,0,False,ingest_batch_0001.csv,24,False,7c0b9fb6-9d42-4364-88d4-d5055041f59b,2026-08-31,TIER_1_EXACT,rule_engine,0,236465589734,998013621356,ACC#00001,USD,-50541845.81,-50541845.81,2023-03-05,2023-03-05,008267481 41477 OKET484 L9IE3SP                                                                 UPCLOSER MONOCOQUE GAB -,VOLERY 3395885666FP,ingest_batch_0001.csv
TIER_1_EXACT,46144927063,"['732872833593', '958000852318', '271097358549', '663436293575', '648596890428', '266320339829', '504192101334', '86052369141', '87538002211', '306067547937', '575852635597', '214176426045', '109954043300', '925305231353', '56794090735', '216175046342', '316486445695', '15149193656', '823216519586', '579934389547', '619567533809', '59619221737', '45005280775', '127624532995']",732872833593,0,False,ingest_batch_0001.csv,24,False,a88db9d6-fff7-4354-9137-f0c800c3f07f,2026-08-31,TIER_1_EXACT,rule_engine,0,732872833593,46144927063,ACC#00001,USD,50542100.00,50542100.00,2023-03-05,2023-03-05,008208643 41477 OKET484 L9IE2DJ                                                                 UPCLOSER MONOCOQUE GAB -,VOLERY 3399367666FP,ingest_batch_0001.csv
TIER_1_EXACT,19474013408,"['411179755796', '185355302949', '731411426050', '14291092389', '439408528102', '560619692957', '629677261633', '46751784980', '191550783767', '647092811967', '109509767630', '272214218342', '747624900543', '541219568659', '213078951224', '393378757510', '847833819077', '261082264295', '459478784298', '150262174723', '471488049694', '900714240805', '916909970832']",411179755796,0,False,ingest_batch_0001.csv,23,False,fc738f03-e173-483b-bff3-6edf44f91ab3,2026-08-31,TIER_1_EXACT,rule_engine,0,411179755796,19474013408,ACC#00001,USD,-50541845.81,-50541845.81,2023-03-05,2023-03-05,008267481 41477 OKET484 L9IE3SP                                                                 UPCLOSER MONOCOQUE GAB -,VOLERY 3395838666FP,ingest_batch_0001.csv
TIER_1_EXACT,718342247553,"['958000852318', '271097358549', '663436293575', '648596890428', '266320339829', '504192101334', '86052369141', '87538002211', '306067547937', '575852635597', '214176426045', '109954043300', '925305231353', '56794090735', '216175046342', '316486445695', '15149193656', '823216519586', '579934389547', '619567533809', '59619221737', '45005280775', '127624532995']",958000852318,0,False,ingest_batch_0001.csv,23,False,044cbd9f-5a3d-4296-a46e-b2edf3789bae,2026-08-31,TIER_1_EXACT,rule_engine,0,958000852318,718342247553,ACC#00001,USD,50542100.00,50542100.00,2023-03-05,2023-03-05,008208643 41477 OKET484 L9IE2DJ                                                                 UPCLOSER MONOCOQUE GAB -,VOLERY 3399897666FP,ingest_batch_0001.csv
TIER_1_EXACT,54265083299,"['247960793436', '164535240845', '581554053093', '707303040753', '494225322841', '53015696742', '937469836935', '911122414856', '886346790346', '277293527921']",247960793436,0,False,ingest_batch_0001.csv,10,False,4b08b4b3-192f-499d-8d4e-27535803116b,2026-08-31,TIER_1_EXACT,rule_engine,0,247960793436,54265083299,ACC#00001,USD,-50542182.76,-50542182.76,2023-03-05,2023-03-05,008267441 41477 OKET481 L9IE3FE                                                                 UPCLOSER MONOCOQUE GAB -,VOLERY 3395856666FP,ingest_batch_0001.csv
TIER_1_EXACT,475188896878,"['164535240845', '581554053093', '707303040753', '494225322841', '53015696742', '937469836935', '911122414856', '886346790346', '277293527921']",164535240845,0,False,ingest_batch_0001.csv,9,False,72e3255f-392b-46b5-ade2-368375ea6f4c,2026-08-31,TIER_1_EXACT,rule_engine,0,164535240845,475188896878,ACC#00001,USD,-50542182.76,-50542182.76,2023-03-05,2023-03-05,008267441 41477 OKET481 L9IE3FE                                                                 UPCLOSER MONOCOQUE GAB -,VOLERY 3395850666FP,ingest_batch_0001.csv
TIER_1_EXACT,316782040263,"['581554053093', '707303040753', '494225322841', '53015696742', '937469836935', '911122414856', '886346790346', '277293527921']",581554053093,0,False,ingest_batch_0001.csv,8,False,da7b0204-a032-4640-b574-7c72124b6580,2026-08-31,TIER_1_EXACT,rule_engine,0,581554053093,316782040263,ACC#00001,USD,-50542182.76,-50542182.76,2023-03-05,2023-03-05,008267441 41477 OKET481 L9IE3FE                                                                 UPCLOSER MONOCOQUE GAB -,VOLERY 3395890666FP,ingest_batch_0001.csv
TIER_1_EXACT,408571542428,"['271097358549', '663436293575', '648596890428', '266320339829', '504192101334', '86052369141', '87538002211', '306067547937', '575852635597', '214176426045', '109954043300', '925305231353', '56794090735', '216175046342', '316486445695', '15149193656', '823216519586', '579934389547', '619567533809', '59619221737', '45005280775', '127624532995']",271097358549,0,False,ingest_batch_0001.csv,22,False,4ba22683-d1c7-464b-997c-a658fc2d5957,2026-08-31,TIER_1_EXACT,rule_engine,0,271097358549,408571542428,ACC#00001,USD,50542100.00,50542100.00,2023-03-05,2023-03-05,008208643 41477 OKET484 L9IE2DJ                                                                 UPCLOSER MONOCOQUE GAB -,VOLERY 3399361666FP,ingest_batch_0001.csv
TIER_1_EXACT,289675469116,"['185355302949', '731411426050', '14291092389', '439408528102', '560619692957', '629677261633', '46751784980', '191550783767', '647092811967', '109509767630', '272214218342', '747624900543', '541219568659', '213078951224', '393378757510', '847833819077', '261082264295', '459478784298', '150262174723', '471488049694', '900714240805', '916909970832']",185355302949,0,False,ingest_batch_0001.csv,22,False,a4e91597-7f59-4ca4-b845-aed25ab482ef,2026-08-31,TIER_1_EXACT,rule_engine,0,185355302949,289675469116,ACC#00001,USD,-50541845.81,-50541845.81,2023-03-05,2023-03-05,008267481 41477 OKET484 L9IE3SP                                                                 UPCLOSER MONOCOQUE GAB -,VOLERY 3395815666FP,ingest_batch_0001.csv
TIER_1_EXACT,287490735751,"['108418901849', '80102757515']",108418901849,0,False,ingest_batch_0001.csv,2,False,c74d8483-7a1c-4e0e-8dbf-5467fe768124,2026-08-31,TIER_1_EXACT,rule_engine,0,108418901849,287490735751,ACC#00001,USD,34231125.50,34231125.50,2023-03-05,2023-03-05,008203049 41477 MOZO702 L9IE28F                                                                 JOQVY H.C. ZUCCHINIS TENT,VOLERY 3399454666FP,ingest_batch_0001.csv
TIER_1_EXACT,749569363550,"['566065624018', '161881865385', '655269256782']",566065624018,0,False,ingest_batch_0001.csv,3,False,a901786d-e96f-4916-b95b-94843fe7179d,2026-08-31,TIER_1_EXACT,rule_engine,0,566065624018,749569363550,ACC#00001,USD,55115500.00,55115500.00,2023-03-05,2023-03-05,008208628 41477 OKET487 L9IE2OH                                                                 UPCLOSER MONOCOQUE GAB -,VOLERY 3399370666FP,ingest_batch_0001.csv
TIER_1_EXACT,717205900437,"['707303040753', '494225322841', '53015696742', '937469836935', '911122414856', '886346790346', '277293527921']",707303040753,0,False,ingest_batch_0001.csv,7,False,9b5f4b78-fa49-4970-a1d5-e79269a2c47e,2026-08-31,TIER_1_EXACT,rule_engine,0,707303040753,717205900437,ACC#00001,USD,-50542182.76,-50542182.76,2023-03-05,2023-03-05,008267441 41477 OKET481 L9IE3FE                                                                 UPCLOSER MONOCOQUE GAB -,VOLERY 3395857666FP,ingest_batch_0001.csv
TIER_1_EXACT,534088941281,"['786266571662', '550457470516']",786266571662,0,False,ingest_batch_0001.csv,2,False,9ebca6cf-ab17-445d-872e-948dd5c251ea,2026-08-31,TIER_1_EXACT,rule_engine,0,786266571662,534088941281,ACC#00001,USD,59980212.27,59980212.27,2023-03-05,2023-03-05,008267435 41477 NAPE159 L9IE3ND                                                                 UPCLOSER MONOCOQUE GAB -,VOLERY 3399839666FP,ingest_batch_0001.csv
TIER_1_EXACT,79704936177,"['979150614928', '257481660020', '345537721759', '529869601240']",979150614928,0,False,ingest_batch_0001.csv,4,False,520bdf94-df1a-43ce-a28d-e39550783bd2,2026-08-31,TIER_1_EXACT,rule_engine,0,979150614928,79704936177,ACC#00001,USD,-32083311.80,-32083311.80,2023-03-05,2023-03-05,008261117 41477 MOZO702 L9IE3ZH                                                                 JOQVY H.C. ZUCCHINIS TENT,VOLERY 3399871666FP,ingest_batch_0001.csv
TIER_1_EXACT,722368795913,"['360791666812', '723971622423']",360791666812,1,True,ingest_batch_0001.csv,2,True,ec25e3ba-6559-453a-8b01-c15463adbc77,2026-08-31,TIER_1_EXACT,rule_engine,0,360791666812,722368795913,ACC#00001,USD,-4777372.40,-4777372.40,2023-03-05,2023-03-05,09177260 CHUETA2787JOQG7U                                                                JO TONITE CROM  667764757,V055202000640968 1694666102VI,ingest_batch_0001.csv
TIER_4_AMOUNT_TOLERANCE,484722453020,"['881992115441', '728897405251']",881992115441,0,False,ingest_batch_0001.csv,2,False,e8889023-51f5-4d25-8049-dfa31fcb061c,2026-08-31,TIER_4_AMOUNT_TOLERANCE,rule_engine,0,881992115441,484722453020,ACC#00001,USD,32112256.53,32112256.54,2023-03-05,2023-03-05,008260037 41477 MOZO702 L9IE89U                                                                 UPCLOSER MONOCOQUE GAB -,VOLERY 3399827666FP,ingest_batch_0001.csv
TIER_1_EXACT,546476452721,"['494225322841', '53015696742', '937469836935', '911122414856', '886346790346', '277293527921']",494225322841,0,False,ingest_batch_0001.csv,6,False,e4240e31-fd94-4fb0-9afd-a26b4581482f,2026-08-31,TIER_1_EXACT,rule_engine,0,494225322841,546476452721,ACC#00001,USD,-50542182.76,-50542182.76,2023-03-05,2023-03-05,008267441 41477 OKET481 L9IE3FE                                                                 UPCLOSER MONOCOQUE GAB -,VOLERY 3395823666FP,ingest_batch_0001.csv
TIER_1_EXACT,500310075807,"['53015696742', '937469836935', '911122414856', '886346790346', '277293527921']",53015696742,0,False,ingest_batch_0001.csv,5,False,77b5bf7d-315b-4dd2-8c7d-dde64bfb5198,2026-08-31,TIER_1_EXACT,rule_engine,0,53015696742,500310075807,ACC#00001,USD,-50542182.76,-50542182.76,2023-03-05,2023-03-05,008267441 41477 OKET481 L9IE3FE                                                                 UPCLOSER MONOCOQUE GAB -,VOLERY 3395859666FP,ingest_batch_0001.csv
TIER_1_EXACT,768453711361,"['731411426050', '14291092389', '439408528102', '560619692957', '629677261633', '46751784980', '191550783767', '647092811967', '109509767630', '272214218342', '747624900543', '541219568659', '213078951224', '393378757510', '847833819077', '261082264295', '459478784298', '150262174723', '471488049694', '900714240805', '916909970832']",731411426050,0,False,ingest_batch_0001.csv,21,False,ffc94320-b648-49e4-b7d2-14d7081ad179,2026-08-31,TIER_1_EXACT,rule_engine,0,731411426050,768453711361,ACC#00001,USD,-50541845.81,-50541845.81,2023-03-05,2023-03-05,008267481 41477 OKET484 L9IE3SP                                                                 UPCLOSER MONOCOQUE GAB -,VOLERY 3395837666FP,ingest_batch_0001.csv
TIER_1_EXACT,537993172379,"['14291092389', '439408528102', '560619692957', '629677261633', '46751784980', '191550783767', '647092811967', '109509767630', '272214218342', '747624900543', '541219568659', '213078951224', '393378757510', '847833819077', '261082264295', '459478784298', '150262174723', '471488049694', '900714240805', '916909970832']",14291092389,0,False,ingest_batch_0001.csv,20,False,4830de74-9528-4de6-b288-c81ae1a8e554,2026-08-31,TIER_1_EXACT,rule_engine,0,14291092389,537993172379,ACC#00001,USD,-50541845.81,-50541845.81,2023-03-05,2023-03-05,008267481 41477 OKET484 L9IE3SP                                                                 UPCLOSER MONOCOQUE GAB -,VOLERY 3395886666FP,ingest_batch_0001.csv
TIER_1_EXACT,33335345113,"['937469836935', '911122414856', '886346790346', '277293527921']",937469836935,0,False,ingest_batch_0001.csv,4,False,39b883d9-ca1f-4eae-85ef-c4d769ffb5f7,2026-08-31,TIER_1_EXACT,rule_engine,0,937469836935,33335345113,ACC#00001,USD,-50542182.76,-50542182.76,2023-03-05,2023-03-05,008267441 41477 OKET481 L9IE3FE                                                                 UPCLOSER MONOCOQUE GAB -,VOLERY 3395855666FP,ingest_batch_0001.csv
TIER_1_EXACT,537920032126,"['77934669093', '201164522483', '617322183157', '336991228609', '973832055916', '809524434757', '35950649109', '715963200675', '242190620765']",77934669093,0,False,ingest_batch_0001.csv,9,False,5050cccf-9d69-4c9e-b869-1f0d6a251c74,2026-08-31,TIER_1_EXACT,rule_engine,0,77934669093,537920032126,ACC#00001,USD,43726100.00,43726100.00,2023-03-05,2023-03-05,008208652 41477 OKET481 L9IE2ID                                                                 UPCLOSER MONOCOQUE GAB -,VOLERY 3399314666FP,ingest_batch_0001.csv
TIER_1_EXACT,943467982921,"['911122414856', '886346790346', '277293527921']",911122414856,0,False,ingest_batch_0001.csv,3,False,da695e09-fac4-4142-930b-da2e26a26e2f,2026-08-31,TIER_1_EXACT,rule_engine,0,911122414856,943467982921,ACC#00001,USD,-50542182.76,-50542182.76,2023-03-05,2023-03-05,008267441 41477 OKET481 L9IE3FE                                                                 UPCLOSER MONOCOQUE GAB -,VOLERY 3395851666FP,ingest_batch_0001.csv
TIER_1_EXACT,585668955456,"['663436293575', '648596890428', '266320339829', '504192101334', '86052369141', '87538002211', '306067547937', '575852635597', '214176426045', '109954043300', '925305231353', '56794090735', '216175046342', '316486445695', '15149193656', '823216519586', '579934389547', '619567533809', '59619221737', '45005280775', '127624532995']",663436293575,0,False,ingest_batch_0001.csv,21,False,eb3b6620-82de-4a3a-b4bd-f49156d5863e,2026-08-31,TIER_1_EXACT,rule_engine,0,663436293575,585668955456,ACC#00001,USD,50542100.00,50542100.00,2023-03-05,2023-03-05,008208643 41477 OKET484 L9IE2DJ                                                                 UPCLOSER MONOCOQUE GAB -,VOLERY 3399362666FP,ingest_batch_0001.csv
TIER_1_EXACT,681829444767,"['648596890428', '266320339829', '504192101334', '86052369141', '87538002211', '306067547937', '575852635597', '214176426045', '109954043300', '925305231353', '56794090735', '216175046342', '316486445695', '15149193656', '823216519586', '579934389547', '619567533809', '59619221737', '45005280775', '127624532995']",648596890428,0,False,ingest_batch_0001.csv,20,False,c4ffd729-3cd5-4b0e-be7f-3c8c81e9702a,2026-08-31,TIER_1_EXACT,rule_engine,0,648596890428,681829444767,ACC#00001,USD,50542100.00,50542100.00,2023-03-05,2023-03-05,008208643 41477 OKET484 L9IE2DJ                                                                 UPCLOSER MONOCOQUE GAB -,VOLERY 3399364666FP,ingest_batch_0001.csv
TIER_1_EXACT,835921454123,"['402434894062', '116271029030', '922539248916']",402434894062,0,False,ingest_batch_0001.csv,3,False,cae5a909-fe92-47e1-a3a4-507f6842266b,2026-08-31,TIER_1_EXACT,rule_engine,0,402434894062,835921454123,ACC#00001,USD,-45825474.12,-45825474.12,2023-03-05,2023-03-05,008267457 41477 OKET487 L9IE3F3                                                                 UPCLOSER MONOCOQUE GAB -,VOLERY 3395897666FP,ingest_batch_0001.csv
TIER_1_EXACT,53670178094,"['439408528102', '560619692957', '629677261633', '46751784980', '191550783767', '647092811967', '109509767630', '272214218342', '747624900543', '541219568659', '213078951224', '393378757510', '847833819077', '261082264295', '459478784298', '150262174723', '471488049694', '900714240805', '916909970832']",439408528102,0,False,ingest_batch_0001.csv,19,False,a8a119ef-c39a-4fc6-960f-8478fbfb468d,2026-08-31,TIER_1_EXACT,rule_engine,0,439408528102,53670178094,ACC#00001,USD,-50541845.81,-50541845.81,2023-03-05,2023-03-05,008267481 41477 OKET484 L9IE3SP                                                                 UPCLOSER MONOCOQUE GAB -,VOLERY 3395833666FP,ingest_batch_0001.csv
TIER_1_EXACT,792564188628,"['266320339829', '504192101334', '86052369141', '87538002211', '306067547937', '575852635597', '214176426045', '109954043300', '925305231353', '56794090735', '216175046342', '316486445695', '15149193656', '823216519586', '579934389547', '619567533809', '59619221737', '45005280775', '127624532995']",266320339829,0,False,ingest_batch_0001.csv,19,False,52eb20d8-9330-48b2-9b87-656ab3b95d45,2026-08-31,TIER_1_EXACT,rule_engine,0,266320339829,792564188628,ACC#00001,USD,50542100.00,50542100.00,2023-03-05,2023-03-05,008208643 41477 OKET484 L9IE2DJ                                                                 UPCLOSER MONOCOQUE GAB -,VOLERY 3399304666FP,ingest_batch_0001.csv
TIER_1_EXACT,42273942663,"['87669556366', '76350576849']",87669556366,0,False,ingest_batch_0001.csv,2,False,b9109a81-89d6-4d84-8348-b8e77951b887,2026-08-31,TIER_1_EXACT,rule_engine,0,87669556366,42273942663,ACC#00001,USD,-34269218.51,-34269218.51,2023-03-05,2023-03-05,008200443 41477 MOZO702 L9IE2Y2                                                                 UPCLOSER MONOCOQUE GAB -,VOLERY 3395365666FP,ingest_batch_0001.csv
TIER_1_EXACT,77936600698,"['55452148091', '634926644738']",55452148091,0,False,ingest_batch_0001.csv,2,False,fa5f7440-5911-4ceb-9895-06cc44931063,2026-08-31,TIER_1_EXACT,rule_engine,0,55452148091,77936600698,ACC#00001,USD,55183918.64,55183918.64,2023-03-05,2023-03-05,008267484 41477 OKET746 L9IE3OR                                                                 UPCLOSER MONOCOQUE GAB -,VOLERY 3399833666FP,ingest_batch_0001.csv
TIER_1_EXACT,802966924394,"['560619692957', '629677261633', '46751784980', '191550783767', '647092811967', '109509767630', '272214218342', '747624900543', '541219568659', '213078951224', '393378757510', '847833819077', '261082264295', '459478784298', '150262174723', '471488049694', '900714240805', '916909970832']",560619692957,0,False,ingest_batch_0001.csv,18,False,bb603dde-f7b9-41ca-a6f6-1e0f6e3b5d94,2026-08-31,TIER_1_EXACT,rule_engine,0,560619692957,802966924394,ACC#00001,USD,-50541845.81,-50541845.81,2023-03-05,2023-03-05,008267481 41477 OKET484 L9IE3SP                                                                 UPCLOSER MONOCOQUE GAB -,VOLERY 3395817666FP,ingest_batch_0001.csv
TIER_1_EXACT,919023291879,"['504192101334', '86052369141', '87538002211', '306067547937', '575852635597', '214176426045', '109954043300', '925305231353', '56794090735', '216175046342', '316486445695', '15149193656', '823216519586', '579934389547', '619567533809', '59619221737', '45005280775', '127624532995']",504192101334,0,False,ingest_batch_0001.csv,18,False,92c5d002-d74e-4416-96b1-7816eac6b572,2026-08-31,TIER_1_EXACT,rule_engine,0,504192101334,919023291879,ACC#00001,USD,50542100.00,50542100.00,2023-03-05,2023-03-05,008208643 41477 OKET484 L9IE2DJ                                                                 UPCLOSER MONOCOQUE GAB -,VOLERY 3399306666FP,ingest_batch_0001.csv
TIER_1_EXACT,930220069628,"['629677261633', '46751784980', '191550783767', '647092811967', '109509767630', '272214218342', '747624900543', '541219568659', '213078951224', '393378757510', '847833819077', '261082264295', '459478784298', '150262174723', '471488049694', '900714240805', '916909970832']",629677261633,0,False,ingest_batch_0001.csv,17,False,bf8e682e-ff33-43d9-9127-845704790f4f,2026-08-31,TIER_1_EXACT,rule_engine,0,629677261633,930220069628,ACC#00001,USD,-50541845.81,-50541845.81,2023-03-05,2023-03-05,008267481 41477 OKET484 L9IE3SP                                                                 UPCLOSER MONOCOQUE GAB -,VOLERY 3395831666FP,ingest_batch_0001.csv
TIER_1_EXACT,959003796282,"['886346790346', '277293527921']",886346790346,0,False,ingest_batch_0001.csv,2,False,14094817-c708-4fec-85bc-d0e5a4d0819e,2026-08-31,TIER_1_EXACT,rule_engine,0,886346790346,959003796282,ACC#00001,USD,-50542182.76,-50542182.76,2023-03-05,2023-03-05,008267441 41477 OKET481 L9IE3FE                                                                 UPCLOSER MONOCOQUE GAB -,VOLERY 3395825666FP,ingest_batch_0001.csv
TIER_1_EXACT,515298834178,"['46751784980', '191550783767', '647092811967', '109509767630', '272214218342', '747624900543', '541219568659', '213078951224', '393378757510', '847833819077', '261082264295', '459478784298', '150262174723', '471488049694', '900714240805', '916909970832']",46751784980,0,False,ingest_batch_0001.csv,16,False,942d2ecc-077d-41ee-a3f8-966f229b2682,2026-08-31,TIER_1_EXACT,rule_engine,0,46751784980,515298834178,ACC#00001,USD,-50541845.81,-50541845.81,2023-03-05,2023-03-05,008267481 41477 OKET484 L9IE3SP                                                                 UPCLOSER MONOCOQUE GAB -,VOLERY 3395846666FP,ingest_batch_0001.csv
TIER_1_EXACT,50471431960,"['86052369141', '87538002211', '306067547937', '575852635597', '214176426045', '109954043300', '925305231353', '56794090735', '216175046342', '316486445695', '15149193656', '823216519586', '579934389547', '619567533809', '59619221737', '45005280775', '127624532995']",86052369141,0,False,ingest_batch_0001.csv,17,False,4ac50e61-6175-4104-83ab-5358cfd83fb1,2026-08-31,TIER_1_EXACT,rule_engine,0,86052369141,50471431960,ACC#00001,USD,50542100.00,50542100.00,2023-03-05,2023-03-05,008208643 41477 OKET484 L9IE2DJ                                                                 UPCLOSER MONOCOQUE GAB -,VOLERY 3399308666FP,ingest_batch_0001.csv
TIER_1_EXACT,71472332182,"['191550783767', '647092811967', '109509767630', '272214218342', '747624900543', '541219568659', '213078951224', '393378757510', '847833819077', '261082264295', '459478784298', '150262174723', '471488049694', '900714240805', '916909970832']",191550783767,0,False,ingest_batch_0001.csv,15,False,f3d972ee-8795-4b98-88b2-b7b30bdb6adf,2026-08-31,TIER_1_EXACT,rule_engine,0,191550783767,71472332182,ACC#00001,USD,-50541845.81,-50541845.81,2023-03-05,2023-03-05,008267481 41477 OKET484 L9IE3SP                                                                 UPCLOSER MONOCOQUE GAB -,VOLERY 3395887666FP,ingest_batch_0001.csv
TIER_1_EXACT,645253286080,"['647092811967', '109509767630', '272214218342', '747624900543', '541219568659', '213078951224', '393378757510', '847833819077', '261082264295', '459478784298', '150262174723', '471488049694', '900714240805', '916909970832']",647092811967,0,False,ingest_batch_0001.csv,14,False,304bf4df-0952-4dfe-a6ad-7ccb4562d863,2026-08-31,TIER_1_EXACT,rule_engine,0,647092811967,645253286080,ACC#00001,USD,-50541845.81,-50541845.81,2023-03-05,2023-03-05,008267481 41477 OKET484 L9IE3SP                                                                 UPCLOSER MONOCOQUE GAB -,VOLERY 3395889666FP,ingest_batch_0001.csv
TIER_1_EXACT,467833647367,"['257481660020', '345537721759', '529869601240']",257481660020,0,False,ingest_batch_0001.csv,3,False,4a3a8a4b-30cc-41c2-85ee-fa28cc596464,2026-08-31,TIER_1_EXACT,rule_engine,0,257481660020,467833647367,ACC#00001,USD,-32083311.80,-32083311.80,2023-03-05,2023-03-05,008261117 41477 MOZO702 L9IE3ZH                                                                 JOQVY H.C. ZUCCHINIS TENT,VOLERY 3399873666FP,ingest_batch_0001.csv
TIER_1_EXACT,450813814823,"['201164522483', '617322183157', '336991228609', '973832055916', '809524434757', '35950649109', '715963200675', '242190620765']",201164522483,0,False,ingest_batch_0001.csv,8,False,a0239cab-1ec5-48d4-ab1a-46d2100d7c06,2026-08-31,TIER_1_EXACT,rule_engine,0,201164522483,450813814823,ACC#00001,USD,43726100.00,43726100.00,2023-03-05,2023-03-05,008208652 41477 OKET481 L9IE2ID                                                                 UPCLOSER MONOCOQUE GAB -,VOLERY 3399310666FP,ingest_batch_0001.csv
TIER_1_EXACT,131439243910,"['334200522061', '203900960799', '964652380463']",334200522061,0,False,ingest_batch_0001.csv,3,False,c516dc81-d8db-4787-b77d-06c291f7b9ee,2026-08-31,TIER_1_EXACT,rule_engine,0,334200522061,131439243910,ACC#00001,USD,-60054000.00,-60054000.00,2023-03-05,2023-03-05,008208653 41477 NAPE159 L9IE2PC                                                                 UPCLOSER MONOCOQUE GAB -,VOLERY 3395305666FP,ingest_batch_0001.csv
TIER_1_EXACT,330755432861,"['617322183157', '336991228609', '973832055916', '809524434757', '35950649109', '715963200675', '242190620765']",617322183157,0,False,ingest_batch_0001.csv,7,False,96a9d665-710b-42b2-b70c-4b5f97862102,2026-08-31,TIER_1_EXACT,rule_engine,0,617322183157,330755432861,ACC#00001,USD,43726100.00,43726100.00,2023-03-05,2023-03-05,008208652 41477 OKET481 L9IE2ID                                                                 UPCLOSER MONOCOQUE GAB -,VOLERY 3399383666FP,ingest_batch_0001.csv
TIER_1_EXACT,169877822502,"['87538002211', '306067547937', '575852635597', '214176426045', '109954043300', '925305231353', '56794090735', '216175046342', '316486445695', '15149193656', '823216519586', '579934389547', '619567533809', '59619221737', '45005280775', '127624532995']",87538002211,0,False,ingest_batch_0001.csv,16,False,531c9f0b-7276-4242-bf2c-22262bf65d2d,2026-08-31,TIER_1_EXACT,rule_engine,0,87538002211,169877822502,ACC#00001,USD,50542100.00,50542100.00,2023-03-05,2023-03-05,008208643 41477 OKET484 L9IE2DJ                                                                 UPCLOSER MONOCOQUE GAB -,VOLERY 3399855666FP,ingest_batch_0001.csv
TIER_1_EXACT,46318505930,"['306067547937', '575852635597', '214176426045', '109954043300', '925305231353', '56794090735', '216175046342', '316486445695', '15149193656', '823216519586', '579934389547', '619567533809', '59619221737', '45005280775', '127624532995']",306067547937,0,False,ingest_batch_0001.csv,15,False,e1b72d49-ea80-46ef-aec3-a9225f375fac,2026-08-31,TIER_1_EXACT,rule_engine,0,306067547937,46318505930,ACC#00001,USD,50542100.00,50542100.00,2023-03-05,2023-03-05,008208643 41477 OKET484 L9IE2DJ                                                                 UPCLOSER MONOCOQUE GAB -,VOLERY 3399893666FP,ingest_batch_0001.csv
TIER_1_EXACT,47963060159,"['109509767630', '272214218342', '747624900543', '541219568659', '213078951224', '393378757510', '847833819077', '261082264295', '459478784298', '150262174723', '471488049694', '900714240805', '916909970832']",109509767630,0,False,ingest_batch_0001.csv,13,False,479b5488-34e9-40b5-870a-2f1f401499bf,2026-08-31,TIER_1_EXACT,rule_engine,0,109509767630,47963060159,ACC#00001,USD,-50541845.81,-50541845.81,2023-03-05,2023-03-05,008267481 41477 OKET484 L9IE3SP                                                                 UPCLOSER MONOCOQUE GAB -,VOLERY 3395842666FP,ingest_batch_0001.csv
TIER_1_EXACT,695333649967,"['272214218342', '747624900543', '541219568659', '213078951224', '393378757510', '847833819077', '261082264295', '459478784298', '150262174723', '471488049694', '900714240805', '916909970832']",272214218342,0,False,ingest_batch_0001.csv,12,False,dff35402-b887-4686-859b-e9b7f27c788d,2026-08-31,TIER_1_EXACT,rule_engine,0,272214218342,695333649967,ACC#00001,USD,-50541845.81,-50541845.81,2023-03-05,2023-03-05,008267481 41477 OKET484 L9IE3SP                                                                 UPCLOSER MONOCOQUE GAB -,VOLERY 3395883666FP,ingest_batch_0001.csv
TIER_1_EXACT,109939099528,"['747624900543', '541219568659', '213078951224', '393378757510', '847833819077', '261082264295', '459478784298', '150262174723', '471488049694', '900714240805', '916909970832']",747624900543,0,False,ingest_batch_0001.csv,11,False,c0910bca-da8f-4d37-9da8-8c3aa28c3279,2026-08-31,TIER_1_EXACT,rule_engine,0,747624900543,109939099528,ACC#00001,USD,-50541845.81,-50541845.81,2023-03-05,2023-03-05,008267481 41477 OKET484 L9IE3SP                                                                 UPCLOSER MONOCOQUE GAB -,VOLERY 3395818666FP,ingest_batch_0001.csv
TIER_1_EXACT,636038133432,"['336991228609', '973832055916', '809524434757', '35950649109', '715963200675', '242190620765']",336991228609,0,False,ingest_batch_0001.csv,6,False,1629879a-a9e8-4d25-81fa-207f9e8c5b98,2026-08-31,TIER_1_EXACT,rule_engine,0,336991228609,636038133432,ACC#00001,USD,43726100.00,43726100.00,2023-03-05,2023-03-05,008208652 41477 OKET481 L9IE2ID                                                                 UPCLOSER MONOCOQUE GAB -,VOLERY 3399318666FP,ingest_batch_0001.csv
TIER_1_EXACT,967403215357,"['724299149529', '778689385673']",724299149529,0,False,ingest_batch_0001.csv,2,False,aba1b133-83d2-4874-9ce5-3c3beed1ce77,2026-08-31,TIER_1_EXACT,rule_engine,0,724299149529,967403215357,ACC#00001,USD,-810000.00,-810000.00,2023-03-05,2023-03-05,32566RAVE5 32566RAVE5                                                                      JOQVY - BAS - DG,322756AL61330547 6268266104VI,ingest_batch_0001.csv
TIER_1_EXACT,989154508037,"['575852635597', '214176426045', '109954043300', '925305231353', '56794090735', '216175046342', '316486445695', '15149193656', '823216519586', '579934389547', '619567533809', '59619221737', '45005280775', '127624532995']",575852635597,0,False,ingest_batch_0001.csv,14,False,98cdc671-3983-43fa-a4ea-d7a0f135d73d,2026-08-31,TIER_1_EXACT,rule_engine,0,575852635597,989154508037,ACC#00001,USD,50542100.00,50542100.00,2023-03-05,2023-03-05,008208643 41477 OKET484 L9IE2DJ                                                                 UPCLOSER MONOCOQUE GAB -,VOLERY 3399890666FP,ingest_batch_0001.csv
TIER_1_EXACT,673205193725,"['214176426045', '109954043300', '925305231353', '56794090735', '216175046342', '316486445695', '15149193656', '823216519586', '579934389547', '619567533809', '59619221737', '45005280775', '127624532995']",214176426045,0,False,ingest_batch_0001.csv,13,False,7f78b054-4051-48e6-ad10-41962b2a9f5d,2026-08-31,TIER_1_EXACT,rule_engine,0,214176426045,673205193725,ACC#00001,USD,50542100.00,50542100.00,2023-03-05,2023-03-05,008208643 41477 OKET484 L9IE2DJ                                                                 UPCLOSER MONOCOQUE GAB -,VOLERY 3399898666FP,ingest_batch_0001.csv
TIER_1_EXACT,666443912041,"['973832055916', '809524434757', '35950649109', '715963200675', '242190620765']",973832055916,0,False,ingest_batch_0001.csv,5,False,20c50bb2-193a-4c1f-ab44-8d81d62a655a,2026-08-31,TIER_1_EXACT,rule_engine,0,973832055916,666443912041,ACC#00001,USD,43726100.00,43726100.00,2023-03-05,2023-03-05,008208652 41477 OKET481 L9IE2ID                                                                 UPCLOSER MONOCOQUE GAB -,VOLERY 3399312666FP,ingest_batch_0001.csv
TIER_1_EXACT,606114745567,"['345537721759', '529869601240']",345537721759,0,False,ingest_batch_0001.csv,2,False,8299baa9-c312-4882-9f9b-84265ce3890f,2026-08-31,TIER_1_EXACT,rule_engine,0,345537721759,606114745567,ACC#00001,USD,-32083311.80,-32083311.80,2023-03-05,2023-03-05,008261117 41477 MOZO702 L9IE3ZH                                                                 JOQVY H.C. ZUCCHINIS TENT,VOLERY 3399878666FP,ingest_batch_0001.csv
TIER_1_EXACT,347357240193,"['161881865385', '655269256782']",161881865385,0,False,ingest_batch_0001.csv,2,False,1a9b2af0-a805-48ba-8a71-c941b13d3bd1,2026-08-31,TIER_1_EXACT,rule_engine,0,161881865385,347357240193,ACC#00001,USD,55115500.00,55115500.00,2023-03-05,2023-03-05,008208628 41477 OKET487 L9IE2OH                                                                 UPCLOSER MONOCOQUE GAB -,VOLERY 3399376666FP,ingest_batch_0001.csv
TIER_1_EXACT,967046512798,"['809524434757', '35950649109', '715963200675', '242190620765']",809524434757,0,False,ingest_batch_0001.csv,4,False,344fbfa9-4b23-41b9-a93e-a07e902fd757,2026-08-31,TIER_1_EXACT,rule_engine,0,809524434757,967046512798,ACC#00001,USD,43726100.00,43726100.00,2023-03-05,2023-03-05,008208652 41477 OKET481 L9IE2ID                                                                 UPCLOSER MONOCOQUE GAB -,VOLERY 3399317666FP,ingest_batch_0001.csv
TIER_1_EXACT,876660371942,"['203900960799', '964652380463']",203900960799,0,False,ingest_batch_0001.csv,2,False,a35dfdb5-3a1b-44a4-9046-2d9db37422d7,2026-08-31,TIER_1_EXACT,rule_engine,0,203900960799,876660371942,ACC#00001,USD,-60054000.00,-60054000.00,2023-03-05,2023-03-05,008208653 41477 NAPE159 L9IE2PC                                                                 UPCLOSER MONOCOQUE GAB -,VOLERY 3395309666FP,ingest_batch_0001.csv
TIER_1_EXACT,308717136484,"['541219568659', '213078951224', '393378757510', '847833819077', '261082264295', '459478784298', '150262174723', '471488049694', '900714240805', '916909970832']",541219568659,0,False,ingest_batch_0001.csv,10,False,e68f1337-0be1-4ada-84ce-33bd302bce69,2026-08-31,TIER_1_EXACT,rule_engine,0,541219568659,308717136484,ACC#00001,USD,-50541845.81,-50541845.81,2023-03-05,2023-03-05,008267481 41477 OKET484 L9IE3SP                                                                 UPCLOSER MONOCOQUE GAB -,VOLERY 3395845666FP,ingest_batch_0001.csv
TIER_1_EXACT,328803000727,"['109954043300', '925305231353', '56794090735', '216175046342', '316486445695', '15149193656', '823216519586', '579934389547', '619567533809', '59619221737', '45005280775', '127624532995']",109954043300,0,False,ingest_batch_0001.csv,12,False,8a965955-1dba-4a22-a8be-0b9f4a9d3944,2026-08-31,TIER_1_EXACT,rule_engine,0,109954043300,328803000727,ACC#00001,USD,50542100.00,50542100.00,2023-03-05,2023-03-05,008208643 41477 OKET484 L9IE2DJ                                                                 UPCLOSER MONOCOQUE GAB -,VOLERY 3399854666FP,ingest_batch_0001.csv
TIER_1_EXACT,649122428890,"['35950649109', '715963200675', '242190620765']",35950649109,0,False,ingest_batch_0001.csv,3,False,439dd944-7c6c-483e-8d05-900f9359a5aa,2026-08-31,TIER_1_EXACT,rule_engine,0,35950649109,649122428890,ACC#00001,USD,43726100.00,43726100.00,2023-03-05,2023-03-05,008208652 41477 OKET481 L9IE2ID                                                                 UPCLOSER MONOCOQUE GAB -,VOLERY 3399380666FP,ingest_batch_0001.csv
TIER_1_EXACT,192885083911,"['925305231353', '56794090735', '216175046342', '316486445695', '15149193656', '823216519586', '579934389547', '619567533809', '59619221737', '45005280775', '127624532995']",925305231353,0,False,ingest_batch_0001.csv,11,False,9c0cb45f-fb44-4817-a1b1-05256e6a1244,2026-08-31,TIER_1_EXACT,rule_engine,0,925305231353,192885083911,ACC#00001,USD,50542100.00,50542100.00,2023-03-05,2023-03-05,008208643 41477 OKET484 L9IE2DJ                                                                 UPCLOSER MONOCOQUE GAB -,VOLERY 3399302666FP,ingest_batch_0001.csv
TIER_1_EXACT,140912616757,"['116271029030', '922539248916']",116271029030,0,False,ingest_batch_0001.csv,2,False,91030dec-758c-4f08-9658-948b487a4556,2026-08-31,TIER_1_EXACT,rule_engine,0,116271029030,140912616757,ACC#00001,USD,-45825474.12,-45825474.12,2023-03-05,2023-03-05,008267457 41477 OKET487 L9IE3F3                                                                 UPCLOSER MONOCOQUE GAB -,VOLERY 3395891666FP,ingest_batch_0001.csv
TIER_1_EXACT,368418983505,"['56794090735', '216175046342', '316486445695', '15149193656', '823216519586', '579934389547', '619567533809', '59619221737', '45005280775', '127624532995']",56794090735,0,False,ingest_batch_0001.csv,10,False,ee48d1c2-7b20-4fe1-91cb-b3fce085909c,2026-08-31,TIER_1_EXACT,rule_engine,0,56794090735,368418983505,ACC#00001,USD,50542100.00,50542100.00,2023-03-05,2023-03-05,008208643 41477 OKET484 L9IE2DJ                                                                 UPCLOSER MONOCOQUE GAB -,VOLERY 3399858666FP,ingest_batch_0001.csv
TIER_1_EXACT,413926173568,"['213078951224', '393378757510', '847833819077', '261082264295', '459478784298', '150262174723', '471488049694', '900714240805', '916909970832']",213078951224,0,False,ingest_batch_0001.csv,9,False,846624bd-00f2-48ed-9965-f3c7a399e3ea,2026-08-31,TIER_1_EXACT,rule_engine,0,213078951224,413926173568,ACC#00001,USD,-50541845.81,-50541845.81,2023-03-05,2023-03-05,008267481 41477 OKET484 L9IE3SP                                                                 UPCLOSER MONOCOQUE GAB -,VOLERY 3395810666FP,ingest_batch_0001.csv
TIER_1_EXACT,113024764559,"['393378757510', '847833819077', '261082264295', '459478784298', '150262174723', '471488049694', '900714240805', '916909970832']",393378757510,0,False,ingest_batch_0001.csv,8,False,4e93d541-e66d-4a01-b4b5-4f6efce4be55,2026-08-31,TIER_1_EXACT,rule_engine,0,393378757510,113024764559,ACC#00001,USD,-50541845.81,-50541845.81,2023-03-05,2023-03-05,008267481 41477 OKET484 L9IE3SP                                                                 UPCLOSER MONOCOQUE GAB -,VOLERY 3395832666FP,ingest_batch_0001.csv
TIER_1_EXACT,140005942193,"['216175046342', '316486445695', '15149193656', '823216519586', '579934389547', '619567533809', '59619221737', '45005280775', '127624532995']",216175046342,0,False,ingest_batch_0001.csv,9,False,b92413c6-419b-4c2d-9bba-2b2dd9ec2d7e,2026-08-31,TIER_1_EXACT,rule_engine,0,216175046342,140005942193,ACC#00001,USD,50542100.00,50542100.00,2023-03-05,2023-03-05,008208643 41477 OKET484 L9IE2DJ                                                                 UPCLOSER MONOCOQUE GAB -,VOLERY 3399857666FP,ingest_batch_0001.csv
TIER_1_EXACT,200770493212,"['316486445695', '15149193656', '823216519586', '579934389547', '619567533809', '59619221737', '45005280775', '127624532995']",316486445695,0,False,ingest_batch_0001.csv,8,False,b78f1c94-b58b-4476-ac29-5e257524a3e8,2026-08-31,TIER_1_EXACT,rule_engine,0,316486445695,200770493212,ACC#00001,USD,50542100.00,50542100.00,2023-03-05,2023-03-05,008208643 41477 OKET484 L9IE2DJ                                                                 UPCLOSER MONOCOQUE GAB -,VOLERY 3399360666FP,ingest_batch_0001.csv
TIER_1_EXACT,428369726478,"['15149193656', '823216519586', '579934389547', '619567533809', '59619221737', '45005280775', '127624532995']",15149193656,0,False,ingest_batch_0001.csv,7,False,af1159a8-6373-42f9-9829-ea7d0c0aeaa3,2026-08-31,TIER_1_EXACT,rule_engine,0,15149193656,428369726478,ACC#00001,USD,50542100.00,50542100.00,2023-03-05,2023-03-05,008208643 41477 OKET484 L9IE2DJ                                                                 UPCLOSER MONOCOQUE GAB -,VOLERY 3399895666FP,ingest_batch_0001.csv
TIER_1_EXACT,144867847739,"['823216519586', '579934389547', '619567533809', '59619221737', '45005280775', '127624532995']",823216519586,0,False,ingest_batch_0001.csv,6,False,2aa5e942-c6cc-48c1-8e9e-7209f6bc6674,2026-08-31,TIER_1_EXACT,rule_engine,0,823216519586,144867847739,ACC#00001,USD,50542100.00,50542100.00,2023-03-05,2023-03-05,008208643 41477 OKET484 L9IE2DJ                                                                 UPCLOSER MONOCOQUE GAB -,VOLERY 3399368666FP,ingest_batch_0001.csv
TIER_1_EXACT,896479285482,"['579934389547', '619567533809', '59619221737', '45005280775', '127624532995']",579934389547,0,False,ingest_batch_0001.csv,5,False,455de168-4267-4568-981a-4ee0f9db9b6e,2026-08-31,TIER_1_EXACT,rule_engine,0,579934389547,896479285482,ACC#00001,USD,50542100.00,50542100.00,2023-03-05,2023-03-05,008208643 41477 OKET484 L9IE2DJ                                                                 UPCLOSER MONOCOQUE GAB -,VOLERY 3399852666FP,ingest_batch_0001.csv
TIER_1_EXACT,721430799786,"['619567533809', '59619221737', '45005280775', '127624532995']",619567533809,0,False,ingest_batch_0001.csv,4,False,85a78f41-5f80-4855-8b39-4f8be43458c5,2026-08-31,TIER_1_EXACT,rule_engine,0,619567533809,721430799786,ACC#00001,USD,50542100.00,50542100.00,2023-03-05,2023-03-05,008208643 41477 OKET484 L9IE2DJ                                                                 UPCLOSER MONOCOQUE GAB -,VOLERY 3399307666FP,ingest_batch_0001.csv
TIER_1_EXACT,804848307659,"['847833819077', '261082264295', '459478784298', '150262174723', '471488049694', '900714240805', '916909970832']",847833819077,0,False,ingest_batch_0001.csv,7,False,f18adadb-34be-418f-ae76-f674a0ec8d95,2026-08-31,TIER_1_EXACT,rule_engine,0,847833819077,804848307659,ACC#00001,USD,-50541845.81,-50541845.81,2023-03-05,2023-03-05,008267481 41477 OKET484 L9IE3SP                                                                 UPCLOSER MONOCOQUE GAB -,VOLERY 3395830666FP,ingest_batch_0001.csv
TIER_1_EXACT,152638406464,"['261082264295', '459478784298', '150262174723', '471488049694', '900714240805', '916909970832']",261082264295,0,False,ingest_batch_0001.csv,6,False,821e1876-5d68-4cf5-a8ea-f361a7b0e8ba,2026-08-31,TIER_1_EXACT,rule_engine,0,261082264295,152638406464,ACC#00001,USD,-50541845.81,-50541845.81,2023-03-05,2023-03-05,008267481 41477 OKET484 L9IE3SP                                                                 UPCLOSER MONOCOQUE GAB -,VOLERY 3395884666FP,ingest_batch_0001.csv
TIER_1_EXACT,636471156173,"['59619221737', '45005280775', '127624532995']",59619221737,0,False,ingest_batch_0001.csv,3,False,b8036bde-ab5a-46e6-a3a2-3f5e9a404fd9,2026-08-31,TIER_1_EXACT,rule_engine,0,59619221737,636471156173,ACC#00001,USD,50542100.00,50542100.00,2023-03-05,2023-03-05,008208643 41477 OKET484 L9IE2DJ                                                                 UPCLOSER MONOCOQUE GAB -,VOLERY 3399300666FP,ingest_batch_0001.csv
TIER_1_EXACT,779017402603,"['45005280775', '127624532995']",45005280775,0,False,ingest_batch_0001.csv,2,False,902ebf0e-6014-4bff-911e-771f3336999e,2026-08-31,TIER_1_EXACT,rule_engine,0,45005280775,779017402603,ACC#00001,USD,50542100.00,50542100.00,2023-03-05,2023-03-05,008208643 41477 OKET484 L9IE2DJ                                                                 UPCLOSER MONOCOQUE GAB -,VOLERY 3399363666FP,ingest_batch_0001.csv
TIER_1_EXACT,413586825766,"['715963200675', '242190620765']",715963200675,0,False,ingest_batch_0001.csv,2,False,605cb941-f798-40bb-aa1d-07bc5a7c0751,2026-08-31,TIER_1_EXACT,rule_engine,0,715963200675,413586825766,ACC#00001,USD,43726100.00,43726100.00,2023-03-05,2023-03-05,008208652 41477 OKET481 L9IE2ID                                                                 UPCLOSER MONOCOQUE GAB -,VOLERY 3399387666FP,ingest_batch_0001.csv
TIER_1_EXACT,75959780527,"['459478784298', '150262174723', '471488049694', '900714240805', '916909970832']",459478784298,0,False,ingest_batch_0001.csv,5,False,7dc57a63-8a2e-42c5-9cf2-816d2c59bad6,2026-08-31,TIER_1_EXACT,rule_engine,0,459478784298,75959780527,ACC#00001,USD,-50541845.81,-50541845.81,2023-03-05,2023-03-05,008267481 41477 OKET484 L9IE3SP                                                                 UPCLOSER MONOCOQUE GAB -,VOLERY 3395844666FP,ingest_batch_0001.csv
TIER_1_EXACT,906041247574,"['150262174723', '471488049694', '900714240805', '916909970832']",150262174723,0,False,ingest_batch_0001.csv,4,False,7b1b55b7-4ed2-43e4-aef5-2076974f74e8,2026-08-31,TIER_1_EXACT,rule_engine,0,150262174723,906041247574,ACC#00001,USD,-50541845.81,-50541845.81,2023-03-05,2023-03-05,008267481 41477 OKET484 L9IE3SP                                                                 UPCLOSER MONOCOQUE GAB -,VOLERY 3395813666FP,ingest_batch_0001.csv
TIER_1_EXACT,804724378537,"['471488049694', '900714240805', '916909970832']",471488049694,0,False,ingest_batch_0001.csv,3,False,56a9bd3f-ff03-4ecc-adac-9a8d36503765,2026-08-31,TIER_1_EXACT,rule_engine,0,471488049694,804724378537,ACC#00001,USD,-50541845.81,-50541845.81,2023-03-05,2023-03-05,008267481 41477 OKET484 L9IE3SP                                                                 UPCLOSER MONOCOQUE GAB -,VOLERY 3395880666FP,ingest_batch_0001.csv
TIER_1_EXACT,37717998902,"['900714240805', '916909970832']",900714240805,0,False,ingest_batch_0001.csv,2,False,a5621b3f-8c9f-4934-b016-b184263294b4,2026-08-31,TIER_1_EXACT,rule_engine,0,900714240805,37717998902,ACC#00001,USD,-50541845.81,-50541845.81,2023-03-05,2023-03-05,008267481 41477 OKET484 L9IE3SP                                                                 UPCLOSER MONOCOQUE GAB -,VOLERY 3395841666FP,ingest_batch_0001.csv
TIER_1_EXACT,888429084592,"['373610780648', '65393590742', '400957293917', '373267867710', '192674348526', '315877972495', '24462589306', '23170009089', '677292256529', '427872211937', '3125374641', '290680513045', '730084082001', '485793217249', '674225747674', '349337412261']",373610780648,0,False,ingest_batch_0001.csv,16,False,7aadd037-6662-4e40-aa23-2915686431f4,2026-08-31,TIER_1_EXACT,rule_engine,0,373610780648,888429084592,ACC#00001,USD,-50544034.73,-50544034.73,2023-03-08,2023-03-08,008451470 17667 OKET964                                                                         UPCLOSER MONOCOQUE GAB -,VOLERY 3465227666FP,ingest_batch_0001.csv
TIER_1_EXACT,912249379604,"['192246350491', '272548129376']",192246350491,1,True,ingest_batch_0001.csv,2,True,1ace2deb-8e57-4db5-bec8-d9ca5a059d13,2026-08-31,TIER_1_EXACT,rule_engine,0,192246350491,912249379604,ACC#00001,USD,-158212.45,-158212.45,2023-03-08,2023-03-08,29266RADGG 29266RADGG                                                                      MISAPPLICABILITY,4566605449060 6781666176FW,ingest_batch_0001.csv
TIER_1_EXACT,745090189955,"['883543683316', '566306411806']",883543683316,0,False,ingest_batch_0001.csv,2,False,5c81d26e-e7d2-4a4e-8653-0fa1121a4cf0,2026-08-31,TIER_1_EXACT,rule_engine,0,883543683316,745090189955,ACC#00001,USD,800000.00,800000.00,2023-03-08,2023-03-08,35740472 V35740472                                                                       JO TONITE SAUNT 664952723,V357404720418939 4889866176VI,ingest_batch_0001.csv
TIER_1_EXACT,283681105976,"['870844505395', '8501513546', '703760901032', '658136571052', '640846935213', '796945195231', '682730120637', '937429094149', '94508144573', '404501565936', '797644004794', '749358811213', '94136716635', '650779745147', '631203994520', '996527134266', '419426225476', '777270367435', '605944387518', '522552210262', '174250237797', '525101768874', '305649949104', '876617636937', '78973828521', '741709888681', '97062811502', '127882790094', '460539844183', '214686643641', '246672828473', '72989975261', '854693720663', '848302690618', '283092779939', '114863308428', '71485516240', '242450648271', '312138480957']",870844505395,0,False,ingest_batch_0001.csv,39,False,32abd8be-16cf-4745-8ff4-cf4db48ffed7,2026-08-31,TIER_1_EXACT,rule_engine,0,870844505395,283681105976,ACC#00001,USD,-50541522.90,-50541522.90,2023-03-08,2023-03-08,008208644 41477 OKET484 L9IE2DJ                                                                 UPCLOSER MONOCOQUE GAB -,VOLERY 3465452666FP,ingest_batch_0001.csv
TIER_1_EXACT,860300278913,"['8501513546', '703760901032', '658136571052', '640846935213', '796945195231', '682730120637', '937429094149', '94508144573', '404501565936', '797644004794', '749358811213', '94136716635', '650779745147', '631203994520', '996527134266', '419426225476', '777270367435', '605944387518', '522552210262', '174250237797', '525101768874', '305649949104', '876617636937', '78973828521', '741709888681', '97062811502', '127882790094', '460539844183', '214686643641', '246672828473', '72989975261', '854693720663', '848302690618', '283092779939', '114863308428', '71485516240', '242450648271', '312138480957']",8501513546,0,False,ingest_batch_0001.csv,38,False,33dc4b3d-f670-4113-a92f-f09079bb64ec,2026-08-31,TIER_1_EXACT,rule_engine,0,8501513546,860300278913,ACC#00001,USD,-50541522.90,-50541522.90,2023-03-08,2023-03-08,008208644 41477 OKET484 L9IE2DJ                                                                 UPCLOSER MONOCOQUE GAB -,VOLERY 3465445666FP,ingest_batch_0001.csv
TIER_1_EXACT,242541986566,"['358968442061', '71467113994', '828593207815', '979992770414', '554062659582', '180075555570', '82596901939', '141513488428', '483208765310', '947709856527', '429269901928', '559200795198', '916716772799']",358968442061,0,False,ingest_batch_0001.csv,13,False,27bd720b-6106-450b-9cd0-0c987328b178,2026-08-31,TIER_1_EXACT,rule_engine,0,358968442061,242541986566,ACC#00001,USD,43726100.00,43726100.00,2023-03-08,2023-03-08,008278550 41477 OKET481 L9IE92I                                                                 UPCLOSER MONOCOQUE GAB -,VOLERY 3469986666FP,ingest_batch_0001.csv
TIER_1_EXACT,640230067325,"['60690369909', '344725022633', '564900569855']",60690369909,0,False,ingest_batch_0001.csv,3,False,90a1f8a2-1798-45cd-a5ca-77161d612b67,2026-08-31,TIER_1_EXACT,rule_engine,0,60690369909,640230067325,ACC#00001,USD,60054272.25,60054272.25,2023-03-08,2023-03-08,008208654 41477 NAPE159 L9IE2PC                                                                 UPCLOSER MONOCOQUE GAB -,VOLERY 3469552666FP,ingest_batch_0001.csv
TIER_1_EXACT,210875234345,"['429509854465', '195493913591', '267672024394']",429509854465,0,False,ingest_batch_0001.csv,3,False,c3bfb641-698f-452b-8f0d-1c2a7772a6b1,2026-08-31,TIER_1_EXACT,rule_engine,0,429509854465,210875234345,ACC#00001,USD,-60054000.00,-60054000.00,2023-03-08,2023-03-08,008278522 41477 NAPE159 L9IE92S                                                                 UPCLOSER MONOCOQUE GAB -,VOLERY 3465287666FP,ingest_batch_0001.csv
TIER_1_EXACT,459047324856,"['522230180575', '190532195611', '763623167656', '656229618930', '798520877141', '459630869840', '131453647633', '417625035332', '487278083099', '318922737233', '974670701809', '277007327075', '287306932973', '941765328913', '85689843216', '769687112844', '279400280081', '791475607182']",522230180575,0,False,ingest_batch_0001.csv,18,False,10d748ec-2c09-4e08-9ca0-420e1b910c59,2026-08-31,TIER_1_EXACT,rule_engine,0,522230180575,459047324856,ACC#00001,USD,50591477.26,50591477.26,2023-03-08,2023-03-08,008454588 16768 OKET964                                                                         JOQVY ELUVIA DESINENT,VOLERY 3406678666FP,ingest_batch_0001.csv
TIER_1_EXACT,554252211078,"['71467113994', '828593207815', '979992770414', '554062659582', '180075555570', '82596901939', '141513488428', '483208765310', '947709856527', '429269901928', '559200795198', '916716772799']",71467113994,0,False,ingest_batch_0001.csv,12,False,20063901-41f1-4b48-bd82-1f4ff48a6c85,2026-08-31,TIER_1_EXACT,rule_engine,0,71467113994,554252211078,ACC#00001,USD,43726100.00,43726100.00,2023-03-08,2023-03-08,008278550 41477 OKET481 L9IE92I                                                                 UPCLOSER MONOCOQUE GAB -,VOLERY 3469911666FP,ingest_batch_0001.csv
TIER_1_EXACT,418427703125,"['703760901032', '658136571052', '640846935213', '796945195231', '682730120637', '937429094149', '94508144573', '404501565936', '797644004794', '749358811213', '94136716635', '650779745147', '631203994520', '996527134266', '419426225476', '777270367435', '605944387518', '522552210262', '174250237797', '525101768874', '305649949104', '876617636937', '78973828521', '741709888681', '97062811502', '127882790094', '460539844183', '214686643641', '246672828473', '72989975261', '854693720663', '848302690618', '283092779939', '114863308428', '71485516240', '242450648271', '312138480957']",703760901032,0,False,ingest_batch_0001.csv,37,False,557925cf-b175-458b-bb71-2fd29d725998,2026-08-31,TIER_1_EXACT,rule_engine,0,703760901032,418427703125,ACC#00001,USD,-50541522.90,-50541522.90,2023-03-08,2023-03-08,008208644 41477 OKET484 L9IE2DJ                                                                 UPCLOSER MONOCOQUE GAB -,VOLERY 3465444666FP,ingest_batch_0001.csv
TIER_1_EXACT,170292563611,"['361520194530', '904450952992']",361520194530,1,True,ingest_batch_0001.csv,2,True,2bf5792f-d9c8-4896-b70e-1a690b203ac5,2026-08-31,TIER_1_EXACT,rule_engine,0,361520194530,170292563611,ACC#00001,USD,879425.32,879425.32,2023-03-08,2023-03-08,29266OT6K6 29266OT6K6                                                                      TARRAGON INGIVER,29266OT6K6 4452866176VI,ingest_batch_0001.csv
TIER_1_EXACT,735199344982,"['379305493616', '10694413313', '547633886846', '798449810070', '156498264887', '343813081585', '544922524346', '688213471755', '513385018421', '147487281468', '984284025764', '744904784338', '993034109116', '493785561994', '663307607140', '991212390657', '354352135939', '21640041204', '466114972291', '450053949298', '699779590240', '534810703155', '220959106260', '927314809658', '227059988163', '191392253331', '558232210204', '102283764873', '917513032164', '429024827273', '898193005519', '74195931568', '784836879274', '880481905998', '758587226811', '461085488212', '135843188065', '762258332727', '951441471643', '54095042091', '594208825338', '995851825030', '551130559724', '597389291349', '526948646744', '275554762637', '354864051599', '853150068318']",379305493616,0,False,ingest_batch_0001.csv,48,False,bf4ad889-3d28-4002-87f5-245d147b3c5d,2026-08-31,TIER_1_EXACT,rule_engine,0,379305493616,735199344982,ACC#00001,USD,50542100.00,50542100.00,2023-03-08,2023-03-08,008278548 41477 OKET746 L9IE92H                                                                 UPCLOSER MONOCOQUE GAB -,VOLERY 3469951666FP,ingest_batch_0001.csv
TIER_1_EXACT,964488365301,"['10694413313', '547633886846', '798449810070', '156498264887', '343813081585', '544922524346', '688213471755', '513385018421', '147487281468', '984284025764', '744904784338', '993034109116', '493785561994', '663307607140', '991212390657', '354352135939', '21640041204', '466114972291', '450053949298', '699779590240', '534810703155', '220959106260', '927314809658', '227059988163', '191392253331', '558232210204', '102283764873', '917513032164', '429024827273', '898193005519', '74195931568', '784836879274', '880481905998', '758587226811', '461085488212', '135843188065', '762258332727', '951441471643', '54095042091', '594208825338', '995851825030', '551130559724', '597389291349', '526948646744', '275554762637', '354864051599', '853150068318']",10694413313,0,False,ingest_batch_0001.csv,47,False,34abaa28-c2e3-4123-a119-590ab6f63092,2026-08-31,TIER_1_EXACT,rule_engine,0,10694413313,964488365301,ACC#00001,USD,50542100.00,50542100.00,2023-03-08,2023-03-08,008278546 41477 OKET484 L9IE92U                                                                 UPCLOSER MONOCOQUE GAB -,VOLERY 3469933666FP,ingest_batch_0001.csv
TIER_1_EXACT,651557083547,"['748500356000', '915452732545', '844663046938', '386194459318', '318789022887', '847811111225']",748500356000,0,False,ingest_batch_0001.csv,6,False,eec87fae-7c2d-420d-9222-718d99be2773,2026-08-31,TIER_1_EXACT,rule_engine,0,748500356000,651557083547,ACC#00001,USD,34269504.10,34269504.10,2023-03-08,2023-03-08,008200444 41477 MOZO702 L9IE2Y2                                                                 UPCLOSER MONOCOQUE GAB -,VOLERY 3469526666FP,ingest_batch_0001.csv
TIER_1_EXACT,601095749308,"['547633886846', '798449810070', '156498264887', '343813081585', '544922524346', '688213471755', '513385018421', '147487281468', '984284025764', '744904784338', '993034109116', '493785561994', '663307607140', '991212390657', '354352135939', '21640041204', '466114972291', '450053949298', '699779590240', '534810703155', '220959106260', '927314809658', '227059988163', '191392253331', '558232210204', '102283764873', '917513032164', '429024827273', '898193005519', '74195931568', '784836879274', '880481905998', '758587226811', '461085488212', '135843188065', '762258332727', '951441471643', '54095042091', '594208825338', '995851825030', '551130559724', '597389291349', '526948646744', '275554762637', '354864051599', '853150068318']",547633886846,0,False,ingest_batch_0001.csv,46,False,326316ba-c46e-4595-b4c5-575d49b369ee,2026-08-31,TIER_1_EXACT,rule_engine,0,547633886846,601095749308,ACC#00001,USD,50542100.00,50542100.00,2023-03-08,2023-03-08,008278546 41477 OKET484 L9IE92U                                                                 UPCLOSER MONOCOQUE GAB -,VOLERY 3469959666FP,ingest_batch_0001.csv
TIER_1_EXACT,908701370969,"['141258979050', '998670466111']",141258979050,0,False,ingest_batch_0001.csv,2,False,32af32e8-8c5f-472c-9dc5-01d1dd16fd9f,2026-08-31,TIER_1_EXACT,rule_engine,0,141258979050,908701370969,ACC#00001,USD,-2628160.00,2628160.00,2023-03-08,2023-03-08,008497689 12667 OKET941                                                                         PETTAH STERNAL GEOMETRINE,VOLERY 3465302666FP,ingest_batch_0001.csv
TIER_1_EXACT,441627947722,"['828593207815', '979992770414', '554062659582', '180075555570', '82596901939', '141513488428', '483208765310', '947709856527', '429269901928', '559200795198', '916716772799']",828593207815,0,False,ingest_batch_0001.csv,11,False,2814d121-ea95-4fe6-ad3c-7a7369a4b028,2026-08-31,TIER_1_EXACT,rule_engine,0,828593207815,441627947722,ACC#00001,USD,43726100.00,43726100.00,2023-03-08,2023-03-08,008278550 41477 OKET481 L9IE92I                                                                 UPCLOSER MONOCOQUE GAB -,VOLERY 3469915666FP,ingest_batch_0001.csv
TIER_1_EXACT,809772310581,"['506267041799', '816978496343', '674941019492', '210183644127', '487545434341', '796592452488', '157150923448', '646357365553', '681288703017', '78305584883', '124382860181', '857222094071', '854672757527', '777536274882', '273139787738', '252299604763', '340948368837', '960271778729', '136343131700', '644396672422']",506267041799,0,False,ingest_batch_0001.csv,20,False,32616728-e8cc-4f92-88da-15fa03ddbeba,2026-08-31,TIER_1_EXACT,rule_engine,0,506267041799,809772310581,ACC#00001,USD,54179600.00,54179600.00,2023-03-08,2023-03-08,008278542 41477 OKET964 L9IE92F                                                                 UPCLOSER MONOCOQUE GAB -,VOLERY 3469957666FP,ingest_batch_0001.csv
TIER_1_EXACT,339768217258,"['658136571052', '640846935213', '796945195231', '682730120637', '937429094149', '94508144573', '404501565936', '797644004794', '749358811213', '94136716635', '650779745147', '631203994520', '996527134266', '419426225476', '777270367435', '605944387518', '522552210262', '174250237797', '525101768874', '305649949104', '876617636937', '78973828521', '741709888681', '97062811502', '127882790094', '460539844183', '214686643641', '246672828473', '72989975261', '854693720663', '848302690618', '283092779939', '114863308428', '71485516240', '242450648271', '312138480957']",658136571052,0,False,ingest_batch_0001.csv,36,False,502443f7-5618-4043-b17c-771914f8953f,2026-08-31,TIER_1_EXACT,rule_engine,0,658136571052,339768217258,ACC#00001,USD,-50541522.90,-50541522.90,2023-03-08,2023-03-08,008208644 41477 OKET484 L9IE2DJ                                                                 UPCLOSER MONOCOQUE GAB -,VOLERY 3465426666FP,ingest_batch_0001.csv
TIER_1_EXACT,348216766939,"['640846935213', '796945195231', '682730120637', '937429094149', '94508144573', '404501565936', '797644004794', '749358811213', '94136716635', '650779745147', '631203994520', '996527134266', '419426225476', '777270367435', '605944387518', '522552210262', '174250237797', '525101768874', '305649949104', '876617636937', '78973828521', '741709888681', '97062811502', '127882790094', '460539844183', '214686643641', '246672828473', '72989975261', '854693720663', '848302690618', '283092779939', '114863308428', '71485516240', '242450648271', '312138480957']",640846935213,0,False,ingest_batch_0001.csv,35,False,61d00c09-550d-4b11-ad9d-dba72b4e8b4f,2026-08-31,TIER_1_EXACT,rule_engine,0,640846935213,348216766939,ACC#00001,USD,-50541522.90,-50541522.90,2023-03-08,2023-03-08,008208644 41477 OKET484 L9IE2DJ                                                                 UPCLOSER MONOCOQUE GAB -,VOLERY 3465446666FP,ingest_batch_0001.csv
TIER_1_EXACT,802049377213,"['796945195231', '682730120637', '937429094149', '94508144573', '404501565936', '797644004794', '749358811213', '94136716635', '650779745147', '631203994520', '996527134266', '419426225476', '777270367435', '605944387518', '522552210262', '174250237797', '525101768874', '305649949104', '876617636937', '78973828521', '741709888681', '97062811502', '127882790094', '460539844183', '214686643641', '246672828473', '72989975261', '854693720663', '848302690618', '283092779939', '114863308428', '71485516240', '242450648271', '312138480957']",796945195231,0,False,ingest_batch_0001.csv,34,False,5f38d52b-3f4a-43f7-b1b7-3a18afc37380,2026-08-31,TIER_1_EXACT,rule_engine,0,796945195231,802049377213,ACC#00001,USD,-50541522.90,-50541522.90,2023-03-08,2023-03-08,008208644 41477 OKET484 L9IE2DJ                                                                 UPCLOSER MONOCOQUE GAB -,VOLERY 3465455666FP,ingest_batch_0001.csv
TIER_1_EXACT,824585806828,"['982812925468', '388650872916']",982812925468,1,True,ingest_batch_0001.csv,2,True,143f0fcd-7d73-4426-9e90-e904061640b7,2026-08-31,TIER_1_EXACT,rule_engine,0,982812925468,824585806828,ACC#00001,USD,4683134.60,4683134.60,2023-03-08,2023-03-08,07166OT64K 07166OT64K                                                                      TARRAGON INGIVER,07166OT64K 4496666176VI,ingest_batch_0001.csv
TIER_1_EXACT,937337620507,"['682730120637', '937429094149', '94508144573', '404501565936', '797644004794', '749358811213', '94136716635', '650779745147', '631203994520', '996527134266', '419426225476', '777270367435', '605944387518', '522552210262', '174250237797', '525101768874', '305649949104', '876617636937', '78973828521', '741709888681', '97062811502', '127882790094', '460539844183', '214686643641', '246672828473', '72989975261', '854693720663', '848302690618', '283092779939', '114863308428', '71485516240', '242450648271', '312138480957']",682730120637,0,False,ingest_batch_0001.csv,33,False,38b6914b-4357-41d3-bc83-02de9920da64,2026-08-31,TIER_1_EXACT,rule_engine,0,682730120637,937337620507,ACC#00001,USD,-50541522.90,-50541522.90,2023-03-08,2023-03-08,008208644 41477 OKET484 L9IE2DJ                                                                 UPCLOSER MONOCOQUE GAB -,VOLERY 3465441666FP,ingest_batch_0001.csv
TIER_1_EXACT,668610884506,"['865710852352', '384617861864']",865710852352,0,False,ingest_batch_0001.csv,2,False,c141381f-7278-4074-92a4-1521e5e9e827,2026-08-31,TIER_1_EXACT,rule_engine,0,865710852352,668610884506,ACC#00001,USD,-50524283.60,-50524283.60,2023-03-08,2023-03-08,008427862 17661 OKET964                                                                         UPCLOSER MONOCOQUE GAB -,VOLERY 3465238666FP,ingest_batch_0001.csv
TIER_1_EXACT,122815008169,"['816978496343', '674941019492', '210183644127', '487545434341', '796592452488', '157150923448', '646357365553', '681288703017', '78305584883', '124382860181', '857222094071', '854672757527', '777536274882', '273139787738', '252299604763', '340948368837', '960271778729', '136343131700', '644396672422']",816978496343,0,False,ingest_batch_0001.csv,19,False,446cad70-af28-43eb-85a1-04b5ba51d55e,2026-08-31,TIER_1_EXACT,rule_engine,0,816978496343,122815008169,ACC#00001,USD,54179600.00,54179600.00,2023-03-08,2023-03-08,008278542 41477 OKET964 L9IE92F                                                                 UPCLOSER MONOCOQUE GAB -,VOLERY 3469923666FP,ingest_batch_0001.csv
TIER_1_EXACT,974313321468,"['33232221309', '107750988654']",33232221309,0,False,ingest_batch_0001.csv,2,False,305aaf77-ae20-4e54-ab43-9e4401f7a833,2026-08-31,TIER_1_EXACT,rule_engine,0,33232221309,974313321468,ACC#00001,USD,-520907.70,-520907.70,2023-03-08,2023-03-08,008458561 19262 KAVI385                                                                         KFU UNSOLACED ETHERIFIES,VOLERY 3465289666FP,ingest_batch_0001.csv
TIER_1_EXACT,156654682979,"['235344597148', '521693090695']",235344597148,0,False,ingest_batch_0001.csv,2,False,434c5b68-184e-48ad-a296-9054d8e591f0,2026-08-31,TIER_1_EXACT,rule_engine,0,235344597148,156654682979,ACC#00001,USD,48736700.00,48736700.00,2023-03-08,2023-03-08,008278547 41477 MEGGY88 L9IE92P                                                                 UPCLOSER MONOCOQUE GAB -,VOLERY 3469936666FP,ingest_batch_0001.csv
TIER_1_EXACT,674078829026,"['497025918583', '19606713533', '983241753694', '545552574121']",497025918583,0,False,ingest_batch_0001.csv,4,False,c89ae929-7e0d-4b25-bf3f-cff7c8df44fa,2026-08-31,TIER_1_EXACT,rule_engine,0,497025918583,674078829026,ACC#00001,USD,-54250537.85,-54250537.85,2023-03-08,2023-03-08,008442402 17661 OKET964                                                                         UPCLOSER MONOCOQUE GAB -,VOLERY 3465415666FP,ingest_batch_0001.csv
TIER_1_EXACT,468590195774,"['798449810070', '156498264887', '343813081585', '544922524346', '688213471755', '513385018421', '147487281468', '984284025764', '744904784338', '993034109116', '493785561994', '663307607140', '991212390657', '354352135939', '21640041204', '466114972291', '450053949298', '699779590240', '534810703155', '220959106260', '927314809658', '227059988163', '191392253331', '558232210204', '102283764873', '917513032164', '429024827273', '898193005519', '74195931568', '784836879274', '880481905998', '758587226811', '461085488212', '135843188065', '762258332727', '951441471643', '54095042091', '594208825338', '995851825030', '551130559724', '597389291349', '526948646744', '275554762637', '354864051599', '853150068318']",798449810070,0,False,ingest_batch_0001.csv,45,False,c99124ee-a559-47a3-9c49-8f1fe5761f34,2026-08-31,TIER_1_EXACT,rule_engine,0,798449810070,468590195774,ACC#00001,USD,50542100.00,50542100.00,2023-03-08,2023-03-08,008278546 41477 OKET484 L9IE92U                                                                 UPCLOSER MONOCOQUE GAB -,VOLERY 3469904666FP,ingest_batch_0001.csv
TIER_1_EXACT,130356031506,"['156498264887', '343813081585', '544922524346', '688213471755', '513385018421', '147487281468', '984284025764', '744904784338', '993034109116', '493785561994', '663307607140', '991212390657', '354352135939', '21640041204', '466114972291', '450053949298', '699779590240', '534810703155', '220959106260', '927314809658', '227059988163', '191392253331', '558232210204', '102283764873', '917513032164', '429024827273', '898193005519', '74195931568', '784836879274', '880481905998', '758587226811', '461085488212', '135843188065', '762258332727', '951441471643', '54095042091', '594208825338', '995851825030', '551130559724', '597389291349', '526948646744', '275554762637', '354864051599', '853150068318']",156498264887,0,False,ingest_batch_0001.csv,44,False,f9ba7037-8903-4ff3-aebc-c1d54e1180c5,2026-08-31,TIER_1_EXACT,rule_engine,0,156498264887,130356031506,ACC#00001,USD,50542100.00,50542100.00,2023-03-08,2023-03-08,008278546 41477 OKET484 L9IE92U                                                                 UPCLOSER MONOCOQUE GAB -,VOLERY 3469974666FP,ingest_batch_0001.csv
TIER_1_EXACT,669760076687,"['72130855873', '83665687201']",72130855873,1,True,ingest_batch_0001.csv,2,True,adad1bbd-6518-4f52-841a-b40c17768841,2026-08-31,TIER_1_EXACT,rule_engine,0,72130855873,669760076687,ACC#00001,USD,3100.00,3100.00,2023-03-08,2023-03-08,32566RAAKP 32566RAAKP                                                                      GIMP YEAN LOR NM,32566RAAKP 4249766176VI,ingest_batch_0001.csv
TIER_1_EXACT,142219169252,"['937429094149', '94508144573', '404501565936', '797644004794', '749358811213', '94136716635', '650779745147', '631203994520', '996527134266', '419426225476', '777270367435', '605944387518', '522552210262', '174250237797', '525101768874', '305649949104', '876617636937', '78973828521', '741709888681', '97062811502', '127882790094', '460539844183', '214686643641', '246672828473', '72989975261', '854693720663', '848302690618', '283092779939', '114863308428', '71485516240', '242450648271', '312138480957']",937429094149,0,False,ingest_batch_0001.csv,32,False,40638407-bdc8-4aa4-8ce4-58af4e6032fb,2026-08-31,TIER_1_EXACT,rule_engine,0,937429094149,142219169252,ACC#00001,USD,-50541522.90,-50541522.90,2023-03-08,2023-03-08,008208644 41477 OKET484 L9IE2DJ                                                                 UPCLOSER MONOCOQUE GAB -,VOLERY 3465453666FP,ingest_batch_0001.csv
TIER_1_EXACT,285905253279,"['94508144573', '404501565936', '797644004794', '749358811213', '94136716635', '650779745147', '631203994520', '996527134266', '419426225476', '777270367435', '605944387518', '522552210262', '174250237797', '525101768874', '305649949104', '876617636937', '78973828521', '741709888681', '97062811502', '127882790094', '460539844183', '214686643641', '246672828473', '72989975261', '854693720663', '848302690618', '283092779939', '114863308428', '71485516240', '242450648271', '312138480957']",94508144573,0,False,ingest_batch_0001.csv,31,False,585de11a-b931-4218-b78b-933cc1415f58,2026-08-31,TIER_1_EXACT,rule_engine,0,94508144573,285905253279,ACC#00001,USD,-50541522.90,-50541522.90,2023-03-08,2023-03-08,008208644 41477 OKET484 L9IE2DJ                                                                 UPCLOSER MONOCOQUE GAB -,VOLERY 3465424666FP,ingest_batch_0001.csv
TIER_1_EXACT,297392510940,"['674941019492', '210183644127', '487545434341', '796592452488', '157150923448', '646357365553', '681288703017', '78305584883', '124382860181', '857222094071', '854672757527', '777536274882', '273139787738', '252299604763', '340948368837', '960271778729', '136343131700', '644396672422']",674941019492,0,False,ingest_batch_0001.csv,18,False,5e1a2bef-b958-4fd1-b3c1-f1da461ba643,2026-08-31,TIER_1_EXACT,rule_engine,0,674941019492,297392510940,ACC#00001,USD,54179600.00,54179600.00,2023-03-08,2023-03-08,008278542 41477 OKET964 L9IE92F                                                                 UPCLOSER MONOCOQUE GAB -,VOLERY 3469921666FP,ingest_batch_0001.csv
TIER_1_EXACT,673246779837,"['979992770414', '554062659582', '180075555570', '82596901939', '141513488428', '483208765310', '947709856527', '429269901928', '559200795198', '916716772799']",979992770414,0,False,ingest_batch_0001.csv,10,False,2e09cb65-5fc5-4878-bb55-b1097489c1af,2026-08-31,TIER_1_EXACT,rule_engine,0,979992770414,673246779837,ACC#00001,USD,43726100.00,43726100.00,2023-03-08,2023-03-08,008278550 41477 OKET481 L9IE92I                                                                 UPCLOSER MONOCOQUE GAB -,VOLERY 3469912666FP,ingest_batch_0001.csv
TIER_1_EXACT,756480770831,"['130623633089', '875351682268']",130623633089,0,False,ingest_batch_0001.csv,2,False,23730880-56f2-40f0-9f7a-8b9e65fe4d42,2026-08-31,TIER_1_EXACT,rule_engine,0,130623633089,756480770831,ACC#00001,USD,1743987.80,-1743987.80,2023-03-08,2023-03-08,008265640 55570 OKET966                                                                         JO TONITE ETHERIFIES GAB,VOLERY 3465481666FP,ingest_batch_0001.csv
TIER_1_EXACT,157275309589,"['201128171064', '374729502937', '706434555836', '76600636199', '138521697166', '181906591669', '803244627706', '947057254457', '464824298621', '810077393405', '645927441125', '604999165332', '702738869116', '563496774715', '370951478260']",201128171064,0,False,ingest_batch_0001.csv,15,False,25f0886e-985a-4d8f-abe2-f1bf2a1b5d40,2026-08-31,TIER_1_EXACT,rule_engine,0,201128171064,157275309589,ACC#00001,USD,-43726197.98,-43726197.98,2023-03-08,2023-03-08,008208655 41477 OKET481 L9IE2ID                                                                 UPCLOSER MONOCOQUE GAB -,VOLERY 3465271666FP,ingest_batch_0001.csv
TIER_1_EXACT,39487562099,"['19606713533', '983241753694', '545552574121']",19606713533,0,False,ingest_batch_0001.csv,3,False,efe7de4e-7cc8-4996-aac8-329f6eb5c6d5,2026-08-31,TIER_1_EXACT,rule_engine,0,19606713533,39487562099,ACC#00001,USD,-54250537.85,-54250537.85,2023-03-08,2023-03-08,008442402 17661 OKET964                                                                         UPCLOSER MONOCOQUE GAB -,VOLERY 3465231666FP,ingest_batch_0001.csv
TIER_1_EXACT,563591818511,"['936110429722', '933359620604']",936110429722,0,False,ingest_batch_0001.csv,2,False,897f5c67-90a6-47d1-b6bd-e4d2bf14ce92,2026-08-31,TIER_1_EXACT,rule_engine,0,936110429722,563591818511,ACC#00001,USD,15293.45,-15293.45,2023-03-08,2023-03-08,008455179 14407 BAIS360                                                                         BYV GEOMETRINE QMQF ZH AH,VOLERY 3406817666FP,ingest_batch_0001.csv
TIER_1_EXACT,443088130069,"['343813081585', '544922524346', '688213471755', '513385018421', '147487281468', '984284025764', '744904784338', '993034109116', '493785561994', '663307607140', '991212390657', '354352135939', '21640041204', '466114972291', '450053949298', '699779590240', '534810703155', '220959106260', '927314809658', '227059988163', '191392253331', '558232210204', '102283764873', '917513032164', '429024827273', '898193005519', '74195931568', '784836879274', '880481905998', '758587226811', '461085488212', '135843188065', '762258332727', '951441471643', '54095042091', '594208825338', '995851825030', '551130559724', '597389291349', '526948646744', '275554762637', '354864051599', '853150068318']",343813081585,0,False,ingest_batch_0001.csv,43,False,f8249037-0708-4f89-82d4-af1f6d31e5d4,2026-08-31,TIER_1_EXACT,rule_engine,0,343813081585,443088130069,ACC#00001,USD,50542100.00,50542100.00,2023-03-08,2023-03-08,008278546 41477 OKET484 L9IE92U                                                                 UPCLOSER MONOCOQUE GAB -,VOLERY 3469953666FP,ingest_batch_0001.csv
TIER_1_EXACT,383755286549,"['110401919516', '908838226433']",110401919516,0,False,ingest_batch_0001.csv,2,False,4efda902-fc84-4b10-b5d2-3b04efb6658c,2026-08-31,TIER_1_EXACT,rule_engine,0,110401919516,383755286549,ACC#00001,USD,-48660000.00,-48660000.00,2023-03-08,2023-03-08,008278521 41477 NAPE580 L9IE92G                                                                 UPCLOSER MONOCOQUE GAB -,VOLERY 3465280666FP,ingest_batch_0001.csv
TIER_1_EXACT,853125440456,"['592238403347', '230164037881']",592238403347,0,False,ingest_batch_0001.csv,2,False,19534d30-f5ac-4890-b443-42a985c27568,2026-08-31,TIER_1_EXACT,rule_engine,0,592238403347,853125440456,ACC#00001,USD,1277704.49,1277704.49,2023-03-08,2023-03-08,70992866 V70992866                                                                       JO TONITE SAUNT 664952723,V709928660415291 4469766176VI,ingest_batch_0001.csv
TIER_1_EXACT,999544104438,"['344725022633', '564900569855']",344725022633,0,False,ingest_batch_0001.csv,2,False,ab714315-849c-46cf-b14d-4ef9e30cac22,2026-08-31,TIER_1_EXACT,rule_engine,0,344725022633,999544104438,ACC#00001,USD,60054272.25,60054272.25,2023-03-08,2023-03-08,008208654 41477 NAPE159 L9IE2PC                                                                 UPCLOSER MONOCOQUE GAB -,VOLERY 3469559666FP,ingest_batch_0001.csv
TIER_1_EXACT,303166703846,"['65393590742', '400957293917', '373267867710', '192674348526', '315877972495', '24462589306', '23170009089', '677292256529', '427872211937', '3125374641', '290680513045', '730084082001', '485793217249', '674225747674', '349337412261']",65393590742,0,False,ingest_batch_0001.csv,15,False,83bbe753-0f51-405f-b722-74ca60304740,2026-08-31,TIER_1_EXACT,rule_engine,0,65393590742,303166703846,ACC#00001,USD,-50544034.73,-50544034.73,2023-03-08,2023-03-08,008457114 17667 OKET964                                                                         UPCLOSER MONOCOQUE GAB -,VOLERY 3465239666FP,ingest_batch_0001.csv
TIER_1_EXACT,815598996012,"['404501565936', '797644004794', '749358811213', '94136716635', '650779745147', '631203994520', '996527134266', '419426225476', '777270367435', '605944387518', '522552210262', '174250237797', '525101768874', '305649949104', '876617636937', '78973828521', '741709888681', '97062811502', '127882790094', '460539844183', '214686643641', '246672828473', '72989975261', '854693720663', '848302690618', '283092779939', '114863308428', '71485516240', '242450648271', '312138480957']",404501565936,0,False,ingest_batch_0001.csv,30,False,ba6723eb-7ced-4320-af50-d2cf048a2ea9,2026-08-31,TIER_1_EXACT,rule_engine,0,404501565936,815598996012,ACC#00001,USD,-50541522.90,-50541522.90,2023-03-08,2023-03-08,008208644 41477 OKET484 L9IE2DJ                                                                 UPCLOSER MONOCOQUE GAB -,VOLERY 3465432666FP,ingest_batch_0001.csv
TIER_1_EXACT,387949223142,"['422581749471', '66441957506', '342160403525']",422581749471,0,False,ingest_batch_0001.csv,3,False,6947d86a-502e-4fee-8bfa-35954425dad8,2026-08-31,TIER_1_EXACT,rule_engine,0,422581749471,387949223142,ACC#00001,USD,55115500.00,55115500.00,2023-03-08,2023-03-08,008278552 41477 OKET487 L9IE92B                                                                 UPCLOSER MONOCOQUE GAB -,VOLERY 3469992666FP,ingest_batch_0001.csv
TIER_1_EXACT,451863400381,"['915452732545', '844663046938', '386194459318', '318789022887', '847811111225']",915452732545,0,False,ingest_batch_0001.csv,5,False,e6bd4121-1610-4c88-b2cb-81d6b78ea037,2026-08-31,TIER_1_EXACT,rule_engine,0,915452732545,451863400381,ACC#00001,USD,34269504.10,34269504.10,2023-03-08,2023-03-08,008200444 41477 MOZO702 L9IE2Y2                                                                 UPCLOSER MONOCOQUE GAB -,VOLERY 3469545666FP,ingest_batch_0001.csv
TIER_1_EXACT,812115831949,"['544922524346', '688213471755', '513385018421', '147487281468', '984284025764', '744904784338', '993034109116', '493785561994', '663307607140', '991212390657', '354352135939', '21640041204', '466114972291', '450053949298', '699779590240', '534810703155', '220959106260', '927314809658', '227059988163', '191392253331', '558232210204', '102283764873', '917513032164', '429024827273', '898193005519', '74195931568', '784836879274', '880481905998', '758587226811', '461085488212', '135843188065', '762258332727', '951441471643', '54095042091', '594208825338', '995851825030', '551130559724', '597389291349', '526948646744', '275554762637', '354864051599', '853150068318']",544922524346,0,False,ingest_batch_0001.csv,42,False,c074d13a-c1b1-417b-9273-ed75c203d924,2026-08-31,TIER_1_EXACT,rule_engine,0,544922524346,812115831949,ACC#00001,USD,50542100.00,50542100.00,2023-03-08,2023-03-08,008278546 41477 OKET484 L9IE92U                                                                 UPCLOSER MONOCOQUE GAB -,VOLERY 3469965666FP,ingest_batch_0001.csv
TIER_1_EXACT,324584997315,"['193911182914', '364428117287', '347798551222', '223675755027', '556700935308', '46539991920', '248863684604', '417717036504', '952844195307', '584097107', '950609312820', '738076409648', '79816120482', '782617750802']",193911182914,0,False,ingest_batch_0001.csv,14,False,84911e09-b557-40ad-8537-20b36b9a4d38,2026-08-31,TIER_1_EXACT,rule_engine,0,193911182914,324584997315,ACC#00001,USD,-58755819.57,-58755819.57,2023-03-08,2023-03-08,008389093 31568 OKET746 L9HP03T                                                                 UPCLOSER MONOCOQUE GAB -,VOLERY 3465472666FP,ingest_batch_0001.csv
TIER_1_EXACT,532322592877,"['86874021523', '985343329460']",86874021523,1,True,ingest_batch_0001.csv,2,True,adff64fb-1242-42ea-8103-90e8ec5ee498,2026-08-31,TIER_1_EXACT,rule_engine,0,86874021523,532322592877,ACC#00001,USD,16916711.36,16916711.36,2023-03-08,2023-03-08,29266RATD8 29266RATD8                                                                      ERYSIBE AS SUINA,29266RATD8 4322466176VI,ingest_batch_0001.csv
TIER_1_EXACT,253235123570,"['210183644127', '487545434341', '796592452488', '157150923448', '646357365553', '681288703017', '78305584883', '124382860181', '857222094071', '854672757527', '777536274882', '273139787738', '252299604763', '340948368837', '960271778729', '136343131700', '644396672422']",210183644127,0,False,ingest_batch_0001.csv,17,False,b6a9cc6c-f4ac-465d-b107-6d5d5113f21e,2026-08-31,TIER_1_EXACT,rule_engine,0,210183644127,253235123570,ACC#00001,USD,54179600.00,54179600.00,2023-03-08,2023-03-08,008278542 41477 OKET964 L9IE92F                                                                 UPCLOSER MONOCOQUE GAB -,VOLERY 3469920666FP,ingest_batch_0001.csv
TIER_1_EXACT,711767284160,"['688213471755', '513385018421', '147487281468', '984284025764', '744904784338', '993034109116', '493785561994', '663307607140', '991212390657', '354352135939', '21640041204', '466114972291', '450053949298', '699779590240', '534810703155', '220959106260', '927314809658', '227059988163', '191392253331', '558232210204', '102283764873', '917513032164', '429024827273', '898193005519', '74195931568', '784836879274', '880481905998', '758587226811', '461085488212', '135843188065', '762258332727', '951441471643', '54095042091', '594208825338', '995851825030', '551130559724', '597389291349', '526948646744', '275554762637', '354864051599', '853150068318']",688213471755,0,False,ingest_batch_0001.csv,41,False,8d8cc30d-0423-4bd5-9bf1-1c2186f552ad,2026-08-31,TIER_1_EXACT,rule_engine,0,688213471755,711767284160,ACC#00001,USD,50542100.00,50542100.00,2023-03-08,2023-03-08,008278548 41477 OKET746 L9IE92H                                                                 UPCLOSER MONOCOQUE GAB -,VOLERY 3469954666FP,ingest_batch_0001.csv
TIER_1_EXACT,449088335893,"['715761600186', '613657889178']",715761600186,0,False,ingest_batch_0001.csv,2,False,eefab822-9816-4773-aa5b-bb23471aa96d,2026-08-31,TIER_1_EXACT,rule_engine,0,715761600186,449088335893,ACC#00001,USD,43734488.07,43734488.07,2023-03-08,2023-03-08,008207352 17661 OKET746                                                                         UPCLOSER MONOCOQUE GAB -,VOLERY 3469525666FP,ingest_batch_0001.csv
TIER_1_EXACT,259268634967,"['500779905629', '928697070639']",500779905629,0,False,ingest_batch_0001.csv,2,False,aed17197-df9b-46d5-b73a-670997987e1f,2026-08-31,TIER_1_EXACT,rule_engine,0,500779905629,259268634967,ACC#00001,USD,46972.94,-46972.94,2023-03-08,2023-03-08,008455730 14407 ATMA457                                                                         TYPY IMBER TA CARENE (RHD,VOLERY 3406802666FP,ingest_batch_0001.csv
TIER_1_EXACT,417195513942,"['513385018421', '147487281468', '984284025764', '744904784338', '993034109116', '493785561994', '663307607140', '991212390657', '354352135939', '21640041204', '466114972291', '450053949298', '699779590240', '534810703155', '220959106260', '927314809658', '227059988163', '191392253331', '558232210204', '102283764873', '917513032164', '429024827273', '898193005519', '74195931568', '784836879274', '880481905998', '758587226811', '461085488212', '135843188065', '762258332727', '951441471643', '54095042091', '594208825338', '995851825030', '551130559724', '597389291349', '526948646744', '275554762637', '354864051599', '853150068318']",513385018421,0,False,ingest_batch_0001.csv,40,False,e3314e72-bb13-419a-85b4-39a951e47024,2026-08-31,TIER_1_EXACT,rule_engine,0,513385018421,417195513942,ACC#00001,USD,50542100.00,50542100.00,2023-03-08,2023-03-08,008278546 41477 OKET484 L9IE92U                                                                 UPCLOSER MONOCOQUE GAB -,VOLERY 3469901666FP,ingest_batch_0001.csv
TIER_1_EXACT,228915811410,"['844663046938', '386194459318', '318789022887', '847811111225']",844663046938,0,False,ingest_batch_0001.csv,4,False,ffd6d491-1c43-406f-8155-a160010a42ee,2026-08-31,TIER_1_EXACT,rule_engine,0,844663046938,228915811410,ACC#00001,USD,34269504.10,34269504.10,2023-03-08,2023-03-08,008200444 41477 MOZO702 L9IE2Y2                                                                 UPCLOSER MONOCOQUE GAB -,VOLERY 3469549666FP,ingest_batch_0001.csv
TIER_1_EXACT,313555922012,"['525843228656', '116956593135']",525843228656,0,False,ingest_batch_0001.csv,2,False,45938316-7bb2-4069-9f8b-d722bfacdf42,2026-08-31,TIER_1_EXACT,rule_engine,0,525843228656,313555922012,ACC#00001,USD,-1033558.36,-1033558.36,2023-03-08,2023-03-08,008424577 14476 CUCA571                                                                         UPCLOSER MONOCOQUE GAB -,VOLERY 3406835666FP,ingest_batch_0001.csv
TIER_1_EXACT,871355136741,"['400957293917', '373267867710', '192674348526', '315877972495', '24462589306', '23170009089', '677292256529', '427872211937', '3125374641', '290680513045', '730084082001', '485793217249', '674225747674', '349337412261']",400957293917,0,False,ingest_batch_0001.csv,14,False,c6f3c31d-5c3b-48d4-a51e-3cf87c41bab2,2026-08-31,TIER_1_EXACT,rule_engine,0,400957293917,871355136741,ACC#00001,USD,-50544034.73,-50544034.73,2023-03-08,2023-03-08,008457591 17661 OKET964                                                                         UPCLOSER MONOCOQUE GAB -,VOLERY 3465247666FP,ingest_batch_0001.csv
TIER_1_EXACT,267875188288,"['625625604561', '887505310048']",625625604561,0,False,ingest_batch_0001.csv,2,False,7507718d-ec1a-4c81-9816-406f96db036a,2026-08-31,TIER_1_EXACT,rule_engine,0,625625604561,267875188288,ACC#00001,USD,45749624.46,45749624.46,2023-03-08,2023-03-08,008429287 17661 DODOS11                                                                         MYTHIC DEMENTS PINYL DRAW,VOLERY 3465323666FP,ingest_batch_0001.csv
TIER_1_EXACT,988832995519,"['364428117287', '347798551222', '223675755027', '556700935308', '46539991920', '248863684604', '417717036504', '952844195307', '584097107', '950609312820', '738076409648', '79816120482', '782617750802']",364428117287,0,False,ingest_batch_0001.csv,13,False,88e6616d-12b3-4d4e-869c-9e9817a98b53,2026-08-31,TIER_1_EXACT,rule_engine,0,364428117287,988832995519,ACC#00001,USD,-58755819.57,-58755819.57,2023-03-08,2023-03-08,008389093 31568 OKET746 L9HP03T                                                                 UPCLOSER MONOCOQUE GAB -,VOLERY 3465418666FP,ingest_batch_0001.csv
TIER_1_EXACT,95946260317,"['147487281468', '984284025764', '744904784338', '993034109116', '493785561994', '663307607140', '991212390657', '354352135939', '21640041204', '466114972291', '450053949298', '699779590240', '534810703155', '220959106260', '927314809658', '227059988163', '191392253331', '558232210204', '102283764873', '917513032164', '429024827273', '898193005519', '74195931568', '784836879274', '880481905998', '758587226811', '461085488212', '135843188065', '762258332727', '951441471643', '54095042091', '594208825338', '995851825030', '551130559724', '597389291349', '526948646744', '275554762637', '354864051599', '853150068318']",147487281468,0,False,ingest_batch_0001.csv,39,False,2c134a0f-3ba7-4a39-a59c-724408564012,2026-08-31,TIER_1_EXACT,rule_engine,0,147487281468,95946260317,ACC#00001,USD,50542100.00,50542100.00,2023-03-08,2023-03-08,008278546 41477 OKET484 L9IE92U                                                                 UPCLOSER MONOCOQUE GAB -,VOLERY 3469937666FP,ingest_batch_0001.csv
TIER_1_EXACT,258889147485,"['347798551222', '223675755027', '556700935308', '46539991920', '248863684604', '417717036504', '952844195307', '584097107', '950609312820', '738076409648', '79816120482', '782617750802']",347798551222,0,False,ingest_batch_0001.csv,12,False,0e1e0d9a-de98-4777-8ad1-3b73228e22f0,2026-08-31,TIER_1_EXACT,rule_engine,0,347798551222,258889147485,ACC#00001,USD,-58755819.57,-58755819.57,2023-03-08,2023-03-08,008389093 31568 OKET746 L9HP03T                                                                 UPCLOSER MONOCOQUE GAB -,VOLERY 3465471666FP,ingest_batch_0001.csv
TIER_1_EXACT,351408939535,"['487545434341', '796592452488', '157150923448', '646357365553', '681288703017', '78305584883', '124382860181', '857222094071', '854672757527', '777536274882', '273139787738', '252299604763', '340948368837', '960271778729', '136343131700', '644396672422']",487545434341,0,False,ingest_batch_0001.csv,16,False,0a4fb934-805d-495d-afbc-83c43589e460,2026-08-31,TIER_1_EXACT,rule_engine,0,487545434341,351408939535,ACC#00001,USD,54179600.00,54179600.00,2023-03-08,2023-03-08,008278542 41477 OKET964 L9IE92F                                                                 UPCLOSER MONOCOQUE GAB -,VOLERY 3469949666FP,ingest_batch_0001.csv
TIER_1_EXACT,313777968759,"['984284025764', '744904784338', '993034109116', '493785561994', '663307607140', '991212390657', '354352135939', '21640041204', '466114972291', '450053949298', '699779590240', '534810703155', '220959106260', '927314809658', '227059988163', '191392253331', '558232210204', '102283764873', '917513032164', '429024827273', '898193005519', '74195931568', '784836879274', '880481905998', '758587226811', '461085488212', '135843188065', '762258332727', '951441471643', '54095042091', '594208825338', '995851825030', '551130559724', '597389291349', '526948646744', '275554762637', '354864051599', '853150068318']",984284025764,0,False,ingest_batch_0001.csv,38,False,bd5fd429-5946-45ca-9bc7-71d3f37db5f1,2026-08-31,TIER_1_EXACT,rule_engine,0,984284025764,313777968759,ACC#00001,USD,50542100.00,50542100.00,2023-03-08,2023-03-08,008278546 41477 OKET484 L9IE92U                                                                 UPCLOSER MONOCOQUE GAB -,VOLERY 3469958666FP,ingest_batch_0001.csv
TIER_1_EXACT,646764585919,"['373267867710', '192674348526', '315877972495', '24462589306', '23170009089', '677292256529', '427872211937', '3125374641', '290680513045', '730084082001', '485793217249', '674225747674', '349337412261']",373267867710,0,False,ingest_batch_0001.csv,13,False,df0ffea4-6dcb-4cd8-b488-49471b01c504,2026-08-31,TIER_1_EXACT,rule_engine,0,373267867710,646764585919,ACC#00001,USD,-50544034.73,-50544034.73,2023-03-08,2023-03-08,008457114 17667 OKET964                                                                         UPCLOSER MONOCOQUE GAB -,VOLERY 3465246666FP,ingest_batch_0001.csv
TIER_1_EXACT,794391483649,"['744904784338', '993034109116', '493785561994', '663307607140', '991212390657', '354352135939', '21640041204', '466114972291', '450053949298', '699779590240', '534810703155', '220959106260', '927314809658', '227059988163', '191392253331', '558232210204', '102283764873', '917513032164', '429024827273', '898193005519', '74195931568', '784836879274', '880481905998', '758587226811', '461085488212', '135843188065', '762258332727', '951441471643', '54095042091', '594208825338', '995851825030', '551130559724', '597389291349', '526948646744', '275554762637', '354864051599', '853150068318']",744904784338,0,False,ingest_batch_0001.csv,37,False,1e8d0cd4-7188-450b-b0af-4ace970fc67d,2026-08-31,TIER_1_EXACT,rule_engine,0,744904784338,794391483649,ACC#00001,USD,50542100.00,50542100.00,2023-03-08,2023-03-08,008278546 41477 OKET484 L9IE92U                                                                 UPCLOSER MONOCOQUE GAB -,VOLERY 3469962666FP,ingest_batch_0001.csv
TIER_1_EXACT,433082291729,"['669463356390', '643855035893']",669463356390,0,False,ingest_batch_0001.csv,2,False,3c257312-24aa-46d9-b012-6368d6f4b669,2026-08-31,TIER_1_EXACT,rule_engine,0,669463356390,433082291729,ACC#00001,USD,55545971.70,55545971.70,2023-03-08,2023-03-08,008208620 41477 OKET746 L9IE2DE                                                                 UPCLOSER MONOCOQUE GAB -,VOLERY 3469539666FP,ingest_batch_0001.csv
TIER_1_EXACT,409816215073,"['680783049264', '214936818314', '42899087122', '679824425117', '523091385685']",680783049264,0,False,ingest_batch_0001.csv,5,False,6e579556-528a-47a7-b6b8-3ae8493aca71,2026-08-31,TIER_1_EXACT,rule_engine,0,680783049264,409816215073,ACC#00001,USD,-36119237.90,-36119237.90,2023-03-08,2023-03-08,008271523 41477 MOZO702 L9IE91Q                                                                 UPCLOSER MONOCOQUE GAB -,VOLERY 3465214666FP,ingest_batch_0001.csv
TIER_1_EXACT,345115608003,"['192674348526', '315877972495', '24462589306', '23170009089', '677292256529', '427872211937', '3125374641', '290680513045', '730084082001', '485793217249', '674225747674', '349337412261']",192674348526,0,False,ingest_batch_0001.csv,12,False,d613935a-d2c2-43f5-9f6a-79dd5468ca64,2026-08-31,TIER_1_EXACT,rule_engine,0,192674348526,345115608003,ACC#00001,USD,-50544034.73,-50544034.73,2023-03-08,2023-03-08,008457114 17667 OKET964                                                                         UPCLOSER MONOCOQUE GAB -,VOLERY 3465228666FP,ingest_batch_0001.csv
TIER_1_EXACT,984001880555,"['372828656743', '468249425842']",372828656743,1,True,ingest_batch_0001.csv,2,True,c7f144b5-f290-4050-a696-e58f1c757743,2026-08-31,TIER_1_EXACT,rule_engine,0,372828656743,984001880555,ACC#00001,USD,-10000000.00,-10000000.00,2023-03-08,2023-03-08,35738721 ALME7U9249JOQG7U                                                                JO TONITE SAUNT 664952723,V764866960713587 4894566176VI,ingest_batch_0001.csv
TIER_1_EXACT,615926287619,"['993034109116', '493785561994', '663307607140', '991212390657', '354352135939', '21640041204', '466114972291', '450053949298', '699779590240', '534810703155', '220959106260', '927314809658', '227059988163', '191392253331', '558232210204', '102283764873', '917513032164', '429024827273', '898193005519', '74195931568', '784836879274', '880481905998', '758587226811', '461085488212', '135843188065', '762258332727', '951441471643', '54095042091', '594208825338', '995851825030', '551130559724', '597389291349', '526948646744', '275554762637', '354864051599', '853150068318']",993034109116,0,False,ingest_batch_0001.csv,36,False,fae82d82-f68d-4328-8b89-6e7f77797b4b,2026-08-31,TIER_1_EXACT,rule_engine,0,993034109116,615926287619,ACC#00001,USD,50542100.00,50542100.00,2023-03-08,2023-03-08,008278546 41477 OKET484 L9IE92U                                                                 UPCLOSER MONOCOQUE GAB -,VOLERY 3469939666FP,ingest_batch_0001.csv
TIER_1_EXACT,955565050058,"['374729502937', '706434555836', '76600636199', '138521697166', '181906591669', '803244627706', '947057254457', '464824298621', '810077393405', '645927441125', '604999165332', '702738869116', '563496774715', '370951478260']",374729502937,0,False,ingest_batch_0001.csv,14,False,99b291b6-4073-4746-9102-d9de035daaeb,2026-08-31,TIER_1_EXACT,rule_engine,0,374729502937,955565050058,ACC#00001,USD,-43726197.98,-43726197.98,2023-03-08,2023-03-08,008208655 41477 OKET481 L9IE2ID                                                                 UPCLOSER MONOCOQUE GAB -,VOLERY 3465203666FP,ingest_batch_0001.csv
TIER_1_EXACT,184852634751,"['437293802072', '885397403951']",437293802072,0,False,ingest_batch_0001.csv,2,False,a00654f3-be07-401f-8781-167c8b52dffd,2026-08-31,TIER_1_EXACT,rule_engine,0,437293802072,184852634751,ACC#00001,USD,-400000.00,400000.00,2023-03-08,2023-03-08,35746603 ALME7U5323JOQG7U                                                                JO TONITE SAUNT 664952723,V357333700418939 4889666176VI,ingest_batch_0001.csv
TIER_1_EXACT,295286080330,"['499458494132', '866984373515']",499458494132,1,True,ingest_batch_0001.csv,2,True,1ac1f948-578d-4847-8c24-420d5c43ad5a,2026-08-31,TIER_1_EXACT,rule_engine,0,499458494132,295286080330,ACC#00001,USD,-4000000.00,-4000000.00,2023-03-08,2023-03-08,35740718 ALME7U8093JOQG7U                                                                JO TONITE SAUNT 664952723,V700224860733350 4307066176VI,ingest_batch_0001.csv
TIER_1_EXACT,455950567654,"['796592452488', '157150923448', '646357365553', '681288703017', '78305584883', '124382860181', '857222094071', '854672757527', '777536274882', '273139787738', '252299604763', '340948368837', '960271778729', '136343131700', '644396672422']",796592452488,0,False,ingest_batch_0001.csv,15,False,4d3fc8ea-04d3-4bdf-ad15-5abb84f43219,2026-08-31,TIER_1_EXACT,rule_engine,0,796592452488,455950567654,ACC#00001,USD,54179600.00,54179600.00,2023-03-08,2023-03-08,008278542 41477 OKET964 L9IE92F                                                                 UPCLOSER MONOCOQUE GAB -,VOLERY 3469926666FP,ingest_batch_0001.csv
TIER_1_EXACT,198542731846,"['493785561994', '663307607140', '991212390657', '354352135939', '21640041204', '466114972291', '450053949298', '699779590240', '534810703155', '220959106260', '927314809658', '227059988163', '191392253331', '558232210204', '102283764873', '917513032164', '429024827273', '898193005519', '74195931568', '784836879274', '880481905998', '758587226811', '461085488212', '135843188065', '762258332727', '951441471643', '54095042091', '594208825338', '995851825030', '551130559724', '597389291349', '526948646744', '275554762637', '354864051599', '853150068318']",493785561994,0,False,ingest_batch_0001.csv,35,False,05cc1bfe-8d45-4dad-8a3f-ae08c6a809f7,2026-08-31,TIER_1_EXACT,rule_engine,0,493785561994,198542731846,ACC#00001,USD,50542100.00,50542100.00,2023-03-08,2023-03-08,008278546 41477 OKET484 L9IE92U                                                                 UPCLOSER MONOCOQUE GAB -,VOLERY 3469909666FP,ingest_batch_0001.csv
TIER_1_EXACT,425915544089,"['706434555836', '76600636199', '138521697166', '181906591669', '803244627706', '947057254457', '464824298621', '810077393405', '645927441125', '604999165332', '702738869116', '563496774715', '370951478260']",706434555836,0,False,ingest_batch_0001.csv,13,False,457fba42-2b40-41dc-b016-3f8a1bab11e3,2026-08-31,TIER_1_EXACT,rule_engine,0,706434555836,425915544089,ACC#00001,USD,-43726197.98,-43726197.98,2023-03-08,2023-03-08,008208655 41477 OKET481 L9IE2ID                                                                 UPCLOSER MONOCOQUE GAB -,VOLERY 3465209666FP,ingest_batch_0001.csv
TIER_1_EXACT,436093675057,"['315877972495', '24462589306', '23170009089', '677292256529', '427872211937', '3125374641', '290680513045', '730084082001', '485793217249', '674225747674', '349337412261']",315877972495,0,False,ingest_batch_0001.csv,11,False,b14da4e4-0b09-48ac-93d8-f8e121efb004,2026-08-31,TIER_1_EXACT,rule_engine,0,315877972495,436093675057,ACC#00001,USD,-50544034.73,-50544034.73,2023-03-08,2023-03-08,008207353 17661 OKET964                                                                         UPCLOSER MONOCOQUE GAB -,VOLERY 3465225666FP,ingest_batch_0001.csv
TIER_1_EXACT,664665583229,"['554062659582', '180075555570', '82596901939', '141513488428', '483208765310', '947709856527', '429269901928', '559200795198', '916716772799']",554062659582,0,False,ingest_batch_0001.csv,9,False,15b50fdd-f57e-4515-bd7e-d55e6be32b25,2026-08-31,TIER_1_EXACT,rule_engine,0,554062659582,664665583229,ACC#00001,USD,43726100.00,43726100.00,2023-03-08,2023-03-08,008278550 41477 OKET481 L9IE92I                                                                 UPCLOSER MONOCOQUE GAB -,VOLERY 3469913666FP,ingest_batch_0001.csv
TIER_1_EXACT,413414798564,"['797644004794', '749358811213', '94136716635', '650779745147', '631203994520', '996527134266', '419426225476', '777270367435', '605944387518', '522552210262', '174250237797', '525101768874', '305649949104', '876617636937', '78973828521', '741709888681', '97062811502', '127882790094', '460539844183', '214686643641', '246672828473', '72989975261', '854693720663', '848302690618', '283092779939', '114863308428', '71485516240', '242450648271', '312138480957']",797644004794,0,False,ingest_batch_0001.csv,29,False,584b967e-2b27-411f-9478-3a739aaa40c7,2026-08-31,TIER_1_EXACT,rule_engine,0,797644004794,413414798564,ACC#00001,USD,-50541522.90,-50541522.90,2023-03-08,2023-03-08,008208644 41477 OKET484 L9IE2DJ                                                                 UPCLOSER MONOCOQUE GAB -,VOLERY 3465268666FP,ingest_batch_0001.csv
TIER_1_EXACT,337000288322,"['24462589306', '23170009089', '677292256529', '427872211937', '3125374641', '290680513045', '730084082001', '485793217249', '674225747674', '349337412261']",24462589306,0,False,ingest_batch_0001.csv,10,False,1388a2ad-7893-4c0a-8952-8d2642232684,2026-08-31,TIER_1_EXACT,rule_engine,0,24462589306,337000288322,ACC#00001,USD,-50544034.73,-50544034.73,2023-03-08,2023-03-08,008450839 17661 OKET964                                                                         UPCLOSER MONOCOQUE GAB -,VOLERY 3465221666FP,ingest_batch_0001.csv
TIER_1_EXACT,81403572685,"['663307607140', '991212390657', '354352135939', '21640041204', '466114972291', '450053949298', '699779590240', '534810703155', '220959106260', '927314809658', '227059988163', '191392253331', '558232210204', '102283764873', '917513032164', '429024827273', '898193005519', '74195931568', '784836879274', '880481905998', '758587226811', '461085488212', '135843188065', '762258332727', '951441471643', '54095042091', '594208825338', '995851825030', '551130559724', '597389291349', '526948646744', '275554762637', '354864051599', '853150068318']",663307607140,0,False,ingest_batch_0001.csv,34,False,c56b0e61-5cae-4f73-8807-44b04e080857,2026-08-31,TIER_1_EXACT,rule_engine,0,663307607140,81403572685,ACC#00001,USD,50542100.00,50542100.00,2023-03-08,2023-03-08,008278546 41477 OKET484 L9IE92U                                                                 UPCLOSER MONOCOQUE GAB -,VOLERY 3469905666FP,ingest_batch_0001.csv
TIER_1_EXACT,511369617542,"['386194459318', '318789022887', '847811111225']",386194459318,0,False,ingest_batch_0001.csv,3,False,4484102e-fe37-437c-a218-a54007c00fb7,2026-08-31,TIER_1_EXACT,rule_engine,0,386194459318,511369617542,ACC#00001,USD,34269504.10,34269504.10,2023-03-08,2023-03-08,008200444 41477 MOZO702 L9IE2Y2                                                                 UPCLOSER MONOCOQUE GAB -,VOLERY 3469542666FP,ingest_batch_0001.csv
TIER_1_EXACT,896106672806,"['442986191091', '815370003599']",442986191091,0,False,ingest_batch_0001.csv,2,False,f6d5ffc0-f8ea-4342-856e-1a7512cc93c8,2026-08-31,TIER_1_EXACT,rule_engine,0,442986191091,896106672806,ACC#00001,USD,-2033095.65,2033095.65,2023-03-08,2023-03-08,008424896 14407 NAPE074                                                                         UPCLOSER MONOCOQUE GAB -,VOLERY 3465358666FP,ingest_batch_0001.csv
TIER_1_EXACT,17334207480,"['991212390657', '354352135939', '21640041204', '466114972291', '450053949298', '699779590240', '534810703155', '220959106260', '927314809658', '227059988163', '191392253331', '558232210204', '102283764873', '917513032164', '429024827273', '898193005519', '74195931568', '784836879274', '880481905998', '758587226811', '461085488212', '135843188065', '762258332727', '951441471643', '54095042091', '594208825338', '995851825030', '551130559724', '597389291349', '526948646744', '275554762637', '354864051599', '853150068318']",991212390657,0,False,ingest_batch_0001.csv,33,False,2fd4cfcb-5e7e-41c6-a60f-8cff8b5a2163,2026-08-31,TIER_1_EXACT,rule_engine,0,991212390657,17334207480,ACC#00001,USD,50542100.00,50542100.00,2023-03-08,2023-03-08,008278546 41477 OKET484 L9IE92U                                                                 UPCLOSER MONOCOQUE GAB -,VOLERY 3469950666FP,ingest_batch_0001.csv
TIER_1_EXACT,786493647310,"['354352135939', '21640041204', '466114972291', '450053949298', '699779590240', '534810703155', '220959106260', '927314809658', '227059988163', '191392253331', '558232210204', '102283764873', '917513032164', '429024827273', '898193005519', '74195931568', '784836879274', '880481905998', '758587226811', '461085488212', '135843188065', '762258332727', '951441471643', '54095042091', '594208825338', '995851825030', '551130559724', '597389291349', '526948646744', '275554762637', '354864051599', '853150068318']",354352135939,0,False,ingest_batch_0001.csv,32,False,7e723675-d0c6-4774-90e0-92f59213b0f8,2026-08-31,TIER_1_EXACT,rule_engine,0,354352135939,786493647310,ACC#00001,USD,50542100.00,50542100.00,2023-03-08,2023-03-08,008278546 41477 OKET484 L9IE92U                                                                 UPCLOSER MONOCOQUE GAB -,VOLERY 3469938666FP,ingest_batch_0001.csv
TIER_1_EXACT,487968153403,"['214936818314', '42899087122', '679824425117', '523091385685']",214936818314,0,False,ingest_batch_0001.csv,4,False,0c5baba1-2157-4980-b800-13679f26f2ea,2026-08-31,TIER_1_EXACT,rule_engine,0,214936818314,487968153403,ACC#00001,USD,-36119237.90,-36119237.90,2023-03-08,2023-03-08,008271523 41477 MOZO702 L9IE91Q                                                                 UPCLOSER MONOCOQUE GAB -,VOLERY 3465211666FP,ingest_batch_0001.csv
TIER_1_EXACT,365186329255,"['727469164383', '992763779159']",727469164383,0,False,ingest_batch_0001.csv,2,False,443525b7-b0fc-4b90-b1ad-3f814f9a5e9d,2026-08-31,TIER_1_EXACT,rule_engine,0,727469164383,365186329255,ACC#00001,USD,-50599384.36,-50599384.36,2023-03-08,2023-03-08,008264592 17661 OKET964                                                                         UPCLOSER MONOCOQUE GAB -,VOLERY 3465485666FP,ingest_batch_0001.csv
TIER_1_EXACT,233548088928,"['749358811213', '94136716635', '650779745147', '631203994520', '996527134266', '419426225476', '777270367435', '605944387518', '522552210262', '174250237797', '525101768874', '305649949104', '876617636937', '78973828521', '741709888681', '97062811502', '127882790094', '460539844183', '214686643641', '246672828473', '72989975261', '854693720663', '848302690618', '283092779939', '114863308428', '71485516240', '242450648271', '312138480957']",749358811213,0,False,ingest_batch_0001.csv,28,False,7aa5e126-d28f-4bbe-b79c-cb172545b0a3,2026-08-31,TIER_1_EXACT,rule_engine,0,749358811213,233548088928,ACC#00001,USD,-50541522.90,-50541522.90,2023-03-08,2023-03-08,008208644 41477 OKET484 L9IE2DJ                                                                 UPCLOSER MONOCOQUE GAB -,VOLERY 3465260666FP,ingest_batch_0001.csv
TIER_1_EXACT,637035937865,"['21640041204', '466114972291', '450053949298', '699779590240', '534810703155', '220959106260', '927314809658', '227059988163', '191392253331', '558232210204', '102283764873', '917513032164', '429024827273', '898193005519', '74195931568', '784836879274', '880481905998', '758587226811', '461085488212', '135843188065', '762258332727', '951441471643', '54095042091', '594208825338', '995851825030', '551130559724', '597389291349', '526948646744', '275554762637', '354864051599', '853150068318']",21640041204,0,False,ingest_batch_0001.csv,31,False,ae05f06b-60a3-4900-89f2-03a9b2c82898,2026-08-31,TIER_1_EXACT,rule_engine,0,21640041204,637035937865,ACC#00001,USD,50542100.00,50542100.00,2023-03-08,2023-03-08,008278548 41477 OKET746 L9IE92H                                                                 UPCLOSER MONOCOQUE GAB -,VOLERY 3469906666FP,ingest_batch_0001.csv
TIER_1_EXACT,798774407019,"['346423838733', '338645534259', '605949237591']",346423838733,0,False,ingest_batch_0001.csv,3,False,092b56d6-b1d8-41b9-8e66-a24ef4862c3e,2026-08-31,TIER_1_EXACT,rule_engine,0,346423838733,798774407019,ACC#00001,USD,-39835293.75,-39835293.75,2023-03-08,2023-03-08,008452628 17661 OKET964                                                                         UPCLOSER MONOCOQUE GAB -,VOLERY 3465249666FP,ingest_batch_0001.csv
TIER_1_EXACT,281053088495,"['466114972291', '450053949298', '699779590240', '534810703155', '220959106260', '927314809658', '227059988163', '191392253331', '558232210204', '102283764873', '917513032164', '429024827273', '898193005519', '74195931568', '784836879274', '880481905998', '758587226811', '461085488212', '135843188065', '762258332727', '951441471643', '54095042091', '594208825338', '995851825030', '551130559724', '597389291349', '526948646744', '275554762637', '354864051599', '853150068318']",466114972291,0,False,ingest_batch_0001.csv,30,False,a74a6aba-90c5-4f6f-a62d-8544d2a4bdde,2026-08-31,TIER_1_EXACT,rule_engine,0,466114972291,281053088495,ACC#00001,USD,50542100.00,50542100.00,2023-03-08,2023-03-08,008278546 41477 OKET484 L9IE92U                                                                 UPCLOSER MONOCOQUE GAB -,VOLERY 3469997666FP,ingest_batch_0001.csv
TIER_1_EXACT,886839477556,"['157150923448', '646357365553', '681288703017', '78305584883', '124382860181', '857222094071', '854672757527', '777536274882', '273139787738', '252299604763', '340948368837', '960271778729', '136343131700', '644396672422']",157150923448,0,False,ingest_batch_0001.csv,14,False,b5419730-b2cc-4052-9bb1-fe27436ff3bf,2026-08-31,TIER_1_EXACT,rule_engine,0,157150923448,886839477556,ACC#00001,USD,54179600.00,54179600.00,2023-03-08,2023-03-08,008278542 41477 OKET964 L9IE92F                                                                 UPCLOSER MONOCOQUE GAB -,VOLERY 3469928666FP,ingest_batch_0001.csv
TIER_1_EXACT,923437194982,"['180075555570', '82596901939', '141513488428', '483208765310', '947709856527', '429269901928', '559200795198', '916716772799']",180075555570,0,False,ingest_batch_0001.csv,8,False,06f3929f-4aca-48dc-960b-3dbb9ba5a17f,2026-08-31,TIER_1_EXACT,rule_engine,0,180075555570,923437194982,ACC#00001,USD,43726100.00,43726100.00,2023-03-08,2023-03-08,008278550 41477 OKET481 L9IE92I                                                                 UPCLOSER MONOCOQUE GAB -,VOLERY 3469987666FP,ingest_batch_0001.csv
TIER_1_EXACT,355425667248,"['195493913591', '267672024394']",195493913591,0,False,ingest_batch_0001.csv,2,False,dcf72e9c-f6b9-4766-baf8-8e1d913bbc4f,2026-08-31,TIER_1_EXACT,rule_engine,0,195493913591,355425667248,ACC#00001,USD,-60054000.00,-60054000.00,2023-03-08,2023-03-08,008278522 41477 NAPE159 L9IE92S                                                                 UPCLOSER MONOCOQUE GAB -,VOLERY 3465283666FP,ingest_batch_0001.csv
TIER_1_EXACT,157865486333,"['318789022887', '847811111225']",318789022887,0,False,ingest_batch_0001.csv,2,False,84beb6d5-8407-4f67-8413-d5b886e1de56,2026-08-31,TIER_1_EXACT,rule_engine,0,318789022887,157865486333,ACC#00001,USD,34269504.10,34269504.10,2023-03-08,2023-03-08,008200444 41477 MOZO702 L9IE2Y2                                                                 UPCLOSER MONOCOQUE GAB -,VOLERY 3469548666FP,ingest_batch_0001.csv
TIER_1_EXACT,953890259844,"['94136716635', '650779745147', '631203994520', '996527134266', '419426225476', '777270367435', '605944387518', '522552210262', '174250237797', '525101768874', '305649949104', '876617636937', '78973828521', '741709888681', '97062811502', '127882790094', '460539844183', '214686643641', '246672828473', '72989975261', '854693720663', '848302690618', '283092779939', '114863308428', '71485516240', '242450648271', '312138480957']",94136716635,0,False,ingest_batch_0001.csv,27,False,dbbb6b71-e55f-4885-ad0d-4b1b41c4b5a2,2026-08-31,TIER_1_EXACT,rule_engine,0,94136716635,953890259844,ACC#00001,USD,-50541522.90,-50541522.90,2023-03-08,2023-03-08,008208644 41477 OKET484 L9IE2DJ                                                                 UPCLOSER MONOCOQUE GAB -,VOLERY 3465448666FP,ingest_batch_0001.csv
TIER_1_EXACT,856606567819,"['450053949298', '699779590240', '534810703155', '220959106260', '927314809658', '227059988163', '191392253331', '558232210204', '102283764873', '917513032164', '429024827273', '898193005519', '74195931568', '784836879274', '880481905998', '758587226811', '461085488212', '135843188065', '762258332727', '951441471643', '54095042091', '594208825338', '995851825030', '551130559724', '597389291349', '526948646744', '275554762637', '354864051599', '853150068318']",450053949298,0,False,ingest_batch_0001.csv,29,False,846cf173-994a-4a94-a50f-830250edc7bf,2026-08-31,TIER_1_EXACT,rule_engine,0,450053949298,856606567819,ACC#00001,USD,50542100.00,50542100.00,2023-03-08,2023-03-08,008278546 41477 OKET484 L9IE92U                                                                 UPCLOSER MONOCOQUE GAB -,VOLERY 3469969666FP,ingest_batch_0001.csv
TIER_1_EXACT,772507885240,"['190532195611', '763623167656', '656229618930', '798520877141', '459630869840', '131453647633', '417625035332', '487278083099', '318922737233', '974670701809', '277007327075', '287306932973', '941765328913', '85689843216', '769687112844', '279400280081', '791475607182']",190532195611,0,False,ingest_batch_0001.csv,17,False,5c2c44cd-a4c8-4393-9fdf-4cce2ae85955,2026-08-31,TIER_1_EXACT,rule_engine,0,190532195611,772507885240,ACC#00001,USD,50591477.26,50591477.26,2023-03-08,2023-03-08,008454588 16768 OKET964                                                                         JOQVY ELUVIA DESINENT,VOLERY 3406673666FP,ingest_batch_0001.csv
TIER_1_EXACT,528634148079,"['608307053638', '690954978868']",608307053638,0,False,ingest_batch_0001.csv,2,False,704e525d-b42b-4192-a98c-a71e09aa3e3a,2026-08-31,TIER_1_EXACT,rule_engine,0,608307053638,528634148079,ACC#00001,USD,410000.00,-410000.00,2023-03-08,2023-03-08,29266RANLH 29266RANLH                                                                      JOQVY ELUVIA- KR,51330V 1163366176XD,ingest_batch_0001.csv
