matchId,matchDate,matchRule,matchedBy,wasPreviouslyMismatched,internal_txn_id,external_txn_id,account,currency,cache_amount,ingest_amount,cache_date,ingest_date,cache_reference,ingest_reference,batch_file
a1226f0b-3c58-493e-915a-46f5c84ac948,2026-09-08,TIER_1_EXACT,rule_engine,0,617245352316,107142878982,ACC#00017,USD,-200.00,-200.00,2022-12-21,2022-12-21,646595 666666661086404,ICY6962 L-8890866781LL,ingest_batch_0001.csv
84ce081a-94d4-408e-9897-281c7def5c03,2026-09-08,TIER_1_EXACT,rule_engine,0,771877762490,11237043666,ACC#00001,USD,-1275.72,-1275.72,2023-02-22,2023-02-22,029267 666666661730482,10W9516855164 1640666855ER,ingest_batch_0001.csv
547bf8b8-c370-40fb-9f8c-064a84697217,2026-09-08,TIER_1_EXACT,rule_engine,0,153894326861,553520534945,ACC#00022,USD,-20232.19,-20232.19,2023-02-25,2023-02-25,336T656I6P676L6P 646T656I6P686764                                                                SLATTERN TYPY OEV,1666767548 7672066169XD,ingest_batch_0001.csv
8d022286-5505-4df3-a783-e357ae0e3e22,2026-09-08,TIER_1_EXACT,rule_engine,0,358420400822,252071214504,ACC#00010,USD,-160000.00,-160000.00,2023-03-01,2023-03-01,600806 666666661033209,OS69101166666619 8233066101XD,ingest_batch_0001.csv
e61d8228-7cc6-4c20-a388-9dc4eb9abced,2026-09-08,TIER_1_EXACT,rule_engine,0,664213211439,660373032127,ACC#00011,USD,-2070.21,-2070.21,2023-03-04,2023-03-04,666766 666666661084374,E3602064 9310466104VI,ingest_batch_0001.csv
765e4c1c-cd08-46a0-8cc4-caa43c39a515,2026-09-08,TIER_1_EXACT,rule_engine,0,798063992862,119654552257,ACC#00024,USD,-1518.38,-1518.38,2023-03-04,2023-03-04,RM129669  67666 UPCLOSER MONOCOQUE GAB -,VOLERY 6714366104RN,ingest_batch_0001.csv
e6374217-194e-4c1f-92ee-43ae90c9bf8b,2026-09-08,TIER_1_EXACT,rule_engine,0,462124819111,495667884292,ACC#00015,USD,-436.76,-436.76,2023-03-04,2023-03-04,667845 666666661034123,VOLERY 5632966104XD,ingest_batch_0001.csv
9e0d6505-ad0f-48c1-a9e4-25b9978413b6,2026-09-08,TIER_1_EXACT,rule_engine,0,719910457773,835803001032,ACC#00014,USD,50542100.00,50542100.00,2023-03-05,2023-03-05,008208643 41477 OKET484 L9IE2DJ                                                                 UPCLOSER MONOCOQUE GAB -,VOLERY 3399899666FP,ingest_batch_0001.csv
ce76df8a-a6b9-4121-bfa1-1e4a1345fa17,2026-09-08,TIER_1_EXACT,rule_engine,0,824661020962,343407011653,ACC#00018,USD,-50542182.76,-50542182.76,2023-03-05,2023-03-05,008267441 41477 OKET481 L9IE3FE                                                                 UPCLOSER MONOCOQUE GAB -,VOLERY 3395822666FP,ingest_batch_0001.csv
c28e50f9-d601-4bd8-b861-0436e33bb05e,2026-09-08,TIER_1_EXACT,rule_engine,0,107788624902,422211410299,ACC#00013,USD,-715.69,-715.69,2023-03-05,2023-03-05,667845 666666661034122,ICHTHYIZATION 4642566102XD,ingest_batch_0001.csv
ecdb385b-770b-4320-b155-860b0afa337f,2026-09-08,TIER_1_EXACT,rule_engine,0,862968935592,604938346277,ACC#00011,USD,-50541845.81,-50541845.81,2023-03-05,2023-03-05,008267481 41477 OKET484 L9IE3SP                                                                 UPCLOSER MONOCOQUE GAB -,VOLERY 3395847666FP,ingest_batch_0001.csv
195dfaaa-72f7-4f0f-9615-6be66fe7e8a7,2026-09-08,TIER_1_EXACT,rule_engine,0,975328207044,452842441648,ACC#00002,USD,34231125.50,34231125.50,2023-03-05,2023-03-05,008203049 41477 MOZO702 L9IE28F                                                                 JOQVY H.C. ZUCCHINIS TENT,VOLERY 3399451666FP,ingest_batch_0001.csv
2c367092-0165-4376-a148-e4f63dc96634,2026-09-08,TIER_1_EXACT,rule_engine,0,101617294919,281382003638,ACC#00018,USD,-50541845.81,-50541845.81,2023-03-05,2023-03-05,008267481 41477 OKET484 L9IE3SP                                                                 UPCLOSER MONOCOQUE GAB -,VOLERY 3395835666FP,ingest_batch_0001.csv
62fe9135-b7ec-4c03-b776-2b2c75940ab9,2026-09-08,TIER_1_EXACT,rule_engine,0,192363995351,588351848386,ACC#00025,USD,-50541845.81,-50541845.81,2023-03-05,2023-03-05,008267481 41477 OKET484 L9IE3SP                                                                 UPCLOSER MONOCOQUE GAB -,VOLERY 3395843666FP,ingest_batch_0001.csv
2fa256a8-3487-4bfd-89d0-bf3fb2ac7c15,2026-09-08,TIER_1_EXACT,rule_engine,0,4706704152,425112151303,ACC#00002,USD,56531012.15,56531012.15,2023-03-05,2023-03-05,008267445 41477 NAPE580 L9IE3F6                                                                 UPCLOSER MONOCOQUE GAB -,VOLERY 3399847666FP,ingest_batch_0001.csv
29ed934d-d0f3-4875-82b8-1ef907849fed,2026-09-08,TIER_1_EXACT,rule_engine,0,475203870860,766426427755,ACC#00021,USD,50542100.00,50542100.00,2023-03-05,2023-03-05,008208643 41477 OKET484 L9IE2DJ                                                                 UPCLOSER MONOCOQUE GAB -,VOLERY 3399851666FP,ingest_batch_0001.csv
0bee2ba0-e9e6-4a1a-bbe5-da3befe8037c,2026-09-08,TIER_1_EXACT,rule_engine,0,812019820177,715477149266,ACC#00009,USD,34231125.50,34231125.50,2023-03-05,2023-03-05,008203049 41477 MOZO702 L9IE28F                                                                 JOQVY H.C. ZUCCHINIS TENT,VOLERY 3399457666FP,ingest_batch_0001.csv
7724866b-0a00-449c-be61-c0620dfd02b0,2026-09-08,TIER_1_EXACT,rule_engine,0,655223831029,447703585185,ACC#00005,USD,-32083311.80,-32083311.80,2023-03-05,2023-03-05,008261117 41477 MOZO702 L9IE3ZH                                                                 JOQVY H.C. ZUCCHINIS TENT,VOLERY 3399874666FP,ingest_batch_0001.csv
611dd3e0-c286-4489-a9bb-771b3787da77,2026-09-08,TIER_1_EXACT,rule_engine,0,710229987711,694473197191,ACC#00018,USD,121910.00,121910.00,2023-03-05,2023-03-05,008422892 67089 OKET216                                                                         ALL BILAAN ANGELINA ALGID,VOLERY 3395004666FP,ingest_batch_0001.csv
2ce49448-45ec-43e3-82a3-ee6b921da886,2026-09-08,TIER_1_EXACT,rule_engine,0,389322511412,251355375200,ACC#00032,USD,-50541845.81,-50541845.81,2023-03-05,2023-03-05,008267481 41477 OKET484 L9IE3SP                                                                 UPCLOSER MONOCOQUE GAB -,VOLERY 3395839666FP,ingest_batch_0001.csv
9c5b2b13-669b-49c2-b6e9-8017a16a28be,2026-09-08,TIER_1_EXACT,rule_engine,0,458851791874,229158719526,ACC#00004,USD,-34269218.51,-34269218.51,2023-03-05,2023-03-05,008200443 41477 MOZO702 L9IE2Y2                                                                 UPCLOSER MONOCOQUE GAB -,VOLERY 3395369666FP,ingest_batch_0001.csv
6a41b541-950f-4f3b-943d-94f676505a03,2026-09-08,TIER_1_EXACT,rule_engine,0,866196414328,998959280318,ACC#00039,USD,-50541845.81,-50541845.81,2023-03-05,2023-03-05,008267481 41477 OKET484 L9IE3SP                                                                 UPCLOSER MONOCOQUE GAB -,VOLERY 3395849666FP,ingest_batch_0001.csv
b11156e9-0d10-40d9-9ca1-5a25c66f63c6,2026-09-08,TIER_1_EXACT,rule_engine,0,510312409580,645447954572,ACC#00046,USD,-50541845.81,-50541845.81,2023-03-05,2023-03-05,008267481 41477 OKET484 L9IE3SP                                                                 UPCLOSER MONOCOQUE GAB -,VOLERY 3395834666FP,ingest_batch_0001.csv
01d9545c-2a9c-4859-ac96-d5de874c3f15,2026-09-08,TIER_1_EXACT,rule_engine,0,787970103473,552666666219,ACC#00016,USD,34231125.50,34231125.50,2023-03-05,2023-03-05,008203049 41477 MOZO702 L9IE28F                                                                 JOQVY H.C. ZUCCHINIS TENT,VOLERY 3399450666FP,ingest_batch_0001.csv
9facb5e8-203e-4363-bd41-c14c5ec3718a,2026-09-08,TIER_1_EXACT,rule_engine,0,742892324290,64074362557,ACC#00053,USD,-50541845.81,-50541845.81,2023-03-05,2023-03-05,008267481 41477 OKET484 L9IE3SP                                                                 UPCLOSER MONOCOQUE GAB -,VOLERY 3395881666FP,ingest_batch_0001.csv
9be73642-f816-4c1f-b834-0a3d2b9f4c09,2026-09-08,TIER_1_EXACT,rule_engine,0,842461864965,846781499499,ACC#00028,USD,50542100.00,50542100.00,2023-03-05,2023-03-05,008208643 41477 OKET484 L9IE2DJ                                                                 UPCLOSER MONOCOQUE GAB -,VOLERY 3399365666FP,ingest_batch_0001.csv
25ba7d2c-aa17-4f9c-bd57-3b0f40237a7b,2026-09-08,TIER_1_EXACT,rule_engine,0,223256530255,818063502686,ACC#00035,USD,50542100.00,50542100.00,2023-03-05,2023-03-05,008208643 41477 OKET484 L9IE2DJ                                                                 UPCLOSER MONOCOQUE GAB -,VOLERY 3399305666FP,ingest_batch_0001.csv
aaae71b0-debc-4bb6-adb2-667b4f4a8971,2026-09-08,TIER_1_EXACT,rule_engine,0,17741829911,691923965830,ACC#00024,USD,143416.80,143416.80,2023-03-05,2023-03-05,008422893 67089 OKET216                                                                         ALL BILAAN ANGELINA ALGID,VOLERY 3395003666FP,ingest_batch_0001.csv
593b4743-7d44-4fbd-b911-69a74a843d2f,2026-09-08,TIER_1_EXACT,rule_engine,0,881052745797,965285042019,ACC#00003,USD,-2232100.00,-2232100.00,2023-03-05,2023-03-05,008449030 12667 AUG0850                                                                         VERANDAH VOWED DIE GOLOKA,VOLERY 3466646666FP,ingest_batch_0001.csv
91cc6d52-a142-4f84-8797-ffd6fd8f0c5f,2026-09-08,TIER_1_EXACT,rule_engine,0,17991905448,671085764168,ACC#00042,USD,50542100.00,50542100.00,2023-03-05,2023-03-05,008208643 41477 OKET484 L9IE2DJ                                                                 UPCLOSER MONOCOQUE GAB -,VOLERY 3399891666FP,ingest_batch_0001.csv
920f40b6-9844-4ea5-8280-9dd34f739d62,2026-09-08,TIER_1_EXACT,rule_engine,0,136456241968,148922611223,ACC#00024,USD,43726100.00,43726100.00,2023-03-05,2023-03-05,008208652 41477 OKET481 L9IE2ID                                                                 UPCLOSER MONOCOQUE GAB -,VOLERY 3399388666FP,ingest_batch_0001.csv
f65f8344-07f7-4802-ba7b-a8842e07f49d,2026-09-08,TIER_1_EXACT,rule_engine,0,68215564144,578096457066,ACC#00049,USD,50542100.00,50542100.00,2023-03-05,2023-03-05,008208643 41477 OKET484 L9IE2DJ                                                                 UPCLOSER MONOCOQUE GAB -,VOLERY 3399853666FP,ingest_batch_0001.csv
71efeeba-9edd-41ea-a985-4e46fb6f2c04,2026-09-08,TIER_1_EXACT,rule_engine,0,981623189157,978722050988,ACC#00031,USD,43726100.00,43726100.00,2023-03-05,2023-03-05,008208652 41477 OKET481 L9IE2ID                                                                 UPCLOSER MONOCOQUE GAB -,VOLERY 3399311666FP,ingest_batch_0001.csv
dde1e8f3-a741-4e47-b8db-4a7cbb7482e7,2026-09-08,TIER_1_EXACT,rule_engine,0,869592125423,580125922255,ACC#00056,USD,50542100.00,50542100.00,2023-03-05,2023-03-05,008208643 41477 OKET484 L9IE2DJ                                                                 UPCLOSER MONOCOQUE GAB -,VOLERY 3399303666FP,ingest_batch_0001.csv
41e637cc-ce2b-4075-bc66-086bf2bbefb1,2026-09-08,TIER_1_EXACT,rule_engine,0,210691962528,559069549646,ACC#00010,USD,-2232100.00,-2232100.00,2023-03-05,2023-03-05,008449179 12667 AUG0856                                                                         V/IYI,VOLERY 3466699666FP,ingest_batch_0001.csv
22f3dda8-a1df-4cbf-bc76-f95433670767,2026-09-08,TIER_1_EXACT,rule_engine,0,501484026243,919613107930,ACC#00018,USD,1832600.00,1832600.00,2023-03-05,2023-03-05,008208573 67888 SHOWD61 L9IE21N                                                                 JO TONITE ETHERIFIES GAB,VOLERY 3399331666FP,ingest_batch_0001.csv
6fecb9da-2e87-4bb3-ae3d-8d0ae677df65,2026-09-08,TIER_1_EXACT,rule_engine,0,806316784017,984373260473,ACC#00019,USD,841.00,841.00,2023-03-05,2023-03-05,RM750564  67666 YUO WATERER CRYOCHORIC NM,RM750564-767-660 7902566102VI,ingest_batch_0001.csv
9e273283-1408-426c-b126-c12080274cac,2026-09-08,TIER_1_EXACT,rule_engine,0,874183618778,350273613813,ACC#00038,USD,43726100.00,43726100.00,2023-03-05,2023-03-05,008208652 41477 OKET481 L9IE2ID                                                                 UPCLOSER MONOCOQUE GAB -,VOLERY 3399313666FP,ingest_batch_0001.csv
0a527256-7eba-4e96-89a3-d7cad572d019,2026-09-08,TIER_1_EXACT,rule_engine,0,705356512841,727518217517,ACC#00063,USD,50542100.00,50542100.00,2023-03-05,2023-03-05,008208643 41477 OKET484 L9IE2DJ                                                                 UPCLOSER MONOCOQUE GAB -,VOLERY 3399859666FP,ingest_batch_0001.csv
8bc8ee83-3d88-4d2f-8b46-c2846a9d065c,2026-09-08,TIER_1_EXACT,rule_engine,0,161029840110,886217160882,ACC#00070,USD,50542100.00,50542100.00,2023-03-05,2023-03-05,008208643 41477 OKET484 L9IE2DJ                                                                 UPCLOSER MONOCOQUE GAB -,VOLERY 3399309666FP,ingest_batch_0001.csv
99976fe9-1652-4643-b6df-cdf001e5f828,2026-09-08,TIER_1_EXACT,rule_engine,0,157880522384,311006741712,ACC#00045,USD,43726100.00,43726100.00,2023-03-05,2023-03-05,008208652 41477 OKET481 L9IE2ID                                                                 UPCLOSER MONOCOQUE GAB -,VOLERY 3399319666FP,ingest_batch_0001.csv
74ce11a5-da1d-4057-9019-2d56cefcd777,2026-09-08,TIER_1_EXACT,rule_engine,0,580530702853,242654454150,ACC#00052,USD,43726100.00,43726100.00,2023-03-05,2023-03-05,008208652 41477 OKET481 L9IE2ID                                                                 UPCLOSER MONOCOQUE GAB -,VOLERY 3399315666FP,ingest_batch_0001.csv
35d50aa6-eb9c-41fa-8b29-5ac25d2849f5,2026-09-08,TIER_1_EXACT,rule_engine,0,967469393415,881938024675,ACC#00023,USD,34231125.50,34231125.50,2023-03-05,2023-03-05,008203049 41477 MOZO702 L9IE28F                                                                 JOQVY H.C. ZUCCHINIS TENT,VOLERY 3399453666FP,ingest_batch_0001.csv
f7779ce8-dcda-4493-9187-143b3c23143f,2026-09-08,TIER_1_EXACT,rule_engine,0,961046323692,928226677486,ACC#00077,USD,50542100.00,50542100.00,2023-03-05,2023-03-05,008208643 41477 OKET484 L9IE2DJ                                                                 UPCLOSER MONOCOQUE GAB -,VOLERY 3399894666FP,ingest_batch_0001.csv
7923de8b-b404-44d4-b007-91918fa7c8d3,2026-09-08,TIER_1_EXACT,rule_engine,0,243160886294,583673656783,ACC#00017,USD,-737857.94,-737857.94,2023-03-05,2023-03-05,008459795 15574 OKET481                                                                         JACKPLANE AVIARY PANTOPOD,VOLERY 3395878666FP,ingest_batch_0001.csv
89ec6415-660e-436a-b6d4-04fcc2a0bf27,2026-09-08,TIER_1_EXACT,rule_engine,0,885578425387,227215363027,ACC#00014,USD,-1159150.00,-1159150.00,2023-03-05,2023-03-05,008445467 12667 AUG0856                                                                         DUPPY GEOMETRINE INTERSEX,VOLERY 3466695666FP,ingest_batch_0001.csv
185270c5-af6f-4092-90eb-dbb830b59a5d,2026-09-08,TIER_1_EXACT,rule_engine,0,481167657935,375927447228,ACC#00060,USD,-50541845.81,-50541845.81,2023-03-05,2023-03-05,008267481 41477 OKET484 L9IE3SP                                                                 UPCLOSER MONOCOQUE GAB -,VOLERY 3395888666FP,ingest_batch_0001.csv
3b97ae88-98c8-4f0d-89c1-57eb2fbc6816,2026-09-08,TIER_1_EXACT,rule_engine,0,778712413339,126513547052,ACC#00084,USD,50542100.00,50542100.00,2023-03-05,2023-03-05,008208643 41477 OKET484 L9IE2DJ                                                                 UPCLOSER MONOCOQUE GAB -,VOLERY 3399369666FP,ingest_batch_0001.csv
838f8b12-1020-4060-bcaa-390c727bf0c7,2026-09-08,TIER_1_EXACT,rule_engine,0,134748876965,792315743950,ACC#00091,USD,50542100.00,50542100.00,2023-03-05,2023-03-05,008208643 41477 OKET484 L9IE2DJ                                                                 UPCLOSER MONOCOQUE GAB -,VOLERY 3399892666FP,ingest_batch_0001.csv
3310b5d4-3627-4bd7-9e3b-9b848d70ec32,2026-09-08,TIER_1_EXACT,rule_engine,0,124795823626,551869276783,ACC#00010,USD,-48660000.00,-48660000.00,2023-03-05,2023-03-05,008208642 41477 NAPE580 L9IE2DH                                                                 UPCLOSER MONOCOQUE GAB -,VOLERY 3395301666FP,ingest_batch_0001.csv
7abd35a2-f2de-42f2-ae62-0792d20c0e3c,2026-09-08,TIER_1_EXACT,rule_engine,0,231499868688,498219716951,ACC#00098,USD,50542100.00,50542100.00,2023-03-05,2023-03-05,008208643 41477 OKET484 L9IE2DJ                                                                 UPCLOSER MONOCOQUE GAB -,VOLERY 3399301666FP,ingest_batch_0001.csv
192e0668-5679-4b18-a510-51e39f4a1b64,2026-09-08,TIER_1_EXACT,rule_engine,0,161696674448,55031072898,ACC#00025,USD,-50542182.76,-50542182.76,2023-03-05,2023-03-05,008267441 41477 OKET481 L9IE3FE                                                                 UPCLOSER MONOCOQUE GAB -,VOLERY 3395829666FP,ingest_batch_0001.csv
69565af4-4007-4d01-90ea-cd3410fbe7cb,2026-09-08,TIER_1_EXACT,rule_engine,0,114066334529,900511207312,ACC#00067,USD,-50541845.81,-50541845.81,2023-03-05,2023-03-05,008267481 41477 OKET484 L9IE3SP                                                                 UPCLOSER MONOCOQUE GAB -,VOLERY 3395812666FP,ingest_batch_0001.csv
9455f4d0-f1c4-4f24-b200-1dac4cc25942,2026-09-08,TIER_1_EXACT,rule_engine,0,245738866699,737872520458,ACC#00012,USD,-55546200.00,-55546200.00,2023-03-05,2023-03-05,008208626 41477 OKET746 L9IE2DE                                                                 UPCLOSER MONOCOQUE GAB -,VOLERY 3395304666FP,ingest_batch_0001.csv
392240e8-2beb-4af2-b710-63aa945480b6,2026-09-08,TIER_1_EXACT,rule_engine,0,131337710469,351792386869,ACC#00074,USD,-50541845.81,-50541845.81,2023-03-05,2023-03-05,008267481 41477 OKET484 L9IE3SP                                                                 UPCLOSER MONOCOQUE GAB -,VOLERY 3395836666FP,ingest_batch_0001.csv
4a768ee8-9539-41d2-aea3-d0eefd6f1277,2026-09-08,TIER_1_EXACT,rule_engine,0,844071755423,19684960729,ACC#00032,USD,-50542182.76,-50542182.76,2023-03-05,2023-03-05,008267441 41477 OKET481 L9IE3FE                                                                 UPCLOSER MONOCOQUE GAB -,VOLERY 3395853666FP,ingest_batch_0001.csv
27536e80-7098-4a8b-8dd2-8fc5139d24b2,2026-09-08,TIER_1_EXACT,rule_engine,0,638158327565,786706289538,ACC#00021,USD,-1159150.00,-1159150.00,2023-03-05,2023-03-05,008448294 12667 AUG0856                                                                         TYPY HODFUL NAIL BUT GAUR,VOLERY 3466696666FP,ingest_batch_0001.csv
b577a92f-1524-4874-845c-ff2d67a57633,2026-09-08,TIER_1_EXACT,rule_engine,0,257194744000,475932870737,ACC#00019,USD,-55546200.00,-55546200.00,2023-03-05,2023-03-05,008208626 41477 OKET746 L9IE2DE                                                                 UPCLOSER MONOCOQUE GAB -,VOLERY 3395308666FP,ingest_batch_0001.csv
4b7938fb-fda6-473b-84f3-fc4154fbce1b,2026-09-08,TIER_1_EXACT,rule_engine,0,761892421024,461776077603,ACC#00059,USD,43726100.00,43726100.00,2023-03-05,2023-03-05,008208652 41477 OKET481 L9IE2ID                                                                 UPCLOSER MONOCOQUE GAB -,VOLERY 3399381666FP,ingest_batch_0001.csv
5f39098d-925f-48a2-900e-dd300fc337e3,2026-09-08,TIER_1_EXACT,rule_engine,0,217004451209,365288948477,ACC#00018,USD,59980212.27,59980212.27,2023-03-05,2023-03-05,008267435 41477 NAPE159 L9IE3ND                                                                 UPCLOSER MONOCOQUE GAB -,VOLERY 3399846666FP,ingest_batch_0001.csv
cd800343-83c3-4237-adfa-9f482fdbce95,2026-09-08,TIER_1_EXACT,rule_engine,0,979888782543,294587022047,ACC#00015,USD,-35184100.00,-35184100.00,2023-03-05,2023-03-05,008424235 41416 MOZO637 L9HG922                                                                 UPCLOSER MONOCOQUE GAB -,VOLERY 3395877666FP,ingest_batch_0001.csv
91d1771d-5dca-4aa5-9639-d79b0102e91c,2026-09-08,TIER_1_EXACT,rule_engine,0,597913933334,845887029551,ACC#00105,USD,50542100.00,50542100.00,2023-03-05,2023-03-05,008208643 41477 OKET484 L9IE2DJ                                                                 UPCLOSER MONOCOQUE GAB -,VOLERY 3399850666FP,ingest_batch_0001.csv
481e27e0-c160-4ef6-b5ce-1da54714ef13,2026-09-08,TIER_1_EXACT,rule_engine,0,454862586499,735969924422,ACC#00081,USD,-50541845.81,-50541845.81,2023-03-05,2023-03-05,008267481 41477 OKET484 L9IE3SP                                                                 UPCLOSER MONOCOQUE GAB -,VOLERY 3395811666FP,ingest_batch_0001.csv
57733c52-7c44-4e48-8feb-c7d77e571cd3,2026-09-08,TIER_1_EXACT,rule_engine,0,496821694329,850704521622,ACC#00039,USD,-50542182.76,-50542182.76,2023-03-05,2023-03-05,008267441 41477 OKET481 L9IE3FE                                                                 UPCLOSER MONOCOQUE GAB -,VOLERY 3395824666FP,ingest_batch_0001.csv
8e862cf6-569f-46f9-910c-5bcebdaea9ec,2026-09-08,TIER_1_EXACT,rule_engine,0,103295883780,187908639319,ACC#00011,USD,-34269218.51,-34269218.51,2023-03-05,2023-03-05,008200443 41477 MOZO702 L9IE2Y2                                                                 UPCLOSER MONOCOQUE GAB -,VOLERY 3395362666FP,ingest_batch_0001.csv
3a77e7fa-a469-4dc1-94ed-62256bc7dae4,2026-09-08,TIER_1_EXACT,rule_engine,0,236680100476,982398617297,ACC#00018,USD,-34269218.51,-34269218.51,2023-03-05,2023-03-05,008200443 41477 MOZO702 L9IE2Y2                                                                 UPCLOSER MONOCOQUE GAB -,VOLERY 3395363666FP,ingest_batch_0001.csv
c1fc9298-3577-4d04-8ea4-3ef655b1fbbc,2026-09-08,TIER_1_EXACT,rule_engine,0,810757489963,373499266506,ACC#00014,USD,-124598.49,124598.49,2023-03-05,2023-03-05,008261621 67888 CHOIL61 L9IE3S4                                                                 JO TONITE ETHERIFIES GAB,VOLERY 3399385666FP,ingest_batch_0001.csv
5dfeb415-2b69-47d9-b142-e2a37788eeeb,2026-09-08,TIER_1_EXACT,rule_engine,0,423148581268,646096553004,ACC#00012,USD,-32083311.80,-32083311.80,2023-03-05,2023-03-05,008261117 41477 MOZO702 L9IE3ZH                                                                 JOQVY H.C. ZUCCHINIS TENT,VOLERY 3399872666FP,ingest_batch_0001.csv
1829dad6-07b4-41f2-9fc5-01ca72bfab62,2026-09-08,TIER_1_EXACT,rule_engine,0,133851228158,523838382765,ACC#00046,USD,-50542182.76,-50542182.76,2023-03-05,2023-03-05,008267441 41477 OKET481 L9IE3FE                                                                 UPCLOSER MONOCOQUE GAB -,VOLERY 3395852666FP,ingest_batch_0001.csv
99024c08-1938-4b64-8ac8-ee48d6af3a7d,2026-09-08,TIER_1_EXACT,rule_engine,0,148758623123,579489050722,ACC#00016,USD,-51200.00,-51200.00,2023-03-05,2023-03-05,RM129549  67666 UROL GEOMETRINE MQYL,VOLERY 8959566102XD,ingest_batch_0001.csv
c9e3b2e1-995f-4931-ae50-97b9274801e0,2026-09-08,TIER_1_EXACT,rule_engine,0,679799366782,86180660249,ACC#00088,USD,-50541845.81,-50541845.81,2023-03-05,2023-03-05,008267481 41477 OKET484 L9IE3SP                                                                 UPCLOSER MONOCOQUE GAB -,VOLERY 3395814666FP,ingest_batch_0001.csv
04c6a5f0-276e-452a-873b-b50693833284,2026-09-08,TIER_1_EXACT,rule_engine,0,529075649894,944631409211,ACC#00095,USD,-50541845.81,-50541845.81,2023-03-05,2023-03-05,008267481 41477 OKET484 L9IE3SP                                                                 UPCLOSER MONOCOQUE GAB -,VOLERY 3395819666FP,ingest_batch_0001.csv
db68d106-5206-4c6e-a53c-f5413e0677df,2026-09-08,TIER_1_EXACT,rule_engine,0,230921092291,740931291797,ACC#00020,USD,4896680.00,4896680.00,2023-03-05,2023-03-05,008208503 67888 EPEE553 L9IE21Z                                                                 JO TONITE ETHERIFIES GAB,VOLERY 3399338666FP,ingest_batch_0001.csv
85b85aa8-cb9d-406b-b72e-34b1af589b48,2026-09-08,TIER_1_EXACT,rule_engine,0,402959158860,935526566779,ACC#00102,USD,-50541845.81,-50541845.81,2023-03-05,2023-03-05,008267481 41477 OKET484 L9IE3SP                                                                 UPCLOSER MONOCOQUE GAB -,VOLERY 3395848666FP,ingest_batch_0001.csv
b549f1cd-7093-47bd-b3d5-fca22d1c993f,2026-09-08,TIER_1_EXACT,rule_engine,0,916006821777,354692036943,ACC#00053,USD,-50542182.76,-50542182.76,2023-03-05,2023-03-05,008267441 41477 OKET481 L9IE3FE                                                                 UPCLOSER MONOCOQUE GAB -,VOLERY 3395854666FP,ingest_batch_0001.csv
b9097d91-b843-4a05-ad26-2447f036b23c,2026-09-08,TIER_1_EXACT,rule_engine,0,828100129195,11610757948,ACC#00112,USD,50542100.00,50542100.00,2023-03-05,2023-03-05,008208643 41477 OKET484 L9IE2DJ                                                                 UPCLOSER MONOCOQUE GAB -,VOLERY 3399896666FP,ingest_batch_0001.csv
60b32ed2-6b97-446d-877f-2f9e05a4fd37,2026-09-08,TIER_1_EXACT,rule_engine,0,558912811465,45941749725,ACC#00109,USD,-50541845.81,-50541845.81,2023-03-05,2023-03-05,008267481 41477 OKET484 L9IE3SP                                                                 UPCLOSER MONOCOQUE GAB -,VOLERY 3395882666FP,ingest_batch_0001.csv
7e9cd162-dfae-4585-9ec7-a6fc965d199f,2026-09-08,TIER_1_EXACT,rule_engine,0,236465589734,998013621356,ACC#00116,USD,-50541845.81,-50541845.81,2023-03-05,2023-03-05,008267481 41477 OKET484 L9IE3SP                                                                 UPCLOSER MONOCOQUE GAB -,VOLERY 3395885666FP,ingest_batch_0001.csv
92f52d1a-e26e-403d-9f9e-3218ef4f4159,2026-09-08,TIER_1_EXACT,rule_engine,0,732872833593,46144927063,ACC#00119,USD,50542100.00,50542100.00,2023-03-05,2023-03-05,008208643 41477 OKET484 L9IE2DJ                                                                 UPCLOSER MONOCOQUE GAB -,VOLERY 3399367666FP,ingest_batch_0001.csv
6c480350-803a-4d08-a80a-c1d428cbf5b2,2026-09-08,TIER_1_EXACT,rule_engine,0,411179755796,19474013408,ACC#00123,USD,-50541845.81,-50541845.81,2023-03-05,2023-03-05,008267481 41477 OKET484 L9IE3SP                                                                 UPCLOSER MONOCOQUE GAB -,VOLERY 3395838666FP,ingest_batch_0001.csv
7337bff9-9dea-4615-840d-67014d1a1b34,2026-09-08,TIER_1_EXACT,rule_engine,0,958000852318,718342247553,ACC#00126,USD,50542100.00,50542100.00,2023-03-05,2023-03-05,008208643 41477 OKET484 L9IE2DJ                                                                 UPCLOSER MONOCOQUE GAB -,VOLERY 3399897666FP,ingest_batch_0001.csv
49e7db85-8263-48b0-b8d8-6824ef5ec4ed,2026-09-08,TIER_1_EXACT,rule_engine,0,247960793436,54265083299,ACC#00060,USD,-50542182.76,-50542182.76,2023-03-05,2023-03-05,008267441 41477 OKET481 L9IE3FE                                                                 UPCLOSER MONOCOQUE GAB -,VOLERY 3395856666FP,ingest_batch_0001.csv
f58766b3-accf-4e9d-ac7d-1edafad854c3,2026-09-08,TIER_1_EXACT,rule_engine,0,164535240845,475188896878,ACC#00067,USD,-50542182.76,-50542182.76,2023-03-05,2023-03-05,008267441 41477 OKET481 L9IE3FE                                                                 UPCLOSER MONOCOQUE GAB -,VOLERY 3395850666FP,ingest_batch_0001.csv
c76be2ae-08c0-4bbf-afb0-2ed8417dc9ed,2026-09-08,TIER_1_EXACT,rule_engine,0,581554053093,316782040263,ACC#00074,USD,-50542182.76,-50542182.76,2023-03-05,2023-03-05,008267441 41477 OKET481 L9IE3FE                                                                 UPCLOSER MONOCOQUE GAB -,VOLERY 3395890666FP,ingest_batch_0001.csv
60b0f0fe-b048-4022-a17d-ff06af2f2ae8,2026-09-08,TIER_1_EXACT,rule_engine,0,271097358549,408571542428,ACC#00133,USD,50542100.00,50542100.00,2023-03-05,2023-03-05,008208643 41477 OKET484 L9IE2DJ                                                                 UPCLOSER MONOCOQUE GAB -,VOLERY 3399361666FP,ingest_batch_0001.csv
92269118-5412-4a23-8860-2ccf0badd013,2026-09-08,TIER_1_EXACT,rule_engine,0,185355302949,289675469116,ACC#00130,USD,-50541845.81,-50541845.81,2023-03-05,2023-03-05,008267481 41477 OKET484 L9IE3SP                                                                 UPCLOSER MONOCOQUE GAB -,VOLERY 3395815666FP,ingest_batch_0001.csv
c91e7415-c5e2-4ba3-b91a-3b408e711e29,2026-09-08,TIER_1_EXACT,rule_engine,0,108418901849,287490735751,ACC#00030,USD,34231125.50,34231125.50,2023-03-05,2023-03-05,008203049 41477 MOZO702 L9IE28F                                                                 JOQVY H.C. ZUCCHINIS TENT,VOLERY 3399454666FP,ingest_batch_0001.csv
8249833c-146d-4f90-89dc-21fa991e747a,2026-09-08,TIER_1_EXACT,rule_engine,0,566065624018,749569363550,ACC#00007,USD,55115500.00,55115500.00,2023-03-05,2023-03-05,008208628 41477 OKET487 L9IE2OH                                                                 UPCLOSER MONOCOQUE GAB -,VOLERY 3399370666FP,ingest_batch_0001.csv
87906b6b-f962-4623-8dd8-7b4977f6bcad,2026-09-08,TIER_1_EXACT,rule_engine,0,707303040753,717205900437,ACC#00081,USD,-50542182.76,-50542182.76,2023-03-05,2023-03-05,008267441 41477 OKET481 L9IE3FE                                                                 UPCLOSER MONOCOQUE GAB -,VOLERY 3395857666FP,ingest_batch_0001.csv
083975a3-0304-4c71-a24f-c6b6926e57fc,2026-09-08,TIER_1_EXACT,rule_engine,0,786266571662,534088941281,ACC#00025,USD,59980212.27,59980212.27,2023-03-05,2023-03-05,008267435 41477 NAPE159 L9IE3ND                                                                 UPCLOSER MONOCOQUE GAB -,VOLERY 3399839666FP,ingest_batch_0001.csv
b37b6d7d-8f6a-4c24-b255-8822058a9ba7,2026-09-08,TIER_1_EXACT,rule_engine,0,979150614928,79704936177,ACC#00019,USD,-32083311.80,-32083311.80,2023-03-05,2023-03-05,008261117 41477 MOZO702 L9IE3ZH                                                                 JOQVY H.C. ZUCCHINIS TENT,VOLERY 3399871666FP,ingest_batch_0001.csv
9428b5d6-e4ec-41ca-ba23-7902c1908454,2026-09-08,TIER_1_EXACT,rule_engine,0,360791666812,722368795913,ACC#00021,USD,-4777372.40,-4777372.40,2023-03-05,2023-03-05,09177260 CHUETA2787JOQG7U                                                                JO TONITE CROM  667764757,V055202000640968 1694666102VI,ingest_batch_0001.csv
a8582b2a-4b9e-49c2-bc93-4ee680c3f0b1,2026-09-08,TIER_1_EXACT,rule_engine,0,393295213436,796190971857,ACC#00024,USD,-737857.94,-737857.94,2023-03-05,2023-03-05,008455904 15574 OKET481                                                                         JACKPLANE AVIARY PANTOPOD,VOLERY 3395873666FP,ingest_batch_0001.csv
15e14e64-68d8-45d8-934b-2b7311c42c1c,2026-09-08,TIER_1_EXACT,rule_engine,0,494225322841,546476452721,ACC#00088,USD,-50542182.76,-50542182.76,2023-03-05,2023-03-05,008267441 41477 OKET481 L9IE3FE                                                                 UPCLOSER MONOCOQUE GAB -,VOLERY 3395823666FP,ingest_batch_0001.csv
f0f1001e-35b1-4be5-a50b-5338de5ed003,2026-09-08,TIER_1_EXACT,rule_engine,0,53015696742,500310075807,ACC#00095,USD,-50542182.76,-50542182.76,2023-03-05,2023-03-05,008267441 41477 OKET481 L9IE3FE                                                                 UPCLOSER MONOCOQUE GAB -,VOLERY 3395859666FP,ingest_batch_0001.csv
65dded8f-36e9-4317-a39c-27b6c702f67d,2026-09-08,TIER_1_EXACT,rule_engine,0,731411426050,768453711361,ACC#00137,USD,-50541845.81,-50541845.81,2023-03-05,2023-03-05,008267481 41477 OKET484 L9IE3SP                                                                 UPCLOSER MONOCOQUE GAB -,VOLERY 3395837666FP,ingest_batch_0001.csv
ddf05716-ed81-4c5b-b320-814513f49c49,2026-09-08,TIER_1_EXACT,rule_engine,0,14291092389,537993172379,ACC#00144,USD,-50541845.81,-50541845.81,2023-03-05,2023-03-05,008267481 41477 OKET484 L9IE3SP                                                                 UPCLOSER MONOCOQUE GAB -,VOLERY 3395886666FP,ingest_batch_0001.csv
04d87695-024c-4792-9f63-3fea919ba694,2026-09-08,TIER_1_EXACT,rule_engine,0,937469836935,33335345113,ACC#00102,USD,-50542182.76,-50542182.76,2023-03-05,2023-03-05,008267441 41477 OKET481 L9IE3FE                                                                 UPCLOSER MONOCOQUE GAB -,VOLERY 3395855666FP,ingest_batch_0001.csv
cb53689e-4b31-4f2f-aca5-5b45cb06668d,2026-09-08,TIER_1_EXACT,rule_engine,0,77934669093,537920032126,ACC#00066,USD,43726100.00,43726100.00,2023-03-05,2023-03-05,008208652 41477 OKET481 L9IE2ID                                                                 UPCLOSER MONOCOQUE GAB -,VOLERY 3399314666FP,ingest_batch_0001.csv
76422202-cdd9-4507-94dd-a60bddada343,2026-09-08,TIER_1_EXACT,rule_engine,0,911122414856,943467982921,ACC#00109,USD,-50542182.76,-50542182.76,2023-03-05,2023-03-05,008267441 41477 OKET481 L9IE3FE                                                                 UPCLOSER MONOCOQUE GAB -,VOLERY 3395851666FP,ingest_batch_0001.csv
864d680e-4603-41d4-9a1e-44b7e41a5db3,2026-09-08,TIER_1_EXACT,rule_engine,0,663436293575,585668955456,ACC#00140,USD,50542100.00,50542100.00,2023-03-05,2023-03-05,008208643 41477 OKET484 L9IE2DJ                                                                 UPCLOSER MONOCOQUE GAB -,VOLERY 3399362666FP,ingest_batch_0001.csv
7a4e4179-d64d-4696-9fda-4510828056fc,2026-09-08,TIER_1_EXACT,rule_engine,0,132316151906,687315835163,ACC#00019,USD,841.00,841.00,2023-03-05,2023-03-05,RM750565  67666 YUO WATERER CRYOCHORIC NM,RM750565-767-660 7902966102VI,ingest_batch_0001.csv
5643e2fb-34a5-49b2-b086-4419dca1eb14,2026-09-08,TIER_1_EXACT,rule_engine,0,550457470516,988591730845,ACC#00032,USD,59980212.27,59980212.27,2023-03-05,2023-03-05,008267435 41477 NAPE159 L9IE3ND                                                                 UPCLOSER MONOCOQUE GAB -,VOLERY 3399835666FP,ingest_batch_0001.csv
9031a7a2-3873-4fd6-b90e-cd27c4cefc5b,2026-09-08,TIER_1_EXACT,rule_engine,0,648596890428,681829444767,ACC#00147,USD,50542100.00,50542100.00,2023-03-05,2023-03-05,008208643 41477 OKET484 L9IE2DJ                                                                 UPCLOSER MONOCOQUE GAB -,VOLERY 3399364666FP,ingest_batch_0001.csv
c2b56217-84bb-4528-8118-fa33dcb86966,2026-09-08,TIER_1_EXACT,rule_engine,0,402434894062,835921454123,ACC#00015,USD,-45825474.12,-45825474.12,2023-03-05,2023-03-05,008267457 41477 OKET487 L9IE3F3                                                                 UPCLOSER MONOCOQUE GAB -,VOLERY 3395897666FP,ingest_batch_0001.csv
c2fda6ee-afdb-48a1-9836-9558a15bd9e6,2026-09-08,TIER_1_EXACT,rule_engine,0,439408528102,53670178094,ACC#00001,USD,-50541845.81,-50541845.81,2023-03-05,2023-03-05,008267481 41477 OKET484 L9IE3SP                                                                 UPCLOSER MONOCOQUE GAB -,VOLERY 3395833666FP,ingest_batch_0001.csv
5031dd41-5a0f-47fe-aab6-4504f317b817,2026-09-08,TIER_1_EXACT,rule_engine,0,266320339829,792564188628,ACC#00004,USD,50542100.00,50542100.00,2023-03-05,2023-03-05,008208643 41477 OKET484 L9IE2DJ                                                                 UPCLOSER MONOCOQUE GAB -,VOLERY 3399304666FP,ingest_batch_0001.csv
c6f3b041-3ed9-4db7-bd6c-e38e67f3dc55,2026-09-08,TIER_1_EXACT,rule_engine,0,87669556366,42273942663,ACC#00025,USD,-34269218.51,-34269218.51,2023-03-05,2023-03-05,008200443 41477 MOZO702 L9IE2Y2                                                                 UPCLOSER MONOCOQUE GAB -,VOLERY 3395365666FP,ingest_batch_0001.csv
561493b8-e3a9-43cc-ba69-b861c79ea0d3,2026-09-08,TIER_1_EXACT,rule_engine,0,55452148091,77936600698,ACC#00018,USD,55183918.64,55183918.64,2023-03-05,2023-03-05,008267484 41477 OKET746 L9IE3OR                                                                 UPCLOSER MONOCOQUE GAB -,VOLERY 3399833666FP,ingest_batch_0001.csv
a39822f9-90f1-46b4-b1ce-0c4c789aff6b,2026-09-08,TIER_1_EXACT,rule_engine,0,560619692957,802966924394,ACC#00008,USD,-50541845.81,-50541845.81,2023-03-05,2023-03-05,008267481 41477 OKET484 L9IE3SP                                                                 UPCLOSER MONOCOQUE GAB -,VOLERY 3395817666FP,ingest_batch_0001.csv
5ce018ce-c9a3-4efd-8de9-68f2ad690601,2026-09-08,TIER_1_EXACT,rule_engine,0,504192101334,919023291879,ACC#00011,USD,50542100.00,50542100.00,2023-03-05,2023-03-05,008208643 41477 OKET484 L9IE2DJ                                                                 UPCLOSER MONOCOQUE GAB -,VOLERY 3399306666FP,ingest_batch_0001.csv
78c4ac4a-a82d-4fdf-859f-a73315c1a50d,2026-09-08,TIER_1_EXACT,rule_engine,0,629677261633,930220069628,ACC#00015,USD,-50541845.81,-50541845.81,2023-03-05,2023-03-05,008267481 41477 OKET484 L9IE3SP                                                                 UPCLOSER MONOCOQUE GAB -,VOLERY 3395831666FP,ingest_batch_0001.csv
01c6dc57-d16e-469c-8c3a-bd12f49f22a1,2026-09-08,TIER_1_EXACT,rule_engine,0,886346790346,959003796282,ACC#00116,USD,-50542182.76,-50542182.76,2023-03-05,2023-03-05,008267441 41477 OKET481 L9IE3FE                                                                 UPCLOSER MONOCOQUE GAB -,VOLERY 3395825666FP,ingest_batch_0001.csv
2ff75d1a-b63a-4acd-9b78-c6635856bb62,2026-09-08,TIER_1_EXACT,rule_engine,0,46751784980,515298834178,ACC#00022,USD,-50541845.81,-50541845.81,2023-03-05,2023-03-05,008267481 41477 OKET484 L9IE3SP                                                                 UPCLOSER MONOCOQUE GAB -,VOLERY 3395846666FP,ingest_batch_0001.csv
24523d79-0e88-430d-bfac-466d011dd08b,2026-09-08,TIER_1_EXACT,rule_engine,0,86052369141,50471431960,ACC#00018,USD,50542100.00,50542100.00,2023-03-05,2023-03-05,008208643 41477 OKET484 L9IE2DJ                                                                 UPCLOSER MONOCOQUE GAB -,VOLERY 3399308666FP,ingest_batch_0001.csv
6ac239d2-1e23-4c94-9f9a-ea334ad6cc3c,2026-09-08,TIER_1_EXACT,rule_engine,0,191550783767,71472332182,ACC#00029,USD,-50541845.81,-50541845.81,2023-03-05,2023-03-05,008267481 41477 OKET484 L9IE3SP                                                                 UPCLOSER MONOCOQUE GAB -,VOLERY 3395887666FP,ingest_batch_0001.csv
7a8dd3c8-0a62-4d68-a2ec-347b99f35b9e,2026-09-08,TIER_1_EXACT,rule_engine,0,647092811967,645253286080,ACC#00036,USD,-50541845.81,-50541845.81,2023-03-05,2023-03-05,008267481 41477 OKET484 L9IE3SP                                                                 UPCLOSER MONOCOQUE GAB -,VOLERY 3395889666FP,ingest_batch_0001.csv
49a8104a-faec-4ade-8b92-f42c3fae036c,2026-09-08,TIER_1_EXACT,rule_engine,0,634926644738,877501577741,ACC#00025,USD,55183918.64,55183918.64,2023-03-05,2023-03-05,008267484 41477 OKET746 L9IE3OR                                                                 UPCLOSER MONOCOQUE GAB -,VOLERY 3399832666FP,ingest_batch_0001.csv
a8c0eebe-525f-48e7-bd45-9a002cb19694,2026-09-08,TIER_1_EXACT,rule_engine,0,373699372627,807932928222,ACC#00031,USD,143416.80,143416.80,2023-03-05,2023-03-05,008422899 67089 OKET216                                                                         BILAAN SUBHEADINGS WRANNY,VOLERY 3395009666FP,ingest_batch_0001.csv
a771db2f-5b24-4107-8c14-7acd8e586424,2026-09-08,TIER_1_EXACT,rule_engine,0,257481660020,467833647367,ACC#00026,USD,-32083311.80,-32083311.80,2023-03-05,2023-03-05,008261117 41477 MOZO702 L9IE3ZH                                                                 JOQVY H.C. ZUCCHINIS TENT,VOLERY 3399873666FP,ingest_batch_0001.csv
29036b0c-39db-4ae6-98d3-4ae664033b03,2026-09-08,TIER_1_EXACT,rule_engine,0,201164522483,450813814823,ACC#00073,USD,43726100.00,43726100.00,2023-03-05,2023-03-05,008208652 41477 OKET481 L9IE2ID                                                                 UPCLOSER MONOCOQUE GAB -,VOLERY 3399310666FP,ingest_batch_0001.csv
572e8baf-1949-4c04-98b6-ff0150f5516e,2026-09-08,TIER_1_EXACT,rule_engine,0,334200522061,131439243910,ACC#00005,USD,-60054000.00,-60054000.00,2023-03-05,2023-03-05,008208653 41477 NAPE159 L9IE2PC                                                                 UPCLOSER MONOCOQUE GAB -,VOLERY 3395305666FP,ingest_batch_0001.csv
fe76671e-871f-46a1-86cc-d751cf08a0d8,2026-09-08,TIER_1_EXACT,rule_engine,0,617322183157,330755432861,ACC#00080,USD,43726100.00,43726100.00,2023-03-05,2023-03-05,008208652 41477 OKET481 L9IE2ID                                                                 UPCLOSER MONOCOQUE GAB -,VOLERY 3399383666FP,ingest_batch_0001.csv
450bfc4d-9ac6-4d19-83b2-2c0f412ecf0f,2026-09-08,TIER_1_EXACT,rule_engine,0,723971622423,190037703263,ACC#00028,USD,-4777372.40,-4777372.40,2023-03-05,2023-03-05,09177450 CHUETA2787JOQG7U                                                                JO TONITE CROM  667764757,V055471600640968 1694066102VI,ingest_batch_0001.csv
1bc15bfc-4fca-4dff-a00b-de6910558393,2026-09-08,TIER_1_EXACT,rule_engine,0,87538002211,169877822502,ACC#00025,USD,50542100.00,50542100.00,2023-03-05,2023-03-05,008208643 41477 OKET484 L9IE2DJ                                                                 UPCLOSER MONOCOQUE GAB -,VOLERY 3399855666FP,ingest_batch_0001.csv
ccf7e1cb-15ed-430a-8d13-1a22e2468c82,2026-09-08,TIER_1_EXACT,rule_engine,0,306067547937,46318505930,ACC#00032,USD,50542100.00,50542100.00,2023-03-05,2023-03-05,008208643 41477 OKET484 L9IE2DJ                                                                 UPCLOSER MONOCOQUE GAB -,VOLERY 3399893666FP,ingest_batch_0001.csv
9ed6fd23-f0ae-421f-b247-eee3aca7157e,2026-09-08,TIER_1_EXACT,rule_engine,0,109509767630,47963060159,ACC#00043,USD,-50541845.81,-50541845.81,2023-03-05,2023-03-05,008267481 41477 OKET484 L9IE3SP                                                                 UPCLOSER MONOCOQUE GAB -,VOLERY 3395842666FP,ingest_batch_0001.csv
e282d03a-4e0f-44b1-ad74-349c8452efe2,2026-09-08,TIER_1_EXACT,rule_engine,0,842824329836,264588246273,ACC#00004,USD,33264396.15,33264396.15,2023-03-05,2023-03-05,008855877 41416 MOZO637 L9CY5NS                                                                 UPCLOSER MONOCOQUE GAB -,VOLERY 3399880666FP,ingest_batch_0001.csv
201ee47f-89d7-44e0-962f-7b16418e26cb,2026-09-08,TIER_1_EXACT,rule_engine,0,272214218342,695333649967,ACC#00050,USD,-50541845.81,-50541845.81,2023-03-05,2023-03-05,008267481 41477 OKET484 L9IE3SP                                                                 UPCLOSER MONOCOQUE GAB -,VOLERY 3395883666FP,ingest_batch_0001.csv
f50f0a29-f783-4379-86d8-b64749c48ebf,2026-09-08,TIER_1_EXACT,rule_engine,0,747624900543,109939099528,ACC#00057,USD,-50541845.81,-50541845.81,2023-03-05,2023-03-05,008267481 41477 OKET484 L9IE3SP                                                                 UPCLOSER MONOCOQUE GAB -,VOLERY 3395818666FP,ingest_batch_0001.csv
4ff43fcc-8acd-480a-91cc-1830904df037,2026-09-08,TIER_1_EXACT,rule_engine,0,336991228609,636038133432,ACC#00087,USD,43726100.00,43726100.00,2023-03-05,2023-03-05,008208652 41477 OKET481 L9IE2ID                                                                 UPCLOSER MONOCOQUE GAB -,VOLERY 3399318666FP,ingest_batch_0001.csv
c6e28f4d-7002-4b49-993c-c87b55b208f4,2026-09-08,TIER_1_EXACT,rule_engine,0,724299149529,967403215357,ACC#00011,USD,-810000.00,-810000.00,2023-03-05,2023-03-05,32566RAVE5 32566RAVE5                                                                      JOQVY - BAS - DG,322756AL61330547 6268266104VI,ingest_batch_0001.csv
b6adbc5f-e0ff-47bc-8308-87bd63b7fc3a,2026-09-08,TIER_1_EXACT,rule_engine,0,575852635597,989154508037,ACC#00039,USD,50542100.00,50542100.00,2023-03-05,2023-03-05,008208643 41477 OKET484 L9IE2DJ                                                                 UPCLOSER MONOCOQUE GAB -,VOLERY 3399890666FP,ingest_batch_0001.csv
295ee5ec-7220-464b-813b-21227f0e3530,2026-09-08,TIER_1_EXACT,rule_engine,0,214176426045,673205193725,ACC#00046,USD,50542100.00,50542100.00,2023-03-05,2023-03-05,008208643 41477 OKET484 L9IE2DJ                                                                 UPCLOSER MONOCOQUE GAB -,VOLERY 3399898666FP,ingest_batch_0001.csv
49bea3f5-3518-4e31-967e-4de0f369b609,2026-09-08,TIER_1_EXACT,rule_engine,0,973832055916,666443912041,ACC#00094,USD,43726100.00,43726100.00,2023-03-05,2023-03-05,008208652 41477 OKET481 L9IE2ID                                                                 UPCLOSER MONOCOQUE GAB -,VOLERY 3399312666FP,ingest_batch_0001.csv
88eeaa98-e4bb-433a-a216-4315d2c4949b,2026-09-08,TIER_1_EXACT,rule_engine,0,345537721759,606114745567,ACC#00033,USD,-32083311.80,-32083311.80,2023-03-05,2023-03-05,008261117 41477 MOZO702 L9IE3ZH                                                                 JOQVY H.C. ZUCCHINIS TENT,VOLERY 3399878666FP,ingest_batch_0001.csv
92ecf2f0-4cda-4774-bbfd-53cf7b5324be,2026-09-08,TIER_1_EXACT,rule_engine,0,161881865385,347357240193,ACC#00014,USD,55115500.00,55115500.00,2023-03-05,2023-03-05,008208628 41477 OKET487 L9IE2OH                                                                 UPCLOSER MONOCOQUE GAB -,VOLERY 3399376666FP,ingest_batch_0001.csv
31fc2119-4da6-4557-bb11-ab945ed774c8,2026-09-08,TIER_1_EXACT,rule_engine,0,809524434757,967046512798,ACC#00101,USD,43726100.00,43726100.00,2023-03-05,2023-03-05,008208652 41477 OKET481 L9IE2ID                                                                 UPCLOSER MONOCOQUE GAB -,VOLERY 3399317666FP,ingest_batch_0001.csv
8e9dd8bf-1c4b-448c-886e-990eb13f12bc,2026-09-08,TIER_1_EXACT,rule_engine,0,203900960799,876660371942,ACC#00012,USD,-60054000.00,-60054000.00,2023-03-05,2023-03-05,008208653 41477 NAPE159 L9IE2PC                                                                 UPCLOSER MONOCOQUE GAB -,VOLERY 3395309666FP,ingest_batch_0001.csv
33846d6f-2a49-463f-aaf5-2ef252adeac9,2026-09-08,TIER_1_EXACT,rule_engine,0,541219568659,308717136484,ACC#00064,USD,-50541845.81,-50541845.81,2023-03-05,2023-03-05,008267481 41477 OKET484 L9IE3SP                                                                 UPCLOSER MONOCOQUE GAB -,VOLERY 3395845666FP,ingest_batch_0001.csv
ae7d220b-6384-4d44-8f1a-7da8661cf1ec,2026-09-08,TIER_1_EXACT,rule_engine,0,109954043300,328803000727,ACC#00053,USD,50542100.00,50542100.00,2023-03-05,2023-03-05,008208643 41477 OKET484 L9IE2DJ                                                                 UPCLOSER MONOCOQUE GAB -,VOLERY 3399854666FP,ingest_batch_0001.csv
f2df486b-11ec-40ff-9d6d-6db02187c487,2026-09-08,TIER_1_EXACT,rule_engine,0,35950649109,649122428890,ACC#00108,USD,43726100.00,43726100.00,2023-03-05,2023-03-05,008208652 41477 OKET481 L9IE2ID                                                                 UPCLOSER MONOCOQUE GAB -,VOLERY 3399380666FP,ingest_batch_0001.csv
614f7eaa-0c42-490a-8a00-421993e1993e,2026-09-08,TIER_1_EXACT,rule_engine,0,925305231353,192885083911,ACC#00060,USD,50542100.00,50542100.00,2023-03-05,2023-03-05,008208643 41477 OKET484 L9IE2DJ                                                                 UPCLOSER MONOCOQUE GAB -,VOLERY 3399302666FP,ingest_batch_0001.csv
1d9b3972-f69c-45c5-a347-72fb468fc92a,2026-09-08,TIER_1_EXACT,rule_engine,0,277293527921,52349028781,ACC#00123,USD,-50542182.76,-50542182.76,2023-03-05,2023-03-05,008267441 41477 OKET481 L9IE3FE                                                                 UPCLOSER MONOCOQUE GAB -,VOLERY 3395858666FP,ingest_batch_0001.csv
b7e22229-0a09-4297-97b7-b2f1678cd9a8,2026-09-08,TIER_1_EXACT,rule_engine,0,116271029030,140912616757,ACC#00022,USD,-45825474.12,-45825474.12,2023-03-05,2023-03-05,008267457 41477 OKET487 L9IE3F3                                                                 UPCLOSER MONOCOQUE GAB -,VOLERY 3395891666FP,ingest_batch_0001.csv
e97a2da1-c2f0-4ce7-896d-3360daf25b4e,2026-09-08,TIER_1_EXACT,rule_engine,0,56794090735,368418983505,ACC#00067,USD,50542100.00,50542100.00,2023-03-05,2023-03-05,008208643 41477 OKET484 L9IE2DJ                                                                 UPCLOSER MONOCOQUE GAB -,VOLERY 3399858666FP,ingest_batch_0001.csv
a47b9bce-6115-4932-b547-1aab1fec997a,2026-09-08,TIER_1_EXACT,rule_engine,0,213078951224,413926173568,ACC#00071,USD,-50541845.81,-50541845.81,2023-03-05,2023-03-05,008267481 41477 OKET484 L9IE3SP                                                                 UPCLOSER MONOCOQUE GAB -,VOLERY 3395810666FP,ingest_batch_0001.csv
2b49e03c-882f-4c56-bcd3-db50441ac88b,2026-09-08,TIER_1_EXACT,rule_engine,0,393378757510,113024764559,ACC#00078,USD,-50541845.81,-50541845.81,2023-03-05,2023-03-05,008267481 41477 OKET484 L9IE3SP                                                                 UPCLOSER MONOCOQUE GAB -,VOLERY 3395832666FP,ingest_batch_0001.csv
c8bd7228-05e5-4608-a006-017bad0afc6c,2026-09-08,TIER_1_EXACT,rule_engine,0,216175046342,140005942193,ACC#00074,USD,50542100.00,50542100.00,2023-03-05,2023-03-05,008208643 41477 OKET484 L9IE2DJ                                                                 UPCLOSER MONOCOQUE GAB -,VOLERY 3399857666FP,ingest_batch_0001.csv
1966e324-e3ac-4911-ab28-112417571522,2026-09-08,TIER_1_EXACT,rule_engine,0,316486445695,200770493212,ACC#00081,USD,50542100.00,50542100.00,2023-03-05,2023-03-05,008208643 41477 OKET484 L9IE2DJ                                                                 UPCLOSER MONOCOQUE GAB -,VOLERY 3399360666FP,ingest_batch_0001.csv
27b583b1-8471-442a-818d-5a6d5b78aa90,2026-09-08,TIER_1_EXACT,rule_engine,0,15149193656,428369726478,ACC#00088,USD,50542100.00,50542100.00,2023-03-05,2023-03-05,008208643 41477 OKET484 L9IE2DJ                                                                 UPCLOSER MONOCOQUE GAB -,VOLERY 3399895666FP,ingest_batch_0001.csv
6076ddda-3f20-41bf-a9ee-bf9e56339059,2026-09-08,TIER_1_EXACT,rule_engine,0,699179680990,106053307947,ACC#00017,USD,-48660000.00,-48660000.00,2023-03-05,2023-03-05,008208642 41477 NAPE580 L9IE2DH                                                                 UPCLOSER MONOCOQUE GAB -,VOLERY 3395307666FP,ingest_batch_0001.csv
bddccb79-09bb-40fe-a906-5db9549c9915,2026-09-08,TIER_1_EXACT,rule_engine,0,823216519586,144867847739,ACC#00095,USD,50542100.00,50542100.00,2023-03-05,2023-03-05,008208643 41477 OKET484 L9IE2DJ                                                                 UPCLOSER MONOCOQUE GAB -,VOLERY 3399368666FP,ingest_batch_0001.csv
2f2e2897-2233-4ab7-adc3-d9d12b39f63b,2026-09-08,TIER_1_EXACT,rule_engine,0,579934389547,896479285482,ACC#00102,USD,50542100.00,50542100.00,2023-03-05,2023-03-05,008208643 41477 OKET484 L9IE2DJ                                                                 UPCLOSER MONOCOQUE GAB -,VOLERY 3399852666FP,ingest_batch_0001.csv
12f146a8-0cae-4241-a3a9-f8f938a065fa,2026-09-08,TIER_1_EXACT,rule_engine,0,619567533809,721430799786,ACC#00109,USD,50542100.00,50542100.00,2023-03-05,2023-03-05,008208643 41477 OKET484 L9IE2DJ                                                                 UPCLOSER MONOCOQUE GAB -,VOLERY 3399307666FP,ingest_batch_0001.csv
bd2de1a0-9721-4f83-b78f-f2d4c279e859,2026-09-08,TIER_1_EXACT,rule_engine,0,847833819077,804848307659,ACC#00085,USD,-50541845.81,-50541845.81,2023-03-05,2023-03-05,008267481 41477 OKET484 L9IE3SP                                                                 UPCLOSER MONOCOQUE GAB -,VOLERY 3395830666FP,ingest_batch_0001.csv
f6185433-859b-408f-acfc-21aa448abda6,2026-09-08,TIER_1_EXACT,rule_engine,0,778689385673,628407871587,ACC#00018,USD,-810000.00,-810000.00,2023-03-05,2023-03-05,32566RAIL5 32566RAIL5                                                                      JOQVY - BAS - DG,322756AL61330540 6264966104VI,ingest_batch_0001.csv
04337956-d647-440a-9d7c-60edc2e57e39,2026-09-08,TIER_1_EXACT,rule_engine,0,261082264295,152638406464,ACC#00092,USD,-50541845.81,-50541845.81,2023-03-05,2023-03-05,008267481 41477 OKET484 L9IE3SP                                                                 UPCLOSER MONOCOQUE GAB -,VOLERY 3395884666FP,ingest_batch_0001.csv
e11c8868-ea22-40e7-98a1-436109d26d37,2026-09-08,TIER_1_EXACT,rule_engine,0,984781635240,142376142192,ACC#00025,USD,121910.00,121910.00,2023-03-05,2023-03-05,008422895 67089 OKET216                                                                         ALL BILAAN ANGELINA ALGID,VOLERY 3395008666FP,ingest_batch_0001.csv
7aa2b86a-04ee-4573-a116-f02ce166c862,2026-09-08,TIER_1_EXACT,rule_engine,0,59619221737,636471156173,ACC#00116,USD,50542100.00,50542100.00,2023-03-05,2023-03-05,008208643 41477 OKET484 L9IE2DJ                                                                 UPCLOSER MONOCOQUE GAB -,VOLERY 3399300666FP,ingest_batch_0001.csv
69cd5e62-133f-4749-aa9c-93946dbfdc26,2026-09-08,TIER_1_EXACT,rule_engine,0,393142978147,804094050199,ACC#00004,USD,782456.00,782456.00,2023-03-05,2023-03-05,008208259 67888 VELIC90 L9IE21X                                                                 JO TONITE ETHERIFIES GAB,VOLERY 3399334666FP,ingest_batch_0001.csv
09ba517d-c50f-4561-bde8-6a3c67903d3a,2026-09-08,TIER_1_EXACT,rule_engine,0,45005280775,779017402603,ACC#00123,USD,50542100.00,50542100.00,2023-03-05,2023-03-05,008208643 41477 OKET484 L9IE2DJ                                                                 UPCLOSER MONOCOQUE GAB -,VOLERY 3399363666FP,ingest_batch_0001.csv
0db8a6cb-7f6c-4485-be2b-9b2158522e85,2026-09-08,TIER_1_EXACT,rule_engine,0,529869601240,438215297349,ACC#00040,USD,-32083311.80,-32083311.80,2023-03-05,2023-03-05,008261117 41477 MOZO702 L9IE3ZH                                                                 JOQVY H.C. ZUCCHINIS TENT,VOLERY 3399877666FP,ingest_batch_0001.csv
ccb4ce90-687a-456c-9e59-c2f21dbb60c9,2026-09-08,TIER_1_EXACT,rule_engine,0,715963200675,413586825766,ACC#00115,USD,43726100.00,43726100.00,2023-03-05,2023-03-05,008208652 41477 OKET481 L9IE2ID                                                                 UPCLOSER MONOCOQUE GAB -,VOLERY 3399387666FP,ingest_batch_0001.csv
f036d5c5-d21e-4692-9759-336ae325c8c0,2026-09-08,TIER_1_EXACT,rule_engine,0,655269256782,889550127051,ACC#00021,USD,55115500.00,55115500.00,2023-03-05,2023-03-05,008208628 41477 OKET487 L9IE2OH                                                                 UPCLOSER MONOCOQUE GAB -,VOLERY 3399371666FP,ingest_batch_0001.csv
8abca2fd-20ba-460f-a9a6-79f1fb9c04b8,2026-09-08,TIER_1_EXACT,rule_engine,0,242190620765,462322874927,ACC#00122,USD,43726100.00,43726100.00,2023-03-05,2023-03-05,008208652 41477 OKET481 L9IE2ID                                                                 UPCLOSER MONOCOQUE GAB -,VOLERY 3399386666FP,ingest_batch_0001.csv
4da8712d-bde6-42c2-abb2-e74bc9e1a755,2026-09-08,TIER_1_EXACT,rule_engine,0,609873023645,17807379566,ACC#00022,USD,-35184100.00,-35184100.00,2023-03-05,2023-03-05,008424235 41416 MOZO637 L9HG922                                                                 UPCLOSER MONOCOQUE GAB -,VOLERY 3395871666FP,ingest_batch_0001.csv
a09882eb-0e09-4971-95d2-7c1654cc508b,2026-09-08,TIER_1_EXACT,rule_engine,0,459478784298,75959780527,ACC#00099,USD,-50541845.81,-50541845.81,2023-03-05,2023-03-05,008267481 41477 OKET484 L9IE3SP                                                                 UPCLOSER MONOCOQUE GAB -,VOLERY 3395844666FP,ingest_batch_0001.csv
d73a5bac-0716-468e-b18e-364ed55e0a03,2026-09-08,TIER_1_EXACT,rule_engine,0,80102757515,500006313122,ACC#00037,USD,34231125.50,34231125.50,2023-03-05,2023-03-05,008203049 41477 MOZO702 L9IE28F                                                                 JOQVY H.C. ZUCCHINIS TENT,VOLERY 3399458666FP,ingest_batch_0001.csv
001c529c-4f44-4c45-afe3-31308a12fa98,2026-09-08,TIER_1_EXACT,rule_engine,0,964652380463,924325388410,ACC#00019,USD,-60054000.00,-60054000.00,2023-03-05,2023-03-05,008208653 41477 NAPE159 L9IE2PC                                                                 UPCLOSER MONOCOQUE GAB -,VOLERY 3395302666FP,ingest_batch_0001.csv
357eeb3a-70fb-4e9e-b30b-8ba267f8b9d5,2026-09-08,TIER_1_EXACT,rule_engine,0,150262174723,906041247574,ACC#00106,USD,-50541845.81,-50541845.81,2023-03-05,2023-03-05,008267481 41477 OKET484 L9IE3SP                                                                 UPCLOSER MONOCOQUE GAB -,VOLERY 3395813666FP,ingest_batch_0001.csv
c2298804-e6a0-4dc0-ac47-a65b94384845,2026-09-08,TIER_1_EXACT,rule_engine,0,471488049694,804724378537,ACC#00113,USD,-50541845.81,-50541845.81,2023-03-05,2023-03-05,008267481 41477 OKET484 L9IE3SP                                                                 UPCLOSER MONOCOQUE GAB -,VOLERY 3395880666FP,ingest_batch_0001.csv
6e5e9b83-0488-484d-ad4e-e704842433e9,2026-09-08,TIER_1_EXACT,rule_engine,0,76350576849,629114072447,ACC#00032,USD,-34269218.51,-34269218.51,2023-03-05,2023-03-05,008200443 41477 MOZO702 L9IE2Y2                                                                 UPCLOSER MONOCOQUE GAB -,VOLERY 3395364666FP,ingest_batch_0001.csv
a5ff9813-ff12-48cb-9dbd-c2fa7a9efc0e,2026-09-08,TIER_1_EXACT,rule_engine,0,757617670176,327337398849,ACC#00028,USD,-1159150.00,-1159150.00,2023-03-05,2023-03-05,008449172 12667 AUG0856                                                                         PREOCCUR CROM MESSER VAMP,VOLERY 3466652666FP,ingest_batch_0001.csv
096a2245-f76e-41c3-b327-024404329c52,2026-09-08,TIER_1_EXACT,rule_engine,0,900714240805,37717998902,ACC#00120,USD,-50541845.81,-50541845.81,2023-03-05,2023-03-05,008267481 41477 OKET484 L9IE3SP                                                                 UPCLOSER MONOCOQUE GAB -,VOLERY 3395841666FP,ingest_batch_0001.csv
7c068177-e95e-4d99-b2f6-fae71b78615b,2026-09-08,TIER_1_EXACT,rule_engine,0,916909970832,696775224134,ACC#00127,USD,-50541845.81,-50541845.81,2023-03-05,2023-03-05,008267481 41477 OKET484 L9IE3SP                                                                 UPCLOSER MONOCOQUE GAB -,VOLERY 3395840666FP,ingest_batch_0001.csv
702a5eb6-6b90-426e-b3dd-c7995be46eee,2026-09-08,TIER_1_EXACT,rule_engine,0,922539248916,712067055214,ACC#00029,USD,-45825474.12,-45825474.12,2023-03-05,2023-03-05,008267457 41477 OKET487 L9IE3F3                                                                 UPCLOSER MONOCOQUE GAB -,VOLERY 3395898666FP,ingest_batch_0001.csv
c7551e1e-bddf-483e-b432-cf9a8df48ccf,2026-09-08,TIER_1_EXACT,rule_engine,0,127624532995,475717726550,ACC#00130,USD,50542100.00,50542100.00,2023-03-05,2023-03-05,008208643 41477 OKET484 L9IE2DJ                                                                 UPCLOSER MONOCOQUE GAB -,VOLERY 3399366666FP,ingest_batch_0001.csv
964983a0-fcb2-4b7f-8f6c-929daca3880d,2026-09-08,TIER_1_EXACT,rule_engine,0,373610780648,888429084592,ACC#00012,USD,-50544034.73,-50544034.73,2023-03-08,2023-03-08,008451470 17667 OKET964                                                                         UPCLOSER MONOCOQUE GAB -,VOLERY 3465227666FP,ingest_batch_0001.csv
b83c519d-ef6c-442b-910b-7c3a5b502b22,2026-09-08,TIER_1_EXACT,rule_engine,0,192246350491,912249379604,ACC#00010,USD,-158212.45,-158212.45,2023-03-08,2023-03-08,29266RADGG 29266RADGG                                                                      MISAPPLICABILITY,4566605449060 6781666176FW,ingest_batch_0001.csv
6be6a4cc-65f5-43a1-b74f-37e19198d470,2026-09-08,TIER_1_EXACT,rule_engine,0,747138033179,871091735769,ACC#00012,USD,173157.67,173157.67,2023-03-08,2023-03-08,008262064 14407 OKET617                                                                         UPCLOSER MONOCOQUE GAB -,VOLERY 3465326666FP,ingest_batch_0001.csv
51eef328-0374-46bc-ad63-debd4abb84a3,2026-09-08,TIER_1_EXACT,rule_engine,0,814338495489,795356522893,ACC#00011,USD,14332.64,14332.64,2023-03-08,2023-03-08,008262177 14476 SAUM769                                                                         UPCLOSER MONOCOQUE GAB -,VOLERY 3465314666FP,ingest_batch_0001.csv
04915311-6bab-427b-a795-61c2b665a0d3,2026-09-08,TIER_1_EXACT,rule_engine,0,349747621037,914083606458,ACC#00008,USD,382348.00,382348.00,2023-03-08,2023-03-08,VU6332267 41477 JOQVY H.C. ZUCCHINIS TENT,0813866176RN 0813866176RN,ingest_batch_0001.csv
fa8fe2ca-07b9-41ca-9e5c-f439a3b5af95,2026-09-08,TIER_1_EXACT,rule_engine,0,137766096479,112943642374,ACC#00024,USD,45708600.00,45708600.00,2023-03-08,2023-03-08,008278520 41477 EPEE242 L9IE92M                                                                 UPCLOSER MONOCOQUE GAB -,VOLERY 3469979666FP,ingest_batch_0001.csv
39396660-a5b4-4910-9221-9deff9fea758,2026-09-08,TIER_1_EXACT,rule_engine,0,883543683316,745090189955,ACC#00013,USD,800000.00,800000.00,2023-03-08,2023-03-08,35740472 V35740472                                                                       JO TONITE SAUNT 664952723,V357404720418939 4889866176VI,ingest_batch_0001.csv
c4f62fbf-586d-405c-aade-449c12cb9d03,2026-09-08,TIER_1_EXACT,rule_engine,0,986235791584,119572160533,ACC#00010,USD,224281.24,224281.24,2023-03-08,2023-03-08,008450708 88856 JAUP476                                                                         DIANITE ANIMI VOWED AGHAN,VOLERY 3406600666FP,ingest_batch_0001.csv
36113bdd-a16d-4a63-90a4-8204595d2ea2,2026-09-08,TIER_1_EXACT,rule_engine,0,7511919248,712128637206,ACC#00011,USD,924660.00,924660.00,2023-03-08,2023-03-08,008276897 19262 OKET942                                                                         DIANITE ANIMI KINESIOLOGY,VOLERY 3465329666FP,ingest_batch_0001.csv
f9f5f7d0-41f5-484f-9f63-f5bbf339c566,2026-09-08,TIER_1_EXACT,rule_engine,0,200978632087,389487682751,ACC#00017,USD,17886420.43,17886420.43,2023-03-08,2023-03-08,008203832 17661 OKET964                                                                         ZEE ETHERIFIES EFI,VOLERY 3469597666FP,ingest_batch_0001.csv
2db9dc59-83c2-4895-9ab0-59e41e980a12,2026-09-08,TIER_1_EXACT,rule_engine,0,870844505395,283681105976,ACC#00010,USD,-50541522.90,-50541522.90,2023-03-08,2023-03-08,008208644 41477 OKET484 L9IE2DJ                                                                 UPCLOSER MONOCOQUE GAB -,VOLERY 3465452666FP,ingest_batch_0001.csv
4dc26f43-65b4-4f45-911d-f3fbc6a263d7,2026-09-08,TIER_1_EXACT,rule_engine,0,114977812283,152213248744,ACC#00006,USD,1609364.69,1609364.69,2023-03-08,2023-03-08,35737367 V35737367                                                                       JO TONITE SAUNT 664952723,V357373670418939 4885566176VI,ingest_batch_0001.csv
b7731f53-518f-4438-aefa-8855e0546072,2026-09-08,TIER_1_EXACT,rule_engine,0,716690345952,166461578167,ACC#00005,USD,48657425.23,48657425.23,2023-03-08,2023-03-08,008208645 41477 NAPE580 L9IE2DH                                                                 UPCLOSER MONOCOQUE GAB -,VOLERY 3469535666FP,ingest_batch_0001.csv
70ee7cd2-7688-4b0a-80eb-5e9b07f2ecd7,2026-09-08,TIER_1_EXACT,rule_engine,0,927837004142,30390896268,ACC#00003,USD,5141300.00,5141300.00,2023-03-08,2023-03-08,70684646 V70684646                                                                       SAUT DU         516194414,MG70684646L600MK 4401966176VI,ingest_batch_0001.csv
dd3a2b65-3c69-4eba-a8ab-1ae4bc9d59a8,2026-09-08,TIER_1_EXACT,rule_engine,0,8501513546,860300278913,ACC#00017,USD,-50541522.90,-50541522.90,2023-03-08,2023-03-08,008208644 41477 OKET484 L9IE2DJ                                                                 UPCLOSER MONOCOQUE GAB -,VOLERY 3465445666FP,ingest_batch_0001.csv
d9d17e72-0c7e-4ff2-9373-a965be372a43,2026-09-08,TIER_1_EXACT,rule_engine,0,897947030067,930083592124,ACC#00007,USD,158811.68,158811.68,2023-03-08,2023-03-08,07166OT0MA 07166OT0MA                                                                      PRYSE - BAS - TI,07166OT0MA 4982566176VI,ingest_batch_0001.csv
035bb164-bcb8-4364-be0b-f3f4a4e792b1,2026-09-08,TIER_1_EXACT,rule_engine,0,358968442061,242541986566,ACC#00025,USD,43726100.00,43726100.00,2023-03-08,2023-03-08,008278550 41477 OKET481 L9IE92I                                                                 UPCLOSER MONOCOQUE GAB -,VOLERY 3469986666FP,ingest_batch_0001.csv
7c9ccf63-b507-49b5-97c9-584e3281e0bf,2026-09-08,TIER_1_EXACT,rule_engine,0,338851912202,884592943483,ACC#00009,USD,1853087.00,1853087.00,2023-03-08,2023-03-08,008451475 17667 CHARE00                                                                         DIANITE ANIMI VOWED AGHAN,VOLERY 3465303666FP,ingest_batch_0001.csv
eed6aa1b-ebbe-48fa-8bd4-7fe1a7d8a1bf,2026-09-08,TIER_1_EXACT,rule_engine,0,887212868675,265572139548,ACC#00018,USD,872981.69,872981.69,2023-03-08,2023-03-08,008200145 17661 OKET599                                                                         TAPU ETHERIFIES AUANTIC,VOLERY 3469541666FP,ingest_batch_0001.csv
8d8d755c-8356-413e-91b7-b94f67c8491e,2026-09-08,TIER_1_EXACT,rule_engine,0,84098437241,904497728653,ACC#00015,USD,-2507368.50,-2507368.50,2023-03-08,2023-03-08,32566OT6Q6 32566OT6Q6                                                                      JOQVY - BAS - DG,322756AL61314701 8373766102VI,ingest_batch_0001.csv
c70b62d9-611a-41e8-b8c0-3ac6797e2b8c,2026-09-08,TIER_1_EXACT,rule_engine,0,60690369909,640230067325,ACC#00010,USD,60054272.25,60054272.25,2023-03-08,2023-03-08,008208654 41477 NAPE159 L9IE2PC                                                                 UPCLOSER MONOCOQUE GAB -,VOLERY 3469552666FP,ingest_batch_0001.csv
6a55c493-4bb2-4f53-a7ca-7f62ff4ac34b,2026-09-08,TIER_1_EXACT,rule_engine,0,774334931791,967655930398,ACC#00012,USD,4479345.00,4479345.00,2023-03-08,2023-03-08,HEY RAMON DISNEY JOQ ELUVIA KR - TA,GYNOMONOECISM 2770666176VI,ingest_batch_0001.csv
08e43649-fb98-41d6-87e1-433218c56719,2026-09-08,TIER_1_EXACT,rule_engine,0,429509854465,210875234345,ACC#00006,USD,-60054000.00,-60054000.00,2023-03-08,2023-03-08,008278522 41477 NAPE159 L9IE92S                                                                 UPCLOSER MONOCOQUE GAB -,VOLERY 3465287666FP,ingest_batch_0001.csv
109fb52a-3b7b-4d65-8606-d61614d46bd5,2026-09-08,TIER_1_EXACT,rule_engine,0,913465587776,423319469938,ACC#00016,USD,3207853.73,3207853.73,2023-03-08,2023-03-08,008208532 67888 NAPE580 L9IE21F                                                                 JO TONITE ETHERIFIES GAB,VOLERY 3469598666FP,ingest_batch_0001.csv
4a7b8ab7-8bde-4e94-8bd1-a5b558c09cae,2026-09-08,TIER_1_EXACT,rule_engine,0,773370662586,838777664009,ACC#00002,USD,1957500.00,1957500.00,2023-03-08,2023-03-08,008273085 67888 SHOWD61 L9HZ6SG                                                                 JO TONITE ETHERIFIES GAB,VOLERY 3406666666FP,ingest_batch_0001.csv
b5e7bd4f-3e00-4dbd-902d-77c1d0b2bebc,2026-09-08,TIER_1_EXACT,rule_engine,0,109018935390,587748120793,ACC#00004,USD,3349015.50,3349015.50,2023-03-08,2023-03-08,008269949 10111 OKET481                                                                         UPCLOSER MONOCOQUE GAB -,VOLERY 3469582666FP,ingest_batch_0001.csv
cad34054-c89f-4b96-8e0e-e4eefe338e69,2026-09-08,TIER_1_EXACT,rule_engine,0,522230180575,459047324856,ACC#00009,USD,50591477.26,50591477.26,2023-03-08,2023-03-08,008454588 16768 OKET964                                                                         JOQVY ELUVIA DESINENT,VOLERY 3406678666FP,ingest_batch_0001.csv
e8068267-03cf-47b5-b06b-973379cf243c,2026-09-08,TIER_1_EXACT,rule_engine,0,71467113994,554252211078,ACC#00032,USD,43726100.00,43726100.00,2023-03-08,2023-03-08,008278550 41477 OKET481 L9IE92I                                                                 UPCLOSER MONOCOQUE GAB -,VOLERY 3469911666FP,ingest_batch_0001.csv
07883e50-e165-492d-8aa5-44751791642e,2026-09-08,TIER_1_EXACT,rule_engine,0,703760901032,418427703125,ACC#00024,USD,-50541522.90,-50541522.90,2023-03-08,2023-03-08,008208644 41477 OKET484 L9IE2DJ                                                                 UPCLOSER MONOCOQUE GAB -,VOLERY 3465444666FP,ingest_batch_0001.csv
21bb9bb4-e366-42f4-909c-63e0d4da3c6a,2026-09-08,TIER_1_EXACT,rule_engine,0,361520194530,170292563611,ACC#00018,USD,879425.32,879425.32,2023-03-08,2023-03-08,29266OT6K6 29266OT6K6                                                                      TARRAGON INGIVER,29266OT6K6 4452866176VI,ingest_batch_0001.csv
ebd61a65-810f-437d-a219-a2b4fec00eef,2026-09-08,TIER_1_EXACT,rule_engine,0,379305493616,735199344982,ACC#00015,USD,50542100.00,50542100.00,2023-03-08,2023-03-08,008278548 41477 OKET746 L9IE92H                                                                 UPCLOSER MONOCOQUE GAB -,VOLERY 3469951666FP,ingest_batch_0001.csv
0c8ab695-f435-490b-b21f-bd4666de691d,2026-09-08,TIER_1_EXACT,rule_engine,0,10694413313,964488365301,ACC#00022,USD,50542100.00,50542100.00,2023-03-08,2023-03-08,008278546 41477 OKET484 L9IE92U                                                                 UPCLOSER MONOCOQUE GAB -,VOLERY 3469933666FP,ingest_batch_0001.csv
1240aeac-558d-40d3-82eb-c81176b0126f,2026-09-08,TIER_1_EXACT,rule_engine,0,130790498936,161071406780,ACC#00011,USD,-28543.50,-28543.50,2023-03-08,2023-03-08,008424524 14476 MARCS31                                                                         ENHAT CROM TYPY AS CARENE,VOLERY 3406831666FP,ingest_batch_0001.csv
def0925d-b0ef-41aa-a6e7-7ed9fe4fa7fe,2026-09-08,TIER_1_EXACT,rule_engine,0,748500356000,651557083547,ACC#00005,USD,34269504.10,34269504.10,2023-03-08,2023-03-08,008200444 41477 MOZO702 L9IE2Y2                                                                 UPCLOSER MONOCOQUE GAB -,VOLERY 3469526666FP,ingest_batch_0001.csv
c82360fc-66a7-42d7-8f82-fb887cb28247,2026-09-08,TIER_1_EXACT,rule_engine,0,547633886846,601095749308,ACC#00029,USD,50542100.00,50542100.00,2023-03-08,2023-03-08,008278546 41477 OKET484 L9IE92U                                                                 UPCLOSER MONOCOQUE GAB -,VOLERY 3469959666FP,ingest_batch_0001.csv
66570563-3bc1-45ab-a138-78973ba9c51f,2026-09-08,TIER_1_EXACT,rule_engine,0,887632113445,298476679645,ACC#00004,USD,21883.88,21883.88,2023-03-08,2023-03-08,008262178 14476 OKET523                                                                         UPCLOSER MONOCOQUE GAB -,VOLERY 3465312666FP,ingest_batch_0001.csv
f9a61768-fa22-4a7a-92a3-24586abc9507,2026-09-08,TIER_1_EXACT,rule_engine,0,141258979050,908701370969,ACC#00008,USD,-2628160.00,2628160.00,2023-03-08,2023-03-08,008497689 12667 OKET941                                                                         PETTAH STERNAL GEOMETRINE,VOLERY 3465302666FP,ingest_batch_0001.csv
34498c50-3b53-4ef3-9e5a-ba91cb25b231,2026-09-08,TIER_1_EXACT,rule_engine,0,828593207815,441627947722,ACC#00039,USD,43726100.00,43726100.00,2023-03-08,2023-03-08,008278550 41477 OKET481 L9IE92I                                                                 UPCLOSER MONOCOQUE GAB -,VOLERY 3469915666FP,ingest_batch_0001.csv
eed63f3c-4102-4a17-9065-451edfac3d2d,2026-09-08,TIER_1_EXACT,rule_engine,0,506267041799,809772310581,ACC#00014,USD,54179600.00,54179600.00,2023-03-08,2023-03-08,008278542 41477 OKET964 L9IE92F                                                                 UPCLOSER MONOCOQUE GAB -,VOLERY 3469957666FP,ingest_batch_0001.csv
b41cb273-87cc-490b-9d52-77af8796630d,2026-09-08,TIER_1_EXACT,rule_engine,0,658136571052,339768217258,ACC#00031,USD,-50541522.90,-50541522.90,2023-03-08,2023-03-08,008208644 41477 OKET484 L9IE2DJ                                                                 UPCLOSER MONOCOQUE GAB -,VOLERY 3465426666FP,ingest_batch_0001.csv
97bce773-72e5-4819-b1ca-4a5431e08185,2026-09-08,TIER_1_EXACT,rule_engine,0,151141010235,28026423479,ACC#00009,USD,122738.90,122738.90,2023-03-08,2023-03-08,008262769 14407 JAUP189                                                                         UPCLOSER MONOCOQUE GAB -,VOLERY 3465338666FP,ingest_batch_0001.csv
34744561-e474-42bf-8258-b2324b3a6816,2026-09-08,TIER_1_EXACT,rule_engine,0,640846935213,348216766939,ACC#00038,USD,-50541522.90,-50541522.90,2023-03-08,2023-03-08,008208644 41477 OKET484 L9IE2DJ                                                                 UPCLOSER MONOCOQUE GAB -,VOLERY 3465446666FP,ingest_batch_0001.csv
3a0c32ec-449b-4ac0-a06a-afa49426eb81,2026-09-08,TIER_1_EXACT,rule_engine,0,796945195231,802049377213,ACC#00045,USD,-50541522.90,-50541522.90,2023-03-08,2023-03-08,008208644 41477 OKET484 L9IE2DJ                                                                 UPCLOSER MONOCOQUE GAB -,VOLERY 3465455666FP,ingest_batch_0001.csv
3dfad7a6-9589-4ac0-ad5a-fc53bd77d486,2026-09-08,TIER_1_EXACT,rule_engine,0,188286114103,361537287273,ACC#00019,USD,2121647.95,2121647.95,2023-03-08,2023-03-08,008201004 17667 OKET484                                                                         TAPU ETHERIFIES AUANTIC,VOLERY 3469557666FP,ingest_batch_0001.csv
7e6c755d-e751-4d03-a442-3a1df1c24e5f,2026-09-08,TIER_1_EXACT,rule_engine,0,901950946251,458656930247,ACC#00008,USD,3444704.72,3444704.72,2023-03-08,2023-03-08,15068785 V15068785                                                                       SLATTERN EU     706670310,MG15068785L600MK 4428966176VI,ingest_batch_0001.csv
ea3f26fa-3f22-4075-ac94-e0ce2eaeaff0,2026-09-08,TIER_1_EXACT,rule_engine,0,982812925468,824585806828,ACC#00001,USD,4683134.60,4683134.60,2023-03-08,2023-03-08,07166OT64K 07166OT64K                                                                      TARRAGON INGIVER,07166OT64K 4496666176VI,ingest_batch_0001.csv
a5b5499e-22b9-4338-bef6-ac145a87105a,2026-09-08,TIER_1_EXACT,rule_engine,0,337467090333,827290300981,ACC#00004,USD,-108290.00,-108290.00,2023-03-08,2023-03-08,008273622 67888 CHOIL61 L9IE99J                                                                 JO TONITE ETHERIFIES GAB,VOLERY 3465285666FP,ingest_batch_0001.csv
4d88c704-6c9c-4015-9b50-8dfc9f1a66c4,2026-09-08,TIER_1_EXACT,rule_engine,0,770652343244,35525067091,ACC#00019,USD,803227450.00,803227450.00,2023-03-08,2023-03-08,6666666667713120 P677131200477984                                                                JEE - DESINENT,P677131200477984 3909066176VI,ingest_batch_0001.csv
ac205499-6cd8-4920-8c0c-528348f2048d,2026-09-08,TIER_1_EXACT,rule_engine,0,682730120637,937337620507,ACC#00052,USD,-50541522.90,-50541522.90,2023-03-08,2023-03-08,008208644 41477 OKET484 L9IE2DJ                                                                 UPCLOSER MONOCOQUE GAB -,VOLERY 3465441666FP,ingest_batch_0001.csv
9f58e70d-30ec-4166-8e02-65779fe38923,2026-09-08,TIER_1_EXACT,rule_engine,0,865710852352,668610884506,ACC#00001,USD,-50524283.60,-50524283.60,2023-03-08,2023-03-08,008427862 17661 OKET964                                                                         UPCLOSER MONOCOQUE GAB -,VOLERY 3465238666FP,ingest_batch_0001.csv
e128c2ec-85f1-4b90-be1e-81361b5ecf04,2026-09-08,TIER_1_EXACT,rule_engine,0,577050587886,798542952467,ACC#00021,USD,362279.50,362279.50,2023-03-08,2023-03-08,008450044 88856 CHARE18                                                                         DIANITE ANIMI VOWED AGHAN,VOLERY 3406662666FP,ingest_batch_0001.csv
3dca65fa-1de5-4e47-84a4-662a2c0f5a6f,2026-09-08,TIER_1_EXACT,rule_engine,0,94218746614,83544071434,ACC#00014,USD,875940.00,875940.00,2023-03-08,2023-03-08,008207320 12667 WASN683                                                                         UPCLOSER MONOCOQUE GAB -,VOLERY 3465347666FP,ingest_batch_0001.csv
6592b1d2-53ff-45d0-8ea2-cd6afd8f4062,2026-09-08,TIER_1_EXACT,rule_engine,0,372658023378,804931754947,ACC#00013,USD,162242.66,162242.66,2023-03-08,2023-03-08,008262347 14407 NAPE532                                                                         UPCLOSER MONOCOQUE GAB -,VOLERY 3465381666FP,ingest_batch_0001.csv
cb4faca0-1a5b-4855-9c44-a36b9eb9d9b2,2026-09-08,TIER_1_EXACT,rule_engine,0,816978496343,122815008169,ACC#00021,USD,54179600.00,54179600.00,2023-03-08,2023-03-08,008278542 41477 OKET964 L9IE92F                                                                 UPCLOSER MONOCOQUE GAB -,VOLERY 3469923666FP,ingest_batch_0001.csv
6c5c038e-4d54-46a6-873c-107a8d7af97d,2026-09-08,TIER_1_EXACT,rule_engine,0,33232221309,974313321468,ACC#00023,USD,-520907.70,-520907.70,2023-03-08,2023-03-08,008458561 19262 KAVI385                                                                         KFU UNSOLACED ETHERIFIES,VOLERY 3465289666FP,ingest_batch_0001.csv
2dff43f7-32db-4953-9561-13d7c1dec6f5,2026-09-08,TIER_1_EXACT,rule_engine,0,235344597148,156654682979,ACC#00021,USD,48736700.00,48736700.00,2023-03-08,2023-03-08,008278547 41477 MEGGY88 L9IE92P                                                                 UPCLOSER MONOCOQUE GAB -,VOLERY 3469936666FP,ingest_batch_0001.csv
45a45e6e-1a52-452b-ad67-2cd751e3bedc,2026-09-08,TIER_1_EXACT,rule_engine,0,403230438614,280658193145,ACC#00008,USD,42970.00,42970.00,2023-03-08,2023-03-08,008205358 67666 DOYST95 L9CY87P                                                                 MEROTROPISM NM CRYOCHORIC,008205358-767-0 4761766176VI,ingest_batch_0001.csv
86fcae0f-989b-4c96-bc71-aa4d413b276b,2026-09-08,TIER_1_EXACT,rule_engine,0,497025918583,674078829026,ACC#00013,USD,-54250537.85,-54250537.85,2023-03-08,2023-03-08,008442402 17661 OKET964                                                                         UPCLOSER MONOCOQUE GAB -,VOLERY 3465415666FP,ingest_batch_0001.csv
3c73e009-2eb4-4fd3-b7d7-63e76ec1b57e,2026-09-08,TIER_1_EXACT,rule_engine,0,986769894877,365239546333,ACC#00007,USD,-440897.94,-440897.94,2023-03-08,2023-03-08,008455160 14407 RAKEE50                                                                         UPCLOSER MONOCOQUE GAB -,VOLERY 3406871666FP,ingest_batch_0001.csv
25bfffd9-f102-4507-8df0-4dae87ea8c4f,2026-09-08,TIER_1_EXACT,rule_engine,0,932032508352,852301763933,ACC#00016,USD,39029.93,39029.93,2023-03-08,2023-03-08,008262771 14407 CHARE45                                                                         UPCLOSER MONOCOQUE GAB -,VOLERY 3465332666FP,ingest_batch_0001.csv
75e21067-a8a4-495d-9447-1aceb29a0d4e,2026-09-08,TIER_1_EXACT,rule_engine,0,176429288813,589847682657,ACC#00021,USD,-10076863.05,-10076863.05,2023-03-08,2023-03-08,008208655 41477 OKET481 L9IE2ID                                                                 UPCLOSER MONOCOQUE GAB -,VOLERY 3465275666FP,ingest_batch_0001.csv
9b57d6a2-c444-47a8-8cb2-6f3f5740b2ec,2026-09-08,TIER_1_EXACT,rule_engine,0,798449810070,468590195774,ACC#00036,USD,50542100.00,50542100.00,2023-03-08,2023-03-08,008278546 41477 OKET484 L9IE92U                                                                 UPCLOSER MONOCOQUE GAB -,VOLERY 3469904666FP,ingest_batch_0001.csv
ce371110-3f46-4d38-bd08-fca52c4fde9f,2026-09-08,TIER_1_EXACT,rule_engine,0,540573380527,768665517547,ACC#00008,USD,91147.76,91147.76,2023-03-08,2023-03-08,008262719 14407 CUTIN16                                                                         UPCLOSER MONOCOQUE GAB -,VOLERY 3465370666FP,ingest_batch_0001.csv
c36cc45b-90e6-43ea-9cde-a7e2ddba7527,2026-09-08,TIER_1_EXACT,rule_engine,0,816113273325,109616650743,ACC#00012,USD,-3180.89,-3180.89,2023-03-08,2023-03-08,32566OT68P 32566OT68P                                                                      JOQVY - BAS - DG,322756AL61317045 8302066102VI,ingest_batch_0001.csv
695244e3-afd0-405f-b45c-3abaaf286639,2026-09-08,TIER_1_EXACT,rule_engine,0,156498264887,130356031506,ACC#00043,USD,50542100.00,50542100.00,2023-03-08,2023-03-08,008278546 41477 OKET484 L9IE92U                                                                 UPCLOSER MONOCOQUE GAB -,VOLERY 3469974666FP,ingest_batch_0001.csv
2a456d0a-40e0-4057-9e3f-18c3ef7bafa2,2026-09-08,TIER_1_EXACT,rule_engine,0,83665687201,669760076687,ACC#00024,USD,-3100.00,3100.00,2023-03-08,2023-03-08,32566RAAUQ 32566RAAUQ                                                                      PRYSE - BAS - DG,32566RAAKP 4249766176VI,ingest_batch_0001.csv
b8669a8b-6d9d-494c-8822-1d37fc165468,2026-09-08,TIER_1_EXACT,rule_engine,0,786477021980,707603066584,ACC#00009,USD,70000.00,70000.00,2023-03-08,2023-03-08,008427434 67666 GULA885 L9GT84D                                                                 UPCLOSER SAUNT TYPY DE -,008427434-767-0 2120766176VI,ingest_batch_0001.csv
1c2de4fe-df1f-456f-a1f3-ed70d4cc9574,2026-09-08,TIER_1_EXACT,rule_engine,0,403005951954,101564546477,ACC#00015,USD,-227033.75,-227033.75,2023-03-05,2023-03-05,HEY RAMON DISNEY VJ_CROM - TA,VOLERY L-6816166176HQ,ingest_batch_0001.csv
effdcfa6-67d0-4ce2-ab64-3e16c1574a72,2026-09-08,TIER_1_EXACT,rule_engine,0,937429094149,142219169252,ACC#00059,USD,-50541522.90,-50541522.90,2023-03-08,2023-03-08,008208644 41477 OKET484 L9IE2DJ                                                                 UPCLOSER MONOCOQUE GAB -,VOLERY 3465453666FP,ingest_batch_0001.csv
c5c26710-a103-460c-9475-fd80b7f50bb3,2026-09-08,TIER_1_EXACT,rule_engine,0,652828174156,945687609680,ACC#00005,USD,-45230413.07,-45230413.07,2023-03-08,2023-03-08,008208658 41477 NAPE703 L9IE2DP                                                                 UPCLOSER MONOCOQUE GAB -,VOLERY 3465200666FP,ingest_batch_0001.csv
28551729-7c10-4275-8089-337602b3dde8,2026-09-08,TIER_1_EXACT,rule_engine,0,301398219868,12429704397,ACC#00020,USD,-934460.43,-934460.43,2023-03-08,2023-03-08,IYO9126666165551 IYO9126666165551,IYO9126666165551 2506066176VI,ingest_batch_0001.csv
4b36a30c-b1fa-45bc-a811-dca94bb319ac,2026-09-08,TIER_1_EXACT,rule_engine,0,89556443904,560758630900,ACC#00021,USD,295225.99,295225.99,2023-03-08,2023-03-08,008450043 88856 CHARE18                                                                         DIANITE ANIMI VOWED QMQF,VOLERY 3469599666FP,ingest_batch_0001.csv
e885f743-700b-4a29-a5ec-bb05361a2d4b,2026-09-08,TIER_1_EXACT,rule_engine,0,161091065147,502440027055,ACC#00013,USD,949509.69,949509.69,2023-03-08,2023-03-08,008455825 67387 LEUD223                                                                         BILAAN SUBHEADINGS WRANNY,VOLERY 3465386666FP,ingest_batch_0001.csv
82b96f28-1ebb-4bb1-93cc-3724882cbab6,2026-09-08,TIER_1_EXACT,rule_engine,0,983055747901,920222546156,ACC#00006,USD,-472232.50,-472232.50,2023-03-08,2023-03-08,008455103 14407 JAUP189                                                                         UPCLOSER MONOCOQUE GAB -,VOLERY 3406873666FP,ingest_batch_0001.csv
3e8fbdec-be17-4541-b2f6-d7ebde403b06,2026-09-08,TIER_1_EXACT,rule_engine,0,530169831172,276809030945,ACC#00020,USD,73730.59,73730.59,2023-03-08,2023-03-08,008262734 14407 ANNET28                                                                         UPCLOSER MONOCOQUE GAB -,VOLERY 3465378666FP,ingest_batch_0001.csv
385a9710-fd85-477d-b6a8-8ac82373bbd4,2026-09-08,TIER_1_EXACT,rule_engine,0,94508144573,285905253279,ACC#00066,USD,-50541522.90,-50541522.90,2023-03-08,2023-03-08,008208644 41477 OKET484 L9IE2DJ                                                                 UPCLOSER MONOCOQUE GAB -,VOLERY 3465424666FP,ingest_batch_0001.csv
017bd08b-4b68-40b4-b5c7-74b2f41f1bfe,2026-09-08,TIER_1_EXACT,rule_engine,0,136021084184,71909660593,ACC#00019,USD,-17852.12,-17852.12,2023-03-08,2023-03-08,008452407 14476 OKET523                                                                         LIXIVIA JACTANCE STERNAL,VOLERY 3406888666FP,ingest_batch_0001.csv
7b032582-9a07-4594-b1d3-89864659c615,2026-09-08,TIER_1_EXACT,rule_engine,0,674941019492,297392510940,ACC#00028,USD,54179600.00,54179600.00,2023-03-08,2023-03-08,008278542 41477 OKET964 L9IE92F                                                                 UPCLOSER MONOCOQUE GAB -,VOLERY 3469921666FP,ingest_batch_0001.csv
5b626365-a2cb-4bc6-8517-9a58cb6246c4,2026-09-08,TIER_1_EXACT,rule_engine,0,107750988654,826596760579,ACC#00030,USD,520907.70,520907.70,2023-03-08,2023-03-08,008458299 19262 KAVI385                                                                         JO TONITE (GOLACH) NM-SUF,VOLERY 3469595666FP,ingest_batch_0001.csv
8b6a2269-51d5-495f-a2e8-aaeea7e1e002,2026-09-08,TIER_1_EXACT,rule_engine,0,921629722107,205384384007,ACC#00009,USD,-891000.00,-891000.00,2023-03-08,2023-03-08,008278522 41477 NAPE159 L9IE92S                                                                 UPCLOSER MONOCOQUE GAB -,VOLERY 3465288666FP,ingest_batch_0001.csv
96e9a7b7-5ac2-4855-bfa2-3d902b3ff28d,2026-09-08,TIER_1_EXACT,rule_engine,0,979992770414,673246779837,ACC#00046,USD,43726100.00,43726100.00,2023-03-08,2023-03-08,008278550 41477 OKET481 L9IE92I                                                                 UPCLOSER MONOCOQUE GAB -,VOLERY 3469912666FP,ingest_batch_0001.csv
55c8e6f7-a51c-4bed-949a-c8f88281442b,2026-09-08,TIER_1_EXACT,rule_engine,0,743779143131,947306250095,ACC#00022,USD,-14324464.67,-14324464.67,2023-03-08,2023-03-08,008208586 67888 NAPE703 L9IE21Y                                                                 JO TONITE ETHERIFIES GAB,VOLERY 3465216666FP,ingest_batch_0001.csv
140d293d-cd12-4e6b-a317-ec79585418cf,2026-09-08,TIER_1_EXACT,rule_engine,0,832065629576,836130672130,ACC#00012,USD,-352.26,-352.26,2023-03-08,2023-03-08,556+656S6B656M64 446-656I606U6M65                                                                TONITE ARRIAGE UNKNOW LEA,ICHTHYIZATION 0084469176WT,ingest_batch_0001.csv
4369bf47-a0b0-4a8a-a424-a8fbde47c54f,2026-09-08,TIER_1_EXACT,rule_engine,0,130623633089,756480770831,ACC#00009,USD,1743987.80,-1743987.80,2023-03-08,2023-03-08,008265640 55570 OKET966                                                                         JO TONITE ETHERIFIES GAB,VOLERY 3465481666FP,ingest_batch_0001.csv
b625d054-8cb9-4a6c-b98a-69a6bc7f9ad7,2026-09-08,TIER_1_EXACT,rule_engine,0,659878599841,380092535442,ACC#00001,USD,542353.45,542353.45,2023-03-08,2023-03-08,008450703 88856 JAUP476                                                                         DIANITE ANIMI VOWED AGHAN,VOLERY 3406601666FP,ingest_batch_0001.csv
fe6aee00-64f5-41b4-bfb0-e4b29e411279,2026-09-08,TIER_1_EXACT,rule_engine,0,388650872916,972879562689,ACC#00008,USD,-4683134.60,-4683134.60,2023-03-08,2023-03-08,07166RANNB 07166RANNB                                                                      JOQVY-BAS - DIE,3726266666019521 8301466102VI,ingest_batch_0001.csv
775345a0-61c1-4be5-80b3-fe2b2a80c454,2026-09-08,TIER_1_EXACT,rule_engine,0,591911900279,704844824997,ACC#00001,USD,-45708816.89,-45708816.89,2023-03-08,2023-03-08,008208625 41477 EPEE242 L9IE2BI                                                                 UPCLOSER MONOCOQUE GAB -,VOLERY 3465207666FP,ingest_batch_0001.csv
b8bbe01d-2128-485b-a549-c2ab6aa9c50e,2026-09-08,TIER_1_EXACT,rule_engine,0,201128171064,157275309589,ACC#00020,USD,-43726197.98,-43726197.98,2023-03-08,2023-03-08,008208655 41477 OKET481 L9IE2ID                                                                 UPCLOSER MONOCOQUE GAB -,VOLERY 3465271666FP,ingest_batch_0001.csv
6d225b5b-a27c-4a30-9e98-1436973aeaf5,2026-09-08,TIER_1_EXACT,rule_engine,0,19606713533,39487562099,ACC#00020,USD,-54250537.85,-54250537.85,2023-03-08,2023-03-08,008442402 17661 OKET964                                                                         UPCLOSER MONOCOQUE GAB -,VOLERY 3465231666FP,ingest_batch_0001.csv
0d0a56b5-3d4f-49d2-b2ed-829c8b3d289e,2026-09-08,TIER_1_EXACT,rule_engine,0,936110429722,563591818511,ACC#00010,USD,15293.45,-15293.45,2023-03-08,2023-03-08,008455179 14407 BAIS360                                                                         BYV GEOMETRINE QMQF ZH AH,VOLERY 3406817666FP,ingest_batch_0001.csv
f1066aa6-5254-4cb5-82d6-cad78a9c63d7,2026-09-08,TIER_1_EXACT,rule_engine,0,343813081585,443088130069,ACC#00050,USD,50542100.00,50542100.00,2023-03-08,2023-03-08,008278546 41477 OKET484 L9IE92U                                                                 UPCLOSER MONOCOQUE GAB -,VOLERY 3469953666FP,ingest_batch_0001.csv
74dcd74a-c3be-4a06-8e1d-c2d76777d82d,2026-09-08,TIER_1_EXACT,rule_engine,0,110401919516,383755286549,ACC#00011,USD,-48660000.00,-48660000.00,2023-03-08,2023-03-08,008278521 41477 NAPE580 L9IE92G                                                                 UPCLOSER MONOCOQUE GAB -,VOLERY 3465280666FP,ingest_batch_0001.csv
c2a73708-8ae6-4067-8363-369895832aa0,2026-09-08,TIER_1_EXACT,rule_engine,0,592238403347,853125440456,ACC#00020,USD,1277704.49,1277704.49,2023-03-08,2023-03-08,70992866 V70992866                                                                       JO TONITE SAUNT 664952723,V709928660415291 4469766176VI,ingest_batch_0001.csv
06d4fb13-20ec-4c87-8c52-02e8603797de,2026-09-08,TIER_1_EXACT,rule_engine,0,115589966995,30700728181,ACC#00019,USD,1195045.00,1195045.00,2023-03-08,2023-03-08,008497643 12667 OKET947                                                                         UPCLOSER MONOCOQUE GAB -,VOLERY 3465356666FP,ingest_batch_0001.csv
a610ca77-c97a-4ec9-b1c2-992b48d64555,2026-09-08,TIER_1_EXACT,rule_engine,0,754699220342,533488158767,ACC#00001,USD,796083.28,796083.28,2023-03-08,2023-03-08,07166RTMGQ 07166RTMGQ                                                                      JO TONITE (TANGA,07166RTMGQ 2397366176VI,ingest_batch_0001.csv
e3e5cf1c-7603-4f12-b013-6c69b46ffa90,2026-09-08,TIER_1_EXACT,rule_engine,0,344725022633,999544104438,ACC#00017,USD,60054272.25,60054272.25,2023-03-08,2023-03-08,008208654 41477 NAPE159 L9IE2PC                                                                 UPCLOSER MONOCOQUE GAB -,VOLERY 3469559666FP,ingest_batch_0001.csv
3464b67b-8767-43c7-b2dd-5a4d9e931f20,2026-09-08,TIER_1_EXACT,rule_engine,0,984061896896,639684301245,ACC#00007,USD,205817.05,205817.05,2023-03-08,2023-03-08,008455186 67463 NACHE61                                                                         VOLUPT NAPKIN BUT MG,VOLERY 3465361666FP,ingest_batch_0001.csv
7804a87b-743d-41c3-b6f2-d585ece53540,2026-09-08,TIER_1_EXACT,rule_engine,0,65393590742,303166703846,ACC#00019,USD,-50544034.73,-50544034.73,2023-03-08,2023-03-08,008457114 17667 OKET964                                                                         UPCLOSER MONOCOQUE GAB -,VOLERY 3465239666FP,ingest_batch_0001.csv
04566b31-0978-4ff9-abbb-b5642e26c87c,2026-09-08,TIER_1_EXACT,rule_engine,0,873962260530,166033175608,ACC#00005,USD,382200.39,382200.39,2023-03-08,2023-03-08,008455822 67387 LEUD223                                                                         ALL BILAAN ANGELINA ALGID,VOLERY 3465380666FP,ingest_batch_0001.csv
d82050b3-ad5e-409c-ae23-6a4b79bcb6b3,2026-09-08,TIER_1_EXACT,rule_engine,0,776743848928,360463752399,ACC#00019,USD,-1597.90,-1597.90,2023-03-08,2023-03-08,RM150026  67666 UPCLOSER SAUNT TYPY,VOLERY 3465359666FP,ingest_batch_0001.csv
538a69b5-458a-4ef2-aa9c-40e471bcf14f,2026-09-08,TIER_1_EXACT,rule_engine,0,404501565936,815598996012,ACC#00073,USD,-50541522.90,-50541522.90,2023-03-08,2023-03-08,008208644 41477 OKET484 L9IE2DJ                                                                 UPCLOSER MONOCOQUE GAB -,VOLERY 3465432666FP,ingest_batch_0001.csv
892c75f5-7456-478c-99ba-31e5c39ed937,2026-09-08,TIER_1_EXACT,rule_engine,0,586911247889,447512222416,ACC#00021,USD,-62606552.84,-62606552.84,2023-03-08,2023-03-08,70418210 CHUETA5003JOQG7U                                                                JO TONITE CROM  667764757,V704799500112848 2189266176VI,ingest_batch_0001.csv
617bba14-37a9-462e-bbb6-a6b0d06ecc4c,2026-09-08,TIER_1_EXACT,rule_engine,0,422581749471,387949223142,ACC#00008,USD,55115500.00,55115500.00,2023-03-08,2023-03-08,008278552 41477 OKET487 L9IE92B                                                                 UPCLOSER MONOCOQUE GAB -,VOLERY 3469992666FP,ingest_batch_0001.csv
8d3a4a0b-91ed-436f-8535-59ca44676a90,2026-09-08,TIER_1_EXACT,rule_engine,0,673431790721,716304090413,ACC#00011,USD,-286449.53,-286449.53,2023-03-08,2023-03-08,008452452 14476 SYNE716                                                                         UPCLOSER MONOCOQUE GAB -,VOLERY 3406800666FP,ingest_batch_0001.csv
d5eb013a-691f-4f6a-ac4f-e51d7b99907b,2026-09-08,TIER_1_EXACT,rule_engine,0,726699024755,20028503216,ACC#00019,USD,-4896675.06,-4896675.06,2023-03-08,2023-03-08,008208502 67888 EPEE553 L9IE21Z                                                                 JO TONITE ETHERIFIES GAB,VOLERY 3465499666FP,ingest_batch_0001.csv
ae58fcae-dfa0-4552-a97b-4ea6d46b15c8,2026-09-08,TIER_1_EXACT,rule_engine,0,309215428252,21044694284,ACC#00013,USD,49143319.00,49143319.00,2023-03-08,2023-03-08,89160426 V89160426                                                                       WUR AI-WHINNY   669267817,MG89160426M600MK 4048766176VI,ingest_batch_0001.csv
bfec9e49-45ba-49a3-bda1-614b7dfe7a03,2026-09-08,TIER_1_EXACT,rule_engine,0,954372671918,686062125033,ACC#00002,USD,-4486230.50,-4486230.50,2023-03-08,2023-03-08,636136 666666661082357,4534503090 2216266176VI,ingest_batch_0001.csv
fb3de14b-d8ea-40fb-9acf-240548bb5fec,2026-09-08,TIER_1_EXACT,rule_engine,0,434881693209,324557980060,ACC#00021,USD,-260318.35,-260318.35,2023-03-08,2023-03-08,32566RAN5H 32566RAN5H                                                                      JOQVY DE-BAS-DP,6974566607692779 8822266102VI,ingest_batch_0001.csv
ffa2c621-a91f-4271-ab98-fe1380d467d5,2026-09-08,TIER_1_EXACT,rule_engine,0,915452732545,451863400381,ACC#00012,USD,34269504.10,34269504.10,2023-03-08,2023-03-08,008200444 41477 MOZO702 L9IE2Y2                                                                 UPCLOSER MONOCOQUE GAB -,VOLERY 3469545666FP,ingest_batch_0001.csv
b1941ff2-cb4e-466b-a19a-63ace42e8051,2026-09-08,TIER_1_EXACT,rule_engine,0,544922524346,812115831949,ACC#00057,USD,50542100.00,50542100.00,2023-03-08,2023-03-08,008278546 41477 OKET484 L9IE92U                                                                 UPCLOSER MONOCOQUE GAB -,VOLERY 3469965666FP,ingest_batch_0001.csv
936075f9-87bb-404a-b9a6-c3447ee9cc96,2026-09-08,TIER_1_EXACT,rule_engine,0,193911182914,324584997315,ACC#00012,USD,-58755819.57,-58755819.57,2023-03-08,2023-03-08,008389093 31568 OKET746 L9HP03T                                                                 UPCLOSER MONOCOQUE GAB -,VOLERY 3465472666FP,ingest_batch_0001.csv
5b86dfb8-96a7-4107-a686-f63ce5c93bad,2026-09-08,TIER_1_EXACT,rule_engine,0,86874021523,532322592877,ACC#00019,USD,16916711.36,16916711.36,2023-03-08,2023-03-08,29266RATD8 29266RATD8                                                                      ERYSIBE AS SUINA,29266RATD8 4322466176VI,ingest_batch_0001.csv
d4a75ec7-b20d-4dc6-9780-145b4f6a42e9,2026-09-08,TIER_1_EXACT,rule_engine,0,990454034206,90331673328,ACC#00011,USD,41063.02,41063.02,2023-03-08,2023-03-08,008262700 14407 ATMA457                                                                         UPCLOSER MONOCOQUE GAB -,VOLERY 3465333666FP,ingest_batch_0001.csv
f40a97ff-80ae-4e81-881d-488acf4c4bdb,2026-09-08,TIER_1_EXACT,rule_engine,0,210183644127,253235123570,ACC#00035,USD,54179600.00,54179600.00,2023-03-08,2023-03-08,008278542 41477 OKET964 L9IE92F                                                                 UPCLOSER MONOCOQUE GAB -,VOLERY 3469920666FP,ingest_batch_0001.csv
84d1fd79-d3bf-4a7a-a49d-54594dc5c3e9,2026-09-08,TIER_1_EXACT,rule_engine,0,845342365339,745297319893,ACC#00018,USD,23092.12,23092.12,2023-03-08,2023-03-08,32566OT07V 32566OT07V                                                                      JOQVY DE -ELUVIA,32566OT07V 8381366102VI,ingest_batch_0001.csv
50e4c3c5-d305-4445-9471-2b7ef3ed7ed5,2026-09-08,TIER_1_EXACT,rule_engine,0,688213471755,711767284160,ACC#00064,USD,50542100.00,50542100.00,2023-03-08,2023-03-08,008278548 41477 OKET746 L9IE92H                                                                 UPCLOSER MONOCOQUE GAB -,VOLERY 3469954666FP,ingest_batch_0001.csv
9c6815ab-566e-4103-8785-09ec2f6cba53,2026-09-08,TIER_1_EXACT,rule_engine,0,715761600186,449088335893,ACC#00004,USD,43734488.07,43734488.07,2023-03-08,2023-03-08,008207352 17661 OKET746                                                                         UPCLOSER MONOCOQUE GAB -,VOLERY 3469525666FP,ingest_batch_0001.csv
d5823df8-5e21-460d-aba2-67935369bae5,2026-09-08,TIER_1_EXACT,rule_engine,0,500779905629,259268634967,ACC#00002,USD,46972.94,-46972.94,2023-03-08,2023-03-08,008455730 14407 ATMA457                                                                         TYPY IMBER TA CARENE (RHD,VOLERY 3406802666FP,ingest_batch_0001.csv
ca5c4a13-f520-4da4-80c6-667c590d829e,2026-09-08,TIER_1_EXACT,rule_engine,0,513385018421,417195513942,ACC#00071,USD,50542100.00,50542100.00,2023-03-08,2023-03-08,008278546 41477 OKET484 L9IE92U                                                                 UPCLOSER MONOCOQUE GAB -,VOLERY 3469901666FP,ingest_batch_0001.csv
9a1e007e-ae99-4c13-8bce-7f9619a1f738,2026-09-08,TIER_1_EXACT,rule_engine,0,844663046938,228915811410,ACC#00019,USD,34269504.10,34269504.10,2023-03-08,2023-03-08,008200444 41477 MOZO702 L9IE2Y2                                                                 UPCLOSER MONOCOQUE GAB -,VOLERY 3469549666FP,ingest_batch_0001.csv
427d57cb-e5a5-400c-8a00-c4d3beefee25,2026-09-08,TIER_1_EXACT,rule_engine,0,337168513020,58948315138,ACC#00021,USD,-10823338.90,-10823338.90,2023-03-08,2023-03-08,008261463 17667 BAIS602                                                                         HASLETS CG MG KEF QMQF SL,VOLERY 3406884666FP,ingest_batch_0001.csv
a2c76ad1-92eb-48ae-82be-964816483ea9,2026-09-08,TIER_1_EXACT,rule_engine,0,815474535307,800312923041,ACC#00007,USD,1932161.84,1932161.84,2023-03-08,2023-03-08,008451449 17661 DOYST82                                                                         DIANITE ANIMI VOWED AGHAN,VOLERY 3465308666FP,ingest_batch_0001.csv
69f5953e-4135-4740-a32f-c266de980bcc,2026-09-08,TIER_1_EXACT,rule_engine,0,525843228656,313555922012,ACC#00014,USD,-1033558.36,-1033558.36,2023-03-08,2023-03-08,008424577 14476 CUCA571                                                                         UPCLOSER MONOCOQUE GAB -,VOLERY 3406835666FP,ingest_batch_0001.csv
a5796a62-6c64-4a70-82fe-ab9dac4629bd,2026-09-08,TIER_1_EXACT,rule_engine,0,416312397801,967807072458,ACC#00019,USD,-79281.57,-79281.57,2023-03-08,2023-03-08,008455174 14407 NAUT317                                                                         UPCLOSER MONOCOQUE GAB -,VOLERY 3406811666FP,ingest_batch_0001.csv
85321a3b-08c7-477c-a93d-7c0c2760822a,2026-09-08,TIER_1_EXACT,rule_engine,0,904450952992,730078341319,ACC#00025,USD,-879425.32,-879425.32,2023-03-08,2023-03-08,29266RAN65 29266RAN65                                                                      JOQVY DE-BAS - S,2924566664108974 8365566102VI,ingest_batch_0001.csv
df320d59-462e-43ce-85fb-96a7c5488344,2026-09-08,TIER_1_EXACT,rule_engine,0,36096711006,727475712698,ACC#00014,USD,1888076.85,1888076.85,2023-03-08,2023-03-08,008269459 55570 OKET484                                                                         UPCLOSER MONOCOQUE GAB -,VOLERY 3469584666FP,ingest_batch_0001.csv
4f36baf2-6e8c-47a3-9c95-7187a8fa9c40,2026-09-08,TIER_1_EXACT,rule_engine,0,400957293917,871355136741,ACC#00026,USD,-50544034.73,-50544034.73,2023-03-08,2023-03-08,008457591 17661 OKET964                                                                         UPCLOSER MONOCOQUE GAB -,VOLERY 3465247666FP,ingest_batch_0001.csv
27418ab4-51ea-4798-a5cb-4482229cc717,2026-09-08,TIER_1_EXACT,rule_engine,0,267543777217,434204541987,ACC#00021,USD,-59199.04,-59199.04,2023-03-08,2023-03-08,008452875 14476 OKET523                                                                         LIXIVIA JACTANCE STERNAL,VOLERY 3406887666FP,ingest_batch_0001.csv
32d4f1ba-4744-434b-8dec-bc4d0f4210a1,2026-09-08,TIER_1_EXACT,rule_engine,0,625625604561,267875188288,ACC#00005,USD,45749624.46,45749624.46,2023-03-08,2023-03-08,008429287 17661 DODOS11                                                                         MYTHIC DEMENTS PINYL DRAW,VOLERY 3465323666FP,ingest_batch_0001.csv
15ee9bdd-da6a-485d-8507-c6d884ef1275,2026-09-08,TIER_1_EXACT,rule_engine,0,975022286378,696057076291,ACC#00021,USD,4575.97,4575.97,2023-03-08,2023-03-08,32566OT6QN 32566OT6QN                                                                      JOQVY - BAS - DG,32566OT6QN 8308866102VI,ingest_batch_0001.csv
c8157bf0-6c80-4121-befc-f67dbb593b99,2026-09-08,TIER_1_EXACT,rule_engine,0,981406196637,347524350806,ACC#00017,USD,21039542.04,21039542.04,2023-03-08,2023-03-08,008200574 17661 OKET481                                                                         FLON CRYOGENS AUANTIC,VOLERY 3469528666FP,ingest_batch_0001.csv
af252662-da4b-409a-878b-20854c6e21be,2026-09-08,TIER_1_EXACT,rule_engine,0,364428117287,988832995519,ACC#00019,USD,-58755819.57,-58755819.57,2023-03-08,2023-03-08,008389093 31568 OKET746 L9HP03T                                                                 UPCLOSER MONOCOQUE GAB -,VOLERY 3465418666FP,ingest_batch_0001.csv
7d53c0ec-5123-4778-a8ef-41373c92258f,2026-09-08,TIER_1_EXACT,rule_engine,0,10724525465,613538924774,ACC#00006,USD,39906.19,39906.19,2023-03-08,2023-03-08,35747475 V35747475                                                                       JO TONITE SAUNT 664952723,V357474750418939 4889166176VI,ingest_batch_0001.csv
7c467863-3105-4426-b8a2-ee5101e8b19a,2026-09-08,TIER_1_EXACT,rule_engine,0,147487281468,95946260317,ACC#00078,USD,50542100.00,50542100.00,2023-03-08,2023-03-08,008278546 41477 OKET484 L9IE92U                                                                 UPCLOSER MONOCOQUE GAB -,VOLERY 3469937666FP,ingest_batch_0001.csv
c010753c-8555-4fc7-bd84-80d55561b9bd,2026-09-08,TIER_1_EXACT,rule_engine,0,769788129608,897210517969,ACC#00021,USD,1849039.67,1849039.67,2023-03-08,2023-03-08,008200963 17661 NAPE718                                                                         UPCLOSER MONOCOQUE GAB -,VOLERY 3469523666FP,ingest_batch_0001.csv
9faa3ec3-4fd7-4976-840b-c36120c89b41,2026-09-08,TIER_1_EXACT,rule_engine,0,347798551222,258889147485,ACC#00026,USD,-58755819.57,-58755819.57,2023-03-08,2023-03-08,008389093 31568 OKET746 L9HP03T                                                                 UPCLOSER MONOCOQUE GAB -,VOLERY 3465471666FP,ingest_batch_0001.csv
52ad2f79-1207-4044-9583-72e43a3a03ef,2026-09-08,TIER_1_EXACT,rule_engine,0,625858338122,30404391014,ACC#00017,USD,-1832596.35,-1832596.35,2023-03-08,2023-03-08,008208572 67888 SHOWD61 L9IE21N                                                                 JO TONITE ETHERIFIES GAB,VOLERY 3465266666FP,ingest_batch_0001.csv
f44339e0-d00a-4f35-a77f-64491922a6bb,2026-09-08,TIER_1_EXACT,rule_engine,0,487545434341,351408939535,ACC#00042,USD,54179600.00,54179600.00,2023-03-08,2023-03-08,008278542 41477 OKET964 L9IE92F                                                                 UPCLOSER MONOCOQUE GAB -,VOLERY 3469949666FP,ingest_batch_0001.csv
7c98dc8b-7f3f-42fa-9622-cfba158ca4c4,2026-09-08,TIER_1_EXACT,rule_engine,0,984284025764,313777968759,ACC#00085,USD,50542100.00,50542100.00,2023-03-08,2023-03-08,008278546 41477 OKET484 L9IE92U                                                                 UPCLOSER MONOCOQUE GAB -,VOLERY 3469958666FP,ingest_batch_0001.csv
9c9751fc-c62d-4d78-8261-7d304abd6fcd,2026-09-08,TIER_1_EXACT,rule_engine,0,373267867710,646764585919,ACC#00033,USD,-50544034.73,-50544034.73,2023-03-08,2023-03-08,008457114 17667 OKET964                                                                         UPCLOSER MONOCOQUE GAB -,VOLERY 3465246666FP,ingest_batch_0001.csv
743b4921-bad8-4089-84d2-d88c58fcd457,2026-09-08,TIER_1_EXACT,rule_engine,0,744904784338,794391483649,ACC#00092,USD,50542100.00,50542100.00,2023-03-08,2023-03-08,008278546 41477 OKET484 L9IE92U                                                                 UPCLOSER MONOCOQUE GAB -,VOLERY 3469962666FP,ingest_batch_0001.csv
31a38e9d-a250-479b-afab-42852aabff60,2026-09-08,TIER_1_EXACT,rule_engine,0,669463356390,433082291729,ACC#00011,USD,55545971.70,55545971.70,2023-03-08,2023-03-08,008208620 41477 OKET746 L9IE2DE                                                                 UPCLOSER MONOCOQUE GAB -,VOLERY 3469539666FP,ingest_batch_0001.csv
2ca811ac-e9e8-48bc-bc9a-2d4645f48d93,2026-09-08,TIER_1_EXACT,rule_engine,0,680783049264,409816215073,ACC#00016,USD,-36119237.90,-36119237.90,2023-03-08,2023-03-08,008271523 41477 MOZO702 L9IE91Q                                                                 UPCLOSER MONOCOQUE GAB -,VOLERY 3465214666FP,ingest_batch_0001.csv
209702e5-c4fa-47fa-a277-6d4dfe55452c,2026-09-08,TIER_1_EXACT,rule_engine,0,40322562307,609339301648,ACC#00019,USD,-500000.00,-500000.00,2023-03-08,2023-03-08,008356337 14726 OKET869                                                                         HODFUL NAIL GEOMETRINE AP,VOLERY 3406865666FP,ingest_batch_0001.csv
d43494cc-7e06-493b-bdb0-8d69f7bca70d,2026-09-08,TIER_1_EXACT,rule_engine,0,323700253311,875282622237,ACC#00022,USD,334797.58,334797.58,2023-03-08,2023-03-08,008200420 17661 OKET481                                                                         TAPU ETHERIFIES AUANTIC,VOLERY 3469544666FP,ingest_batch_0001.csv
8913154c-b56c-46a9-ba9f-37e9237c2013,2026-09-08,TIER_1_EXACT,rule_engine,0,707364938148,186117133721,ACC#00005,USD,855000.00,855000.00,2023-03-08,2023-03-08,008497639 12667 OKET948                                                                         UPCLOSER MONOCOQUE GAB -,VOLERY 3465304666FP,ingest_batch_0001.csv
c804d456-4fb2-4a3e-9804-1ae511399d64,2026-09-08,TIER_1_EXACT,rule_engine,0,946941269594,383069398787,ACC#00007,USD,122167.54,122167.54,2023-03-08,2023-03-08,008262780 14407 ATMA858                                                                         UPCLOSER MONOCOQUE GAB -,VOLERY 3465376666FP,ingest_batch_0001.csv
c443e3a3-71aa-4806-ae51-a8b56d2fa4c4,2026-09-08,TIER_1_EXACT,rule_engine,0,192674348526,345115608003,ACC#00040,USD,-50544034.73,-50544034.73,2023-03-08,2023-03-08,008457114 17667 OKET964                                                                         UPCLOSER MONOCOQUE GAB -,VOLERY 3465228666FP,ingest_batch_0001.csv
57b1d49a-b903-4f4e-bce0-bb215f375566,2026-09-08,TIER_1_EXACT,rule_engine,0,372828656743,984001880555,ACC#00024,USD,-10000000.00,-10000000.00,2023-03-08,2023-03-08,35738721 ALME7U9249JOQG7U                                                                JO TONITE SAUNT 664952723,V764866960713587 4894566176VI,ingest_batch_0001.csv
3bfcaf61-428f-43df-9237-aeb6f6f300b1,2026-09-08,TIER_1_EXACT,rule_engine,0,993034109116,615926287619,ACC#00099,USD,50542100.00,50542100.00,2023-03-08,2023-03-08,008278546 41477 OKET484 L9IE92U                                                                 UPCLOSER MONOCOQUE GAB -,VOLERY 3469939666FP,ingest_batch_0001.csv
4bf113f0-5f60-4e02-ae71-f46f001ec50d,2026-09-08,TIER_1_EXACT,rule_engine,0,374729502937,955565050058,ACC#00027,USD,-43726197.98,-43726197.98,2023-03-08,2023-03-08,008208655 41477 OKET481 L9IE2ID                                                                 UPCLOSER MONOCOQUE GAB -,VOLERY 3465203666FP,ingest_batch_0001.csv
797aa517-ea27-4b20-a4ac-abf296ac6206,2026-09-08,TIER_1_EXACT,rule_engine,0,157359799133,422318072319,ACC#00014,USD,30318.87,30318.87,2023-03-08,2023-03-08,008262172 14476 MOIST84                                                                         UPCLOSER MONOCOQUE GAB -,VOLERY 3465315666FP,ingest_batch_0001.csv
8b1a8be8-4b85-4270-8f0b-1cacbb47c90e,2026-09-08,TIER_1_EXACT,rule_engine,0,20098182175,754584314878,ACC#00022,USD,-5937994.04,-5937994.04,2023-03-08,2023-03-08,008276697 12667 NAPE703                                                                         UPCLOSER MONOCOQUE GAB -,VOLERY 3465236666FP,ingest_batch_0001.csv
bacdd3bb-8b22-4954-9125-6f0c994e6812,2026-09-08,TIER_1_EXACT,rule_engine,0,252004543440,287471551486,ACC#00023,USD,-6329296.05,-6329296.05,2023-03-08,2023-03-08,008261468 17667 BAIS602                                                                         HASLETS OXY MG KEF QMQF E,VOLERY 3406883666FP,ingest_batch_0001.csv
966cf9ef-1262-4f34-9d67-586959c7b992,2026-09-08,TIER_1_EXACT,rule_engine,0,437293802072,184852634751,ACC#00001,USD,-400000.00,400000.00,2023-03-08,2023-03-08,35746603 ALME7U5323JOQG7U                                                                JO TONITE SAUNT 664952723,V357333700418939 4889666176VI,ingest_batch_0001.csv
b41f333e-0303-41e5-bcfe-c07b7417f610,2026-09-08,TIER_1_EXACT,rule_engine,0,215179321097,995136022826,ACC#00020,USD,7407748.77,7407748.77,2023-03-08,2023-03-08,008207586 17661 OKET964                                                                         TAPU ETHERIFIES AUANTIC,VOLERY 3469556666FP,ingest_batch_0001.csv
935c59ab-d442-48b8-8ec3-8f65bff04644,2026-09-08,TIER_1_EXACT,rule_engine,0,437436443560,287476480593,ACC#00016,USD,-172261.78,-172261.78,2023-03-08,2023-03-08,008422267 67005 OKET871                                                                         CLINOGRAPH MESSER DIE GAB,VOLERY 3406847666FP,ingest_batch_0001.csv
83c1ba0b-c12c-405e-ab18-e11e9bc26cec,2026-09-08,TIER_1_EXACT,rule_engine,0,866984373515,295286080330,ACC#00018,USD,4000000.00,-4000000.00,2023-03-08,2023-03-08,88951146 V88951146                                                                       BEYERITE CROM IW561486821,V700224860733350 4307066176VI,ingest_batch_0001.csv
36ff9d67-9b24-4543-bc9d-00c9879fd68d,2026-09-08,TIER_1_EXACT,rule_engine,0,796592452488,455950567654,ACC#00049,USD,54179600.00,54179600.00,2023-03-08,2023-03-08,008278542 41477 OKET964 L9IE92F                                                                 UPCLOSER MONOCOQUE GAB -,VOLERY 3469926666FP,ingest_batch_0001.csv
73ae3d1b-3301-494c-bd94-1ca6588e05a6,2026-09-08,TIER_1_EXACT,rule_engine,0,493785561994,198542731846,ACC#00106,USD,50542100.00,50542100.00,2023-03-08,2023-03-08,008278546 41477 OKET484 L9IE92U                                                                 UPCLOSER MONOCOQUE GAB -,VOLERY 3469909666FP,ingest_batch_0001.csv
6ccd5bb8-e1ed-4193-9de0-7bbc335bcdc4,2026-09-08,TIER_1_EXACT,rule_engine,0,706434555836,425915544089,ACC#00034,USD,-43726197.98,-43726197.98,2023-03-08,2023-03-08,008208655 41477 OKET481 L9IE2ID                                                                 UPCLOSER MONOCOQUE GAB -,VOLERY 3465209666FP,ingest_batch_0001.csv
f77da960-6995-408c-867c-a4d4c706eeeb,2026-09-08,TIER_1_EXACT,rule_engine,0,162974404538,68943475744,ACC#00017,USD,351116.55,351116.55,2023-03-08,2023-03-08,008274762 41476 L9IE0BT                                                                 ALL DAYABHAGA KEF KI QMQF,URBD-2BYS8M 2453766176VI,ingest_batch_0001.csv
6dc26bf8-ad14-47f0-a4af-8f23016ba0ae,2026-09-08,TIER_1_EXACT,rule_engine,0,663525285183,734982126120,ACC#00007,USD,-50649207.50,-50649207.50,2023-03-08,2023-03-08,008207353 17661 OKET964                                                                         UPCLOSER MONOCOQUE GAB -,VOLERY 3465490666FP,ingest_batch_0001.csv
671b067c-7efa-4295-a98b-1c9654fb1345,2026-09-08,TIER_1_EXACT,rule_engine,0,468454912490,33001437908,ACC#00006,USD,104885729.00,104885729.00,2023-03-08,2023-03-08,UVA9126666165529 UVA9126666165529,UVA9126666165529 2401866176VI,ingest_batch_0001.csv
07128a33-b086-4157-a33a-1250041bd131,2026-09-08,TIER_1_EXACT,rule_engine,0,203921739753,675824255284,ACC#00007,USD,5927.84,5927.84,2023-03-08,2023-03-08,32566RANNR 32566RANNR                                                                      JOQVY - BAS - DG,32566RANNR 8369566102VI,ingest_batch_0001.csv
5c9e963d-a36d-4b33-ba4e-44f9631ae979,2026-09-08,TIER_1_EXACT,rule_engine,0,315877972495,436093675057,ACC#00047,USD,-50544034.73,-50544034.73,2023-03-08,2023-03-08,008207353 17661 OKET964                                                                         UPCLOSER MONOCOQUE GAB -,VOLERY 3465225666FP,ingest_batch_0001.csv
2535fcdc-ab78-4df9-bfd1-d00747f3f3c4,2026-09-08,TIER_1_EXACT,rule_engine,0,858871727186,967561054327,ACC#00004,USD,-38294337.27,-38294337.27,2023-03-08,2023-03-08,008265011 55570 OKET966                                                                         JO TONITE ETHERIFIES GAB,VOLERY 3465488666FP,ingest_batch_0001.csv
3b3de5f0-5bfd-4004-b482-770e2ae71e0d,2026-09-08,TIER_1_EXACT,rule_engine,0,554062659582,664665583229,ACC#00053,USD,43726100.00,43726100.00,2023-03-08,2023-03-08,008278550 41477 OKET481 L9IE92I                                                                 UPCLOSER MONOCOQUE GAB -,VOLERY 3469913666FP,ingest_batch_0001.csv
a458ea76-25ac-480b-9693-1a31ed944f83,2026-09-08,TIER_1_EXACT,rule_engine,0,797644004794,413414798564,ACC#00080,USD,-50541522.90,-50541522.90,2023-03-08,2023-03-08,008208644 41477 OKET484 L9IE2DJ                                                                 UPCLOSER MONOCOQUE GAB -,VOLERY 3465268666FP,ingest_batch_0001.csv
b93a4430-3dcb-43da-a12e-85a68b55fa8e,2026-09-08,TIER_1_EXACT,rule_engine,0,384617861864,832229157866,ACC#00008,USD,-50524283.60,-50524283.60,2023-03-08,2023-03-08,008427862 17661 OKET964                                                                         UPCLOSER MONOCOQUE GAB -,VOLERY 3465233666FP,ingest_batch_0001.csv
415449c5-feb5-431b-9928-c9629a1fb81c,2026-09-08,TIER_1_EXACT,rule_engine,0,696493634495,122138570681,ACC#00012,USD,9182.11,9182.11,2023-03-08,2023-03-08,008262095 14407 SCOOP55                                                                         UPCLOSER MONOCOQUE GAB -,VOLERY 3465330666FP,ingest_batch_0001.csv
6c7701cc-4545-48fa-817a-e2e67f1d63eb,2026-09-08,TIER_1_EXACT,rule_engine,0,32255475167,670859744620,ACC#00007,USD,1881439.56,1881439.56,2023-03-08,2023-03-08,008200273 17661 OKET964                                                                         TAPU ETHERIFIES AUANTIC,VOLERY 3469521666FP,ingest_batch_0001.csv
2da84c71-948e-4340-be43-b8fe21bdf792,2026-09-08,TIER_1_EXACT,rule_engine,0,24462589306,337000288322,ACC#00054,USD,-50544034.73,-50544034.73,2023-03-08,2023-03-08,008450839 17661 OKET964                                                                         UPCLOSER MONOCOQUE GAB -,VOLERY 3465221666FP,ingest_batch_0001.csv
01170f6a-e02b-41ae-a4f6-51659ead74d6,2026-09-08,TIER_1_EXACT,rule_engine,0,12380991306,108995680413,ACC#00012,USD,-4576156.93,-4576156.93,2023-03-08,2023-03-08,008455371 12660 SHOJI03                                                                         UPCLOSER MONOCOQUE GAB -,VOLERY 3406815666FP,ingest_batch_0001.csv
e6c36180-a824-4ac5-8a55-e77a44f038ea,2026-09-08,TIER_1_EXACT,rule_engine,0,437061595560,469798295491,ACC#00019,USD,12749952.14,12749952.14,2023-03-08,2023-03-08,32566RAN41 32566RAN41                                                                      JOQVY DE -ELUVIA,32566RAN41 8896066102VI,ingest_batch_0001.csv
23732ab2-9c6c-431f-8ed5-256d59a4d2b4,2026-09-08,TIER_1_EXACT,rule_engine,0,717018689639,238278594786,ACC#00018,USD,886.30,886.30,2023-03-08,2023-03-08,AHT9126666165371 AHT9126666165371,OL07101 4831566176VI,ingest_batch_0001.csv
1cfa1ff4-7e22-43b3-af20-443dabf6a9db,2026-09-08,TIER_1_EXACT,rule_engine,0,446814398170,193302123152,ACC#00012,USD,1881733.43,1881733.43,2023-03-08,2023-03-08,008206494 17661 OKET964                                                                         STEREOM BUT HIATE PENNINE,VOLERY 3469530666FP,ingest_batch_0001.csv
e3c98817-578d-479e-8d1d-2bf40f6dfc7c,2026-09-08,TIER_1_EXACT,rule_engine,0,347968235593,355727913207,ACC#00020,USD,1918572.55,1918572.55,2023-03-08,2023-03-08,008208536 67888 CHARE18 L9IE21P                                                                 JO TONITE ETHERIFIES GAB,VOLERY 3469592666FP,ingest_batch_0001.csv
3c664090-c810-4bfa-a93d-0968410505bb,2026-09-08,TIER_1_EXACT,rule_engine,0,827675006180,965373232378,ACC#00013,USD,-2848.63,-2848.63,2023-03-08,2023-03-08,32566OT6AH 32566OT6AH                                                                      JOQVY - BAS - DG,322756AL61330435 8309266102VI,ingest_batch_0001.csv
0315853a-c7b4-42a8-976a-39dcc211724c,2026-09-08,TIER_1_EXACT,rule_engine,0,663307607140,81403572685,ACC#00113,USD,50542100.00,50542100.00,2023-03-08,2023-03-08,008278546 41477 OKET484 L9IE92U                                                                 UPCLOSER MONOCOQUE GAB -,VOLERY 3469905666FP,ingest_batch_0001.csv
946cf368-e8e5-4c95-9cdd-711d23eb3ba6,2026-09-08,TIER_1_EXACT,rule_engine,0,273547656664,928023880001,ACC#00012,USD,20000000.00,20000000.00,2023-03-08,2023-03-08,5569980 V65569980                                                                       BEYERITE CROM IW561486821,V655699800418935 4882566176VI,ingest_batch_0001.csv
bde9a502-9f38-4b88-8c6e-37d3dfe61212,2026-09-08,TIER_1_EXACT,rule_engine,0,386194459318,511369617542,ACC#00026,USD,34269504.10,34269504.10,2023-03-08,2023-03-08,008200444 41477 MOZO702 L9IE2Y2                                                                 UPCLOSER MONOCOQUE GAB -,VOLERY 3469542666FP,ingest_batch_0001.csv
0e69242e-3318-44d9-95c9-0d8528041ac6,2026-09-08,TIER_1_EXACT,rule_engine,0,407296076053,454490850805,ACC#00025,USD,-11823925.01,-11823925.01,2023-03-08,2023-03-08,008208623 41477 OKET487 L9IE2OH                                                                 UPCLOSER MONOCOQUE GAB -,VOLERY 3465438666FP,ingest_batch_0001.csv
ea949c95-e656-4711-b6ac-4382a84a1876,2026-09-08,TIER_1_EXACT,rule_engine,0,442986191091,896106672806,ACC#00014,USD,-2033095.65,2033095.65,2023-03-08,2023-03-08,008424896 14407 NAPE074                                                                         UPCLOSER MONOCOQUE GAB -,VOLERY 3465358666FP,ingest_batch_0001.csv
27e026c2-b0e5-4529-b55d-8eb1400c8252,2026-09-08,TIER_1_EXACT,rule_engine,0,991212390657,17334207480,ACC#00120,USD,50542100.00,50542100.00,2023-03-08,2023-03-08,008278546 41477 OKET484 L9IE92U                                                                 UPCLOSER MONOCOQUE GAB -,VOLERY 3469950666FP,ingest_batch_0001.csv
328edf8c-1b90-43fb-a703-610bf6f55d1b,2026-09-08,TIER_1_EXACT,rule_engine,0,354352135939,786493647310,ACC#00127,USD,50542100.00,50542100.00,2023-03-08,2023-03-08,008278546 41477 OKET484 L9IE92U                                                                 UPCLOSER MONOCOQUE GAB -,VOLERY 3469938666FP,ingest_batch_0001.csv
8a51a4bb-5760-430b-ba92-dcd6e27fc067,2026-09-08,TIER_1_EXACT,rule_engine,0,338413348206,490962140262,ACC#00008,USD,1104903.81,1104903.81,2023-03-08,2023-03-08,008455856 67387 LEUD223                                                                         BILAAN SUBHEADINGS WRANNY,VOLERY 3465388666FP,ingest_batch_0001.csv
d9976446-fb92-4ee5-9859-563691d3736e,2026-09-08,TIER_1_EXACT,rule_engine,0,214936818314,487968153403,ACC#00023,USD,-36119237.90,-36119237.90,2023-03-08,2023-03-08,008271523 41477 MOZO702 L9IE91Q                                                                 UPCLOSER MONOCOQUE GAB -,VOLERY 3465211666FP,ingest_batch_0001.csv
61d10a54-19f4-49b6-88d0-a5c0cba66d9c,2026-09-08,TIER_1_EXACT,rule_engine,0,727469164383,365186329255,ACC#00017,USD,-50599384.36,-50599384.36,2023-03-08,2023-03-08,008264592 17661 OKET964                                                                         UPCLOSER MONOCOQUE GAB -,VOLERY 3465485666FP,ingest_batch_0001.csv
616837bd-edf5-4025-9508-a1be85cdc6ce,2026-09-08,TIER_1_EXACT,rule_engine,0,749358811213,233548088928,ACC#00087,USD,-50541522.90,-50541522.90,2023-03-08,2023-03-08,008208644 41477 OKET484 L9IE2DJ                                                                 UPCLOSER MONOCOQUE GAB -,VOLERY 3465260666FP,ingest_batch_0001.csv
093865b9-30b5-4c94-aebc-8b29c5479175,2026-09-08,TIER_1_EXACT,rule_engine,0,243136250824,725793372131,ACC#00009,USD,-141663.17,-141663.17,2023-03-08,2023-03-08,008455100 14407 CANGY47                                                                         ENHAT CROM TYPY AS CARENE,VOLERY 3406872666FP,ingest_batch_0001.csv
73f5b2fd-fe6a-4e69-9546-08196dc3e946,2026-09-08,TIER_1_EXACT,rule_engine,0,129468901752,762111734813,ACC#00013,USD,-60069845.00,-60069845.00,2023-03-08,2023-03-08,AHT9126666165243 AHT9126666165243,AHT9126666165243 2773366176VI,ingest_batch_0001.csv
d0fd75a5-d8f3-4825-a04a-55d83e4cee0b,2026-09-08,TIER_1_EXACT,rule_engine,0,298564206318,970001653594,ACC#00008,USD,-385675.41,-385675.41,2023-03-08,2023-03-08,15104524 EGBA7U7821JOQG7U                                                                VERANDAH AI     103618748,KRU69000464K6760 8247466176XD,ingest_batch_0001.csv
cba6666e-6799-495e-8274-bd1cae0d3188,2026-09-08,TIER_1_EXACT,rule_engine,0,372146472183,381861234314,ACC#00015,USD,46093565.20,46093565.20,2023-03-08,2023-03-08,008202376 17661 OKET964                                                                         FLON CRYOGENS AUANTIC,VOLERY 3469591666FP,ingest_batch_0001.csv
4e1d864e-026a-4b9c-98f0-c15475e0c5a5,2026-09-08,TIER_1_EXACT,rule_engine,0,455370837,872121101862,ACC#00011,USD,-3619000000.00,-3619000000.00,2023-03-08,2023-03-08,6666666667170652 BHOOSA- DESINENT,67170651 2415266176VI,ingest_batch_0001.csv
92af5dbc-661d-4640-89eb-6ee040fac460,2026-09-08,TIER_1_EXACT,rule_engine,0,21640041204,637035937865,ACC#00134,USD,50542100.00,50542100.00,2023-03-08,2023-03-08,008278548 41477 OKET746 L9IE92H                                                                 UPCLOSER MONOCOQUE GAB -,VOLERY 3469906666FP,ingest_batch_0001.csv
c20c34b4-365c-419b-90cb-be1c26690fa7,2026-09-08,TIER_1_EXACT,rule_engine,0,532794322511,500787585745,ACC#00016,USD,476000.00,476000.00,2023-03-08,2023-03-08,008304442 67613 OKET869                                                                         LGYV TYPY INF DE,VOLERY 3465366666FP,ingest_batch_0001.csv
9eaf0698-f730-45e1-9fe3-4d1d42130e51,2026-09-08,TIER_1_EXACT,rule_engine,0,431865585617,534077256561,ACC#00021,USD,4518900.00,4518900.00,2023-03-08,2023-03-08,6666666667713143 P677131430477982                                                                JOQ ANNAT CITE,P677131430477982 3909866176VI,ingest_batch_0001.csv
f770e8eb-a8c7-4847-a4f3-87c6e9cc43ab,2026-09-08,TIER_1_EXACT,rule_engine,0,346423838733,798774407019,ACC#00017,USD,-39835293.75,-39835293.75,2023-03-08,2023-03-08,008452628 17661 OKET964                                                                         UPCLOSER MONOCOQUE GAB -,VOLERY 3465249666FP,ingest_batch_0001.csv
4b82b622-361f-4216-9035-94a5097b3daf,2026-09-08,TIER_1_EXACT,rule_engine,0,39417720546,44276543127,ACC#00013,USD,31107922.15,31107922.15,2023-03-08,2023-03-08,008205040 17667 OKET964                                                                         UPCLOSER MONOCOQUE GAB -,VOLERY 3469594666FP,ingest_batch_0001.csv
1fb5f427-3457-46f7-96ea-e40b5860fe63,2026-09-08,TIER_1_EXACT,rule_engine,0,472223121520,40436527168,ACC#00020,USD,379310.00,379310.00,2023-03-08,2023-03-08,008205656 61008 BREI662                                                                         NIGROUS VOWED FUTHERMORE,VOLERY 3465327666FP,ingest_batch_0001.csv
a3a89796-e517-4fe8-aafb-a8312ce20a33,2026-09-08,TIER_1_EXACT,rule_engine,0,837799957642,654928329749,ACC#00023,USD,5613.83,5613.83,2023-03-08,2023-03-08,008023465 67666 CHOIL24 L9HL9UX                                                                 PROSS ADJECTIVISM TYPY QM,008023465-767-0 2611066176VI,ingest_batch_0001.csv
86c43e0f-62a1-4020-a306-e9213f28243d,2026-09-08,TIER_1_EXACT,rule_engine,0,572261741023,298890478192,ACC#00010,USD,2567615.00,2567615.00,2023-03-08,2023-03-08,008206296 17661 OKET481                                                                         TAPU ETHERIFIES AUANTIC,VOLERY 3469538666FP,ingest_batch_0001.csv
b45f3249-0fe8-4e10-8d43-9740ea08a2fb,2026-09-08,TIER_1_EXACT,rule_engine,0,466114972291,281053088495,ACC#00141,USD,50542100.00,50542100.00,2023-03-08,2023-03-08,008278546 41477 OKET484 L9IE92U                                                                 UPCLOSER MONOCOQUE GAB -,VOLERY 3469997666FP,ingest_batch_0001.csv
239c697d-c018-42f0-97e4-e1f07a8fe94b,2026-09-08,TIER_1_EXACT,rule_engine,0,396233030303,851261536529,ACC#00019,USD,-31583709.37,-31583709.37,2023-03-08,2023-03-08,008201796 17661 OKET964                                                                         UPCLOSER MONOCOQUE GAB -,VOLERY 3465498666FP,ingest_batch_0001.csv
1a375791-23dd-4ceb-b9fa-c86ea956d7a3,2026-09-08,TIER_1_EXACT,rule_engine,0,569970232079,796008984279,ACC#00022,USD,14413.56,14413.56,2023-03-08,2023-03-08,RM120895  67666 VC VOWED FUTHERMORE SUD U,RM120895-767-660 2858366176VI,ingest_batch_0001.csv
d1bffca5-2273-48e6-95ba-27fe49c0f8ec,2026-09-08,TIER_1_EXACT,rule_engine,0,483432992550,924952399482,ACC#00020,USD,11821512.56,11821512.56,2023-03-08,2023-03-08,008207453 17661 OKET481                                                                         JO TONITE STRICKS AUANTIC,VOLERY 3469966666FP,ingest_batch_0001.csv
7e1314ae-59e4-4a21-b907-9bdbc8897711,2026-09-08,TIER_1_EXACT,rule_engine,0,196292482981,77804677905,ACC#00008,USD,162029.20,162029.20,2023-03-08,2023-03-08,008455859 67387 OKET131                                                                         HATER GRAVEL KEEPINGS WF,VOLERY 3465364666FP,ingest_batch_0001.csv
c6485d00-a4df-4473-b24d-940bd863009c,2026-09-08,TIER_1_EXACT,rule_engine,0,703852487423,878261394487,ACC#00008,USD,14676658.52,14676658.52,2023-03-08,2023-03-08,008201308 17661 OKET481                                                                         YMV NONREGULATIVE,VOLERY 3469558666FP,ingest_batch_0001.csv
88113563-f63d-4bdc-8673-343bc0c454b7,2026-09-08,TIER_1_EXACT,rule_engine,0,210208621446,3459470511,ACC#00020,USD,-66429.03,-66429.03,2023-03-08,2023-03-08,32566RTVFL 32566RTVFL                                                                      JOQVY - BAS - DG,322756AL61891376 4541566176VI,ingest_batch_0001.csv
e96f9758-904b-40f7-b4ad-5716c4336c94,2026-09-08,TIER_1_EXACT,rule_engine,0,165433800623,269536170636,ACC#00020,USD,28588.80,28588.80,2023-03-08,2023-03-08,008262768 14407 CRIB135                                                                         UPCLOSER MONOCOQUE GAB -,VOLERY 3465337666FP,ingest_batch_0001.csv
a8e5e747-384c-4bc6-a10d-33c0e9cb2503,2026-09-08,TIER_1_EXACT,rule_engine,0,157150923448,886839477556,ACC#00056,USD,54179600.00,54179600.00,2023-03-08,2023-03-08,008278542 41477 OKET964 L9IE92F                                                                 UPCLOSER MONOCOQUE GAB -,VOLERY 3469928666FP,ingest_batch_0001.csv
a267d1a1-be17-456c-928b-218b85f75ef1,2026-09-08,TIER_1_EXACT,rule_engine,0,128791517523,84384275690,ACC#00001,USD,374023.00,374023.00,2023-03-08,2023-03-08,008262791 14476 ATMA320                                                                         UPCLOSER MONOCOQUE GAB -,VOLERY 3465372666FP,ingest_batch_0001.csv
98c7fcf4-ef6d-4ef3-8d48-0345af535503,2026-09-08,TIER_1_EXACT,rule_engine,0,180075555570,923437194982,ACC#00060,USD,43726100.00,43726100.00,2023-03-08,2023-03-08,008278550 41477 OKET481 L9IE92I                                                                 UPCLOSER MONOCOQUE GAB -,VOLERY 3469987666FP,ingest_batch_0001.csv
220edde6-6271-444a-ab50-67f7b91c335c,2026-09-08,TIER_1_EXACT,rule_engine,0,195493913591,355425667248,ACC#00013,USD,-60054000.00,-60054000.00,2023-03-08,2023-03-08,008278522 41477 NAPE159 L9IE92S                                                                 UPCLOSER MONOCOQUE GAB -,VOLERY 3465283666FP,ingest_batch_0001.csv
5800e20e-d050-4465-9fe3-6c9d3b3f83a3,2026-09-08,TIER_1_EXACT,rule_engine,0,318789022887,157865486333,ACC#00033,USD,34269504.10,34269504.10,2023-03-08,2023-03-08,008200444 41477 MOZO702 L9IE2Y2                                                                 UPCLOSER MONOCOQUE GAB -,VOLERY 3469548666FP,ingest_batch_0001.csv
75b9bade-4535-43df-a118-5582a240b597,2026-09-08,TIER_1_EXACT,rule_engine,0,248810275555,282497825485,ACC#00017,USD,912082.71,912082.71,2023-03-08,2023-03-08,008277964 88856 KAVI525                                                                         UPCLOSER MONOCOQUE GAB -,VOLERY 3469968666FP,ingest_batch_0001.csv
f0675e67-4479-4d60-b550-1f63352b1136,2026-09-08,TIER_1_EXACT,rule_engine,0,887505310048,844552843367,ACC#00012,USD,45749624.46,45749624.46,2023-03-08,2023-03-08,008429287 17661 DODOS11                                                                         MYTHIC DEMENTS PINYL DRAW,VOLERY 3465324666FP,ingest_batch_0001.csv
0bb09b41-cea2-47b4-86c0-168a3f319ed5,2026-09-08,TIER_1_EXACT,rule_engine,0,685955069268,381185990474,ACC#00011,USD,-7451515.70,-7451515.70,2023-03-08,2023-03-08,008265089 55570 NAPE718                                                                         JO TONITE ETHERIFIES GAB,VOLERY 3465484666FP,ingest_batch_0001.csv
12fcab99-989d-410c-962a-c32337d537ed,2026-09-08,TIER_1_EXACT,rule_engine,0,94136716635,953890259844,ACC#00094,USD,-50541522.90,-50541522.90,2023-03-08,2023-03-08,008208644 41477 OKET484 L9IE2DJ                                                                 UPCLOSER MONOCOQUE GAB -,VOLERY 3465448666FP,ingest_batch_0001.csv
a08e2994-6e0e-46bd-957c-370d285070a5,2026-09-08,TIER_1_EXACT,rule_engine,0,815370003599,316474931762,ACC#00021,USD,2033095.65,-2033095.65,2023-03-08,2023-03-08,008429621 14407 NAPE074                                                                         VERANDAH VOWED DIE GOLOKA,VOLERY 3406832666FP,ingest_batch_0001.csv
eec40bb5-707e-448b-98cc-59ffd97027ec,2026-09-08,TIER_1_EXACT,rule_engine,0,330854286379,838400691153,ACC#00007,USD,-7967.17,-7967.17,2023-03-08,2023-03-08,556+656S6B626N6L 6011656I606P6Z60                                                                TONITE ARRIAGE UNKNOW LEA,VOLERY 8893466176XD,ingest_batch_0001.csv
583b64df-8ee8-44c9-85ee-cef70a8911ed,2026-09-08,TIER_1_EXACT,rule_engine,0,268036656368,779561707758,ACC#00013,USD,-7525.48,-7525.48,2023-03-08,2023-03-08,32566RTVU0 32566RTVU0                                                                      JOQVY DE-BAS - T,322746AL68115677 2876966176VI,ingest_batch_0001.csv
7bcaace4-6d0c-4ecd-bbce-eb82539186dc,2026-09-08,TIER_1_EXACT,rule_engine,0,272315565559,730512865988,ACC#00007,USD,1326709.81,1326709.81,2023-03-08,2023-03-08,008458200 88856 ROMAN42                                                                         DIANITE ANIMI VOWED AGHAN,VOLERY 3469586666FP,ingest_batch_0001.csv
93d6c935-efc7-4556-93fb-8a49e5dad047,2026-09-08,TIER_1_EXACT,rule_engine,0,145075694451,415214314497,ACC#00007,USD,248578.00,248578.00,2023-02-25,2023-02-25,667501 666666661026618,VOLERY 3336616666FP,ingest_batch_0001.csv
1ce61f7a-0fc7-4e02-9ec9-7daed22e4b0f,2026-09-08,TIER_1_EXACT,rule_engine,0,869726444478,358268558184,ACC#00025,USD,-39247.12,-39247.12,2023-03-08,2023-03-08,008455713 14407 AMAL389                                                                         UPCLOSER MONOCOQUE GAB -,VOLERY 3406803666FP,ingest_batch_0001.csv
c5c1f194-7b44-44fb-beb5-821fc7bdb045,2026-09-08,TIER_1_EXACT,rule_engine,0,836100216213,343454854761,ACC#00025,USD,-2808883.99,-2808883.99,2023-03-08,2023-03-08,008455841 67005 DOYST04                                                                         PREOCCUR QMQF YARAY ALGID,VOLERY 3406814666FP,ingest_batch_0001.csv
4d7c63f1-d082-455c-99bd-84edfb2ac5ed,2026-09-08,TIER_1_EXACT,rule_engine,0,450053949298,856606567819,ACC#00148,USD,50542100.00,50542100.00,2023-03-08,2023-03-08,008278546 41477 OKET484 L9IE92U                                                                 UPCLOSER MONOCOQUE GAB -,VOLERY 3469969666FP,ingest_batch_0001.csv
a99938c2-1897-4b4a-a744-808cbbaad8f6,2026-09-08,TIER_1_EXACT,rule_engine,0,940500642984,507857514337,ACC#00025,USD,-23458766.48,-23458766.48,2023-03-08,2023-03-08,008264592 17661 OKET964                                                                         UPCLOSER MONOCOQUE GAB -,VOLERY 3465436666FP,ingest_batch_0001.csv
1be69b01-1419-4b57-97c6-bc09717b2cdb,2026-09-08,TIER_1_EXACT,rule_engine,0,42454520496,364037645791,ACC#00023,USD,-1855800.00,-1855800.00,2023-03-08,2023-03-08,35734852 ALME7U4347JOQG7U                                                                JOQ MENDEL      664952723,V706568860730891 4365466176VI,ingest_batch_0001.csv
a54c9ce0-14d0-409a-9bb6-3b30bd1fc1a8,2026-09-08,TIER_1_EXACT,rule_engine,0,32160562980,427747358199,ACC#00001,USD,-2762544.00,-2762544.00,2023-03-08,2023-03-08,IYO9126666165596 IYO9126666165596,IYO9126666165596 2528566176VI,ingest_batch_0001.csv
d6ef30a2-2bf7-4acc-9f20-a42e7439fea6,2026-09-08,TIER_1_EXACT,rule_engine,0,682655496666,234716892234,ACC#00020,USD,490757.56,490757.56,2023-03-08,2023-03-08,29266RAAED 29266RAAED                                                                      JOQVY DE-BAS-DP,29266RAAED 8867066102VI,ingest_batch_0001.csv
7f8ef0b3-6db6-447e-a378-0d62a8b1b037,2026-09-08,TIER_1_EXACT,rule_engine,0,190532195611,772507885240,ACC#00016,USD,50591477.26,50591477.26,2023-03-08,2023-03-08,008454588 16768 OKET964                                                                         JOQVY ELUVIA DESINENT,VOLERY 3406673666FP,ingest_batch_0001.csv
ce9121ec-3c65-4dd1-a1e4-91da0a523fc2,2026-09-08,TIER_1_EXACT,rule_engine,0,291330810854,889344978284,ACC#00006,USD,-1135316.83,-1135316.83,2023-03-08,2023-03-08,008208114 41477 GULA414 L9IE26O                                                                 JOQVY H.C. ZUCCHINIS TENT,VOLERY 3469212666FP,ingest_batch_0001.csv
d500c33a-1355-4714-9c96-4cc8df9fc619,2026-09-08,TIER_1_EXACT,rule_engine,0,608307053638,528634148079,ACC#00009,USD,410000.00,-410000.00,2023-03-08,2023-03-08,29266RANLH 29266RANLH                                                                      JOQVY ELUVIA- KR,51330V 1163366176XD,ingest_batch_0001.csv
1fe43936-2df4-44a6-bf8c-f31f7b692a56,2026-09-08,TIER_1_EXACT,rule_engine,0,928697070639,925833200209,ACC#00009,USD,-46972.94,46972.94,2023-03-08,2023-03-08,008455737 14407 ATMA457                                                                         UPCLOSER MONOCOQUE GAB -,VOLERY 3465367666FP,ingest_batch_0001.csv
