external_txn_id,account,currency,amount,debit_credit,booking_date,value_date,reference,narrative,_source_batch
473631159357,ACC#00001,USD,-250.95,CR,2023-02-03,2023-02-02,779756BW61314537 L-0533566754VI,JOQ TREPIDATORY WOLD HOTPOT UNRIP,ingest_batch_0001.csv
63965329797,ACC#00001,USD,-254.90,CR,2023-02-12,2023-02-11,779756BW61314537 L-9858966793VI,JOQ TREPIDATORY WOLD HOTPOT UNRIP,ingest_batch_0001.csv
3502879217,ACC#00001,USD,-446000.00,CR,2023-02-20,2023-02-19,VOLERY 6565066161FW,UNPARTOOK TYPY MENT Q-0706 ERICIUS,ingest_batch_0001.csv
556339840751,ACC#00001,USD,-338000.00,CR,2023-02-20,2023-02-19,VOLERY 6565666161FW,UNPARTOOK TYPY MENT Q-0706 ERICIUS,ingest_batch_0001.csv
131189749992,ACC#00001,USD,-909465.72,CR,2023-02-26,2023-02-25,779726BW63729900 L-5284566165VI,JOQ TREPIDATORY WOLD HOTPOT UNRIP,ingest_batch_0001.csv
976446368020,ACC#00001,USD,744273.00,DR,2023-02-26,2023-02-25,VOLERY 3336616666FP,TUP 00C4066666666666IFV /FICKLEST,ingest_batch_0001.csv
25288488488,ACC#00001,USD,20.00,DR,2023-02-26,2023-02-25,IROG-2RLOBP 0496866169VI,,ingest_batch_0001.csv
369587820177,ACC#00001,USD,160.00,DR,2023-03-03,2023-03-02,6482166161RN 6482166161RN,SLATTERN TYPY OEV NYET PIRAYA POOH,ingest_batch_0001.csv
279249566319,ACC#00001,USD,10322.20,DR,2023-03-03,2023-03-02,VOLERY 3325992666FP,TUP 01C6266666666666IFV /IFV PENSY,ingest_batch_0001.csv
609712890485,ACC#00001,USD,4396.00,DR,2023-03-03,2023-03-02,6123166165RN 6123166165RN,OUV EU  MS GAB CARBETHOXY HG 03777,ingest_batch_0001.csv
656925913482,ACC#00001,USD,787.44,DR,2023-03-05,2023-03-04,6375066167RN 6375066167RN,DESILT FGY TYPY OEV IODOHYDRIN Q0,ingest_batch_0001.csv
816536926508,ACC#00001,USD,2677.60,DR,2023-03-05,2023-03-04,6430066161RN 6430066161RN,LGYV TYPY INF MURREY NA 09201,ingest_batch_0001.csv
846590183759,ACC#00001,USD,-262.31,CR,2023-03-05,2023-03-04,RM120049-767-660 L-5576566103LL,GOVERNORATE DALAPON NM U-7942 PUKA,ingest_batch_0001.csv
429056396291,ACC#00001,USD,5593.80,DR,2023-03-05,2023-03-04,6114766798RN 6114766798RN,AFTONIAN TRANSPORTAL TYPY OEV PIKI,ingest_batch_0001.csv
62776011225,ACC#00001,USD,5000.00,DR,2023-03-05,2023-03-04,6805066165RN 6805066165RN,AFTONIAN TRANSPORTAL TYPY OEV PIKI,ingest_batch_0001.csv
254163183822,ACC#00001,USD,25.00,DR,2023-03-05,2023-03-04,VOLERY 3356293666FP,TUP JQO CARD DYES 00/06/69,ingest_batch_0001.csv
140993090522,ACC#00001,USD,-469.38,CR,2023-03-05,2023-03-04,779756BW61300901 L-8030766108VI,JOQ TREPIDATORY WOLD HOTPOT UNRIP,ingest_batch_0001.csv
63655270630,ACC#00001,USD,559.60,DR,2023-03-05,2023-03-04,VOLERY 3350600666FP,TUP FIE ORARY DYES 00/06/69,ingest_batch_0001.csv
6317524951,ACC#00001,USD,1740.00,DR,2023-03-05,2023-03-04,6117466798RN 6117466798RN,AFTONIAN TRANSPORTAL TYPY OEV PIKI,ingest_batch_0001.csv
676913339369,ACC#00001,USD,-57959.56,CR,2023-03-05,2023-03-04,VOLERY 3359182666FP,TUP 0X62766666666666REAVOWED/FIE/X,ingest_batch_0001.csv
340152243080,ACC#00001,USD,53281.82,DR,2023-03-05,2023-03-04,6151066793RN 6151066793RN,ALL TYPY AS FEW GIRE INCHER FEW BI,ingest_batch_0001.csv
898996837001,ACC#00001,USD,-518602.98,CR,2023-03-07,2023-03-05,694SAU68475 0064666102XD,82C3 NIGELLA TILLITE FEATHERWEED V,ingest_batch_0001.csv
399202050828,ACC#00001,USD,-259684.83,CR,2023-03-07,2023-03-05,ZYRENIAN 7278266102XD,JINSHANG TOPFILLED ENHAT TYPY GILL,ingest_batch_0001.csv
436915787376,ACC#00001,USD,-79128.83,CR,2023-03-07,2023-03-05,28IP9SK16357260I 0063466102XD,8224 SCLER RURAL GANE EMEU LIGATE,ingest_batch_0001.csv
177566146663,ACC#00001,USD,4318655.75,DR,2023-03-07,2023-03-05,VOLERY 3395069666FP,TUP X67V66666666666IFV /133/7D2LB6,ingest_batch_0001.csv
113453461007,ACC#00001,USD,50531991.51,DR,2023-03-07,2023-03-05,VOLERY 3395074666FP,TUP 07Q5366666666666IFV /052/JOQGE,ingest_batch_0001.csv
277549139024,ACC#00001,USD,-158.27,CR,2023-03-07,2023-03-05,6900016780737 3896266102MT,BYG WOE QHFG KRI IMPALM EYN UPS CC,ingest_batch_0001.csv
468172203426,ACC#00001,USD,1056532930.10,DR,2023-03-07,2023-03-05,UI41502850001698 6910266304BY,TUP TO GORST ITS KOSALAN VI 690007,ingest_batch_0001.csv
909994321556,ACC#00001,USD,-11744500.00,CR,2023-03-07,2023-03-05,VOLERY 3466062666FP,TUP 0104C66666666666IFV /6052 BGU,ingest_batch_0001.csv
413103210128,ACC#00001,USD,-2718000.00,CR,2023-03-07,2023-03-05,VOLERY 2083766102MT,DIANITE ANIMI MG FEW GIRE DP 06728,ingest_batch_0001.csv
438186821071,ACC#00001,USD,-80.00,CR,2023-03-07,2023-03-05,VOLERY 6844766102RN,Y M TONITE ETHERIFIES GAB MURREY X,ingest_batch_0001.csv
134201549029,ACC#00001,USD,5065499.53,DR,2023-03-07,2023-03-05,VOLERY 3395636666FP,TUP 3RIA00848338C66IFV /052/666666,ingest_batch_0001.csv
737770033833,ACC#00001,USD,-68293.38,CR,2023-03-07,2023-03-05,694SAU68872 0068366102XD,8270 SOOK FEATHERWEED MOVED IMPALM,ingest_batch_0001.csv
351387970663,ACC#00001,USD,24131.22,DR,2023-03-07,2023-03-05,6758166104RN 6758166104RN,Y M TONITE ETHERIFIES GAB MURREY X,ingest_batch_0001.csv
659507735473,ACC#00001,USD,-691085.48,CR,2023-03-07,2023-03-05,VOLERY 3466634666FP,TUP 0810866666666666IFV /FICKLEST,ingest_batch_0001.csv
733473105353,ACC#00001,USD,566.50,DR,2023-03-07,2023-03-05,VOLERY 3396497666FP,TUP FIE ORARY DYES 00/07/69,ingest_batch_0001.csv
526319984788,ACC#00001,USD,-264665.97,CR,2023-03-07,2023-03-05,VOLERY 3399002666FP,TUP 0815V66666666666REAVOWED/FIE/X,ingest_batch_0001.csv
430145615770,ACC#00001,USD,2094072.09,DR,2023-03-07,2023-03-05,T313039332516660 0639332516,,ingest_batch_0001.csv
933135270113,ACC#00001,USD,25.00,DR,2023-03-07,2023-03-05,VOLERY 3396899666FP,TUP JQO CARD DYES 00/07/69,ingest_batch_0001.csv
856528828217,ACC#00001,USD,-327956.31,CR,2023-03-07,2023-03-05,694SAU68479 0068266102XD,82C1 NIGELLA SNEAK REIS PICNICKISH,ingest_batch_0001.csv
721166502142,ACC#00001,USD,-450455790.00,CR,2023-03-09,2023-03-08,UV42654780004697 6917666316BY,TUP TO THEATRIZE ITS KOSALAN VI 69,ingest_batch_0001.csv
421770612710,ACC#00001,USD,25.00,DR,2023-03-09,2023-03-08,VOLERY 3466795666FP,TUP JQO CARD DYES 00/01/69,ingest_batch_0001.csv
330124009038,ACC#00001,USD,1175324.09,DR,2023-03-09,2023-03-08,VOLERY 3465321666FP,TUP C5C166666666666IFV /137/666690,ingest_batch_0001.csv
541213851724,ACC#00001,USD,-5590361.00,CR,2023-03-09,2023-03-08,VOLERY 3469252666FP,TUP 011C066666666666REAVOWED/FIE/X,ingest_batch_0001.csv
950744470379,ACC#00001,USD,2110980.00,DR,2023-03-09,2023-03-08,SUBORBICULAR 2393366176VI,,ingest_batch_0001.csv
509022228792,ACC#00001,USD,-303046.88,CR,2023-03-09,2023-03-08,4904966005051787 2367966176VI,DESINENT UPS FEW CITE FEW GIRE DP,ingest_batch_0001.csv
442343213483,ACC#00001,USD,505900.00,DR,2023-03-09,2023-03-08,MONOAMINERGIC 2393066176VI,,ingest_batch_0001.csv
295136368021,ACC#00001,USD,1881230.98,DR,2023-03-09,2023-03-08,VOLERY 3465328666FP,TUP C95866666666666IFV /137/666690,ingest_batch_0001.csv
12612357907,ACC#00001,USD,656.91,DR,2023-03-09,2023-03-08,VOLERY 3466857666FP,TUP FIE ORARY DYES 00/01/69,ingest_batch_0001.csv
439071301712,ACC#00001,USD,-678.21,CR,2023-03-09,2023-03-08,IB6900016086560C L-8089066176XD,COLLOQUIALITY H-6001 BAIL  AFFERE,ingest_batch_0001.csv
308792171599,ACC#00001,USD,-11596329.00,CR,2023-03-09,2023-03-08,DHA62667 8554866176XD,BEYERITE NONREGULATIVE Q.D. 0602 R,ingest_batch_0002.csv
595914111585,ACC#00001,USD,1410312.83,DR,2023-03-09,2023-03-08,T313040059566660 0640059566,,ingest_batch_0002.csv
7412423902,ACC#00001,USD,392.00,DR,2023-03-09,2023-03-08,URBD-2OPE3X 2498466176VI,,ingest_batch_0002.csv
407025801070,ACC#00001,USD,5563912.48,DR,2023-03-09,2023-03-08,VOLERY 3465351666FP,TUP 011Q666666666666IFV /FICKLEST,ingest_batch_0002.csv
821760830868,ACC#00001,USD,-3360.94,CR,2023-03-09,2023-03-08,IB6900016086260C L-8033166176XD,COLLOQUIALITY H-6001 BAIL  AFFERE,ingest_batch_0002.csv
564473735623,ACC#00001,USD,-4684620.13,CR,2023-03-09,2023-03-08,784506BW65811147 2807566176VI,JO TONITE TREPIDATORY ZH FEW GIRE,ingest_batch_0002.csv
760091558197,ACC#00001,USD,-1103.54,CR,2023-03-10,2023-03-09,VOLERY 8132066170CQ,BAHUT WITCH AIRY U M FEW GIRE DP 0,ingest_batch_0002.csv
435379247071,ACC#00001,USD,25.00,DR,2023-03-10,2023-03-09,VOLERY 3406243666FP,TUP JQO CARD DYES 00/04/69,ingest_batch_0002.csv
927726212546,ACC#00001,USD,174957.40,DR,2023-03-10,2023-03-09,VOLERY 3409510666FP,TUP 2T2500827833166REAVOWED/TEAD/C,ingest_batch_0002.csv
131056727953,ACC#00001,USD,2621723.70,DR,2023-03-10,2023-03-09,VOLERY 3409505666FP,TUP 2T0200827122566REAVOWED/TEAD/C,ingest_batch_0002.csv
781440833581,ACC#00001,USD,-133000.00,CR,2023-03-10,2023-03-09,TFTVV0200ANCOR3 4015066170MT,EUPNOEIC TYPY AI SIBYLLINE BHAVANI,ingest_batch_0002.csv
678998824320,ACC#00001,USD,-4222.30,CR,2023-03-10,2023-03-09,EIU60ADOPT60 0145066170VI,UPCLOSER SAUNT TYPY DE - ELUVIA CC,ingest_batch_0002.csv
205799530484,ACC#00001,USD,-4770480.00,CR,2023-03-10,2023-03-09,VOLERY L-1739666170CQ,DUPPY YO UNSOLACED MAECENAS HURA H,ingest_batch_0003.csv
557911017745,ACC#00001,USD,486.44,DR,2023-03-10,2023-03-09,VOLERY 3406946666FP,TUP FIE ORARY DYES 00/04/69,ingest_batch_0003.csv
674534270838,ACC#00001,USD,79128.83,DR,2023-03-10,2023-03-05,JOU690002-666827 L-7646566170LL,KR AUG UNSPORTSMANLIKENESS THIASOS,ingest_batch_0003.csv
773790782265,ACC#00001,USD,338000.00,DR,2023-03-10,2023-02-19,JOB690069-666635 L-0981866170LL,UNPARTOOK TYPY MENT Q-0706 ERICIUS,ingest_batch_0003.csv
256507040951,ACC#00001,USD,-1069.22,CR,2023-03-10,2023-03-09,VOLERY 8132166170CQ,GA BAHUT WF FEW GIRE DP 06676-,ingest_batch_0003.csv
860089538235,ACC#00001,USD,26.88,DR,2023-03-10,2023-03-09,URBD-2AJUGA 6218666170VI,,ingest_batch_0003.csv
158890201054,ACC#00001,USD,518602.98,DR,2023-03-10,2023-03-05,JOU690004-666590 L-7635666170LL,KR AUG UNSPORTSMANLIKENESS THIASOS,ingest_batch_0003.csv
152055132700,ACC#00001,USD,322584000.80,DR,2023-03-10,2023-03-09,UI42654780002698 6917066337BY,TUP TO GORST ITS KOSALAN VI 690004,ingest_batch_0003.csv
9899260756,ACC#00001,USD,-57.32,CR,2023-03-10,2023-03-09,VOLERY 8132866170CQ,BAHUT AVIARY MOVED IMPALM WUZZLE U,ingest_batch_0003.csv
235286012918,ACC#00001,USD,-4318655.75,CR,2023-03-10,2023-03-09,VOLERY 0422366170RN,UPCLOSER SAUNT TYPY DE - ELUVIA CC,ingest_batch_0003.csv
605522493403,ACC#00001,USD,-226018.82,CR,2023-03-10,2023-03-09,VOLERY 3409380666FP,TUP 02C6866666666666REAVOWED/FIE/X,ingest_batch_0003.csv
365235379755,ACC#00001,USD,-67.60,CR,2023-03-10,2023-03-09,VOLERY 8132266170CQ,JOG BAHUT WF FEW GIRE DP 06676-006,ingest_batch_0003.csv
365669779320,ACC#00001,USD,68293.38,DR,2023-03-11,2023-03-05,JOU690004-666966 L-7431766171LL,KR AUG UNSPORTSMANLIKENESS THIASOS,ingest_batch_0004.csv
191619913494,ACC#00001,USD,880000.00,DR,2023-03-11,2023-03-10,VOLERY 3479506666FP,TUP 07C9700823619166REAVOWED/WAMP,ingest_batch_0004.csv
695641755016,ACC#00001,USD,25.00,DR,2023-03-11,2023-03-10,VOLERY 3476322666FP,TUP JQO CARD DYES 00/02/69,ingest_batch_0004.csv
332481723266,ACC#00001,USD,-240497.87,CR,2023-03-11,2023-03-10,038769539 8657566177XD,SLATTERN ASSUMER ELUVIA ELUVIA HOT,ingest_batch_0004.csv
649800057548,ACC#00001,USD,327956.31,DR,2023-03-11,2023-03-05,JOU690004-666591 L-7430266177LL,KR AUG UNSPORTSMANLIKENESS THIASOS,ingest_batch_0004.csv
964255770230,ACC#00001,USD,1185583.60,DR,2023-03-11,2023-03-10,VOLERY 3475134666FP,TUP 07DU866666666666IFV /052/66666,ingest_batch_0004.csv
29376846086,ACC#00001,USD,-971607.87,CR,2023-03-11,2023-03-08,VOLERY 3469252666FP,TUP 011C066666666666REAVOWED/FIE/X,ingest_batch_0004.csv
802957369298,ACC#00001,USD,543983.00,DR,2023-03-11,2023-03-10,HETEROCARPUS 3264966177VI,,ingest_batch_0004.csv
720444082231,ACC#00001,USD,4684620.13,DR,2023-03-11,2023-03-10,78466J0PID 3554966177VI,,ingest_batch_0004.csv
470064778311,ACC#00001,USD,375.00,DR,2023-03-11,2023-03-10,VOLERY 3476252666FP,TUP FIE ORARY DYES 00/02/69,ingest_batch_0004.csv
570314469689,ACC#00001,USD,-755.50,CR,2023-03-11,2023-03-10,VOLERY 3416109666FP,TUP 0139V66666666666IFV /IND PALMA,ingest_batch_0004.csv
331957027297,ACC#00001,USD,-2600.58,CR,2023-03-11,2023-03-10,VOLERY 6663266170XY,CADE INDOLYL SURRENDRY MURREY NA 0,ingest_batch_0004.csv
862952257615,ACC#00001,USD,-68217879.36,CR,2023-03-11,2023-03-10,UV26148710005697 6917766387BY,TUP TO THEATRIZE ITS KOSALAN VI 69,ingest_batch_0004.csv
553074775329,ACC#00001,USD,25.00,DR,2023-03-12,2023-03-11,VOLERY 3416325666FP,TUP JQO CARD DYES 00/05/69,ingest_batch_0005.csv
908952519225,ACC#00001,USD,816.88,DR,2023-03-12,2023-03-11,VOLERY 3416220666FP,TUP FIE ORARY DYES 00/05/69,ingest_batch_0005.csv
640493396809,ACC#00001,USD,301.00,DR,2023-03-12,2023-03-11,6772166162RN 6772166162RN,ALL TYPY AS FEW GIRE INCHER FEW BI,ingest_batch_0005.csv
300279131944,ACC#00001,USD,3932087160.00,DR,2023-03-12,2023-03-11,P675824840911396 5803666171VI,,ingest_batch_0005.csv
715022836499,ACC#00001,USD,8401.13,DR,2023-03-12,2023-03-11,6484766161RN 6484766161RN,DESILT FGY TYPY OEV IODOHYDRIN Q0,ingest_batch_0005.csv
471645692621,ACC#00001,USD,2195.10,DR,2023-03-12,2023-03-11,6157666160RN 6157666160RN,DESILT FGY TYPY OEV IODOHYDRIN Q0,ingest_batch_0005.csv
203969225501,ACC#00001,USD,301.00,DR,2023-03-12,2023-03-11,6055366164RN 6055366164RN,ALL TYPY AS FEW GIRE INCHER FEW BI,ingest_batch_0005.csv
181063246895,ACC#00001,USD,9170000.00,DR,2023-03-12,2023-03-11,VOLERY 3419542666FP,TUP 04Q89008240981Q6REAVOWED/WAMP,ingest_batch_0005.csv
605716382824,ACC#00001,USD,35844.27,DR,2023-03-12,2023-03-11,6774366162RN 6774366162RN,DESILT FGY TYPY OEV IODOHYDRIN Q0,ingest_batch_0005.csv
856428767139,ACC#00001,USD,885550.00,DR,2023-03-12,2023-03-11,VOLERY 3419541666FP,TUP 043DG00824029666REAVOWED/WAMP,ingest_batch_0005.csv
742044778337,ACC#00001,USD,4770478.70,DR,2023-03-12,2023-03-11,HETEROCARPUS 9509266171VI,,ingest_batch_0005.csv
613990399057,ACC#00001,USD,161286048.60,DR,2023-03-12,2023-03-11,UI26148710009698 6917166378BY,TUP TO GORST ITS KOSALAN VI 690005,ingest_batch_0005.csv
949581778599,ACC#00001,USD,-122731.70,CR,2023-03-12,2023-03-11,7196966663422171 9960966171VI,JOQ TREPIDATORY WOLD HOTPOT UNRIP,ingest_batch_0005.csv
571837858440,ACC#00001,USD,-2622.89,CR,2023-03-12,2023-03-11,322756AL61896859 9043966171VI,UPCLOSER SAUNT TYPY DE - ELUVIA CC,ingest_batch_0005.csv
480841084818,ACC#00001,USD,60054000.00,DR,2023-03-12,2023-03-11,VOLERY 3419544666FP,TUP 04Q82008240981C6REAVOWED/WAMP,ingest_batch_0006.csv
799980624735,ACC#00001,USD,-44891.82,CR,2023-03-13,2023-03-04,JOE690009-666775 L-1851466178LL,UPCLOSER SAUNT TYPY DE - ELUVIA CC,ingest_batch_0006.csv
307833674030,ACC#00001,USD,985.10,DR,2023-03-13,2023-03-12,VOLERY 3486980666FP,TUP FIE ORARY DYES 00/09/69,ingest_batch_0006.csv
192132374991,ACC#00001,USD,-1755210.00,CR,2023-03-13,2023-03-12,6245366679880520 1137766178VI,VOICEPRINTS UTEROPEXIA TWANGING OG,ingest_batch_0006.csv
579260145064,ACC#00001,USD,909465.72,DR,2023-03-13,2023-03-12,77966RD0NE 7944066178VI,,ingest_batch_0006.csv
910802117518,ACC#00001,USD,-337056393.90,CR,2023-03-13,2023-03-12,UV21371370076697 6917866857BY,TUP TO THEATRIZE ITS KOSALAN VI 69,ingest_batch_0006.csv
417544427965,ACC#00001,USD,25.00,DR,2023-03-13,2023-03-12,VOLERY 3486213666FP,TUP JQO CARD DYES 00/09/69,ingest_batch_0006.csv
585243773080,ACC#00001,USD,-68.50,CR,2023-03-13,2023-03-12,KNIT.9213690 9093966178FW,BISERIAL TYPY AT 0256 RIDGELIKE D,ingest_batch_0006.csv
926437379674,ACC#00001,USD,-3193629.33,CR,2023-03-13,2023-03-12,VOLERY 3489180666FP,TUP 58BE00824025966REAVOWED/WAMP/Y,ingest_batch_0006.csv
451380787691,ACC#00001,USD,-624309.87,CR,2023-03-13,2023-03-12,69YUKE60494 3761866178XD,35M4 WK MAJOR NOTCHING STRICKS BEE,ingest_batch_0006.csv
924857898097,ACC#00001,USD,-1287428.67,CR,2023-03-13,2023-03-12,779726BW63729900 L-1056966178VI,JOQ TREPIDATORY WOLD HOTPOT UNRIP,ingest_batch_0006.csv
37697867153,ACC#00001,USD,1885000.00,DR,2023-03-13,2023-03-12,VOLERY 3485983666FP,TUP 453C00844926266IFV /2731/NEO W,ingest_batch_0007.csv
382722696183,ACC#00001,USD,-53277.00,CR,2023-03-13,2023-03-12,372746BW60985505 0772866171VI,UPCLOSER SAUNT TYPY DE - ELUVIA CC,ingest_batch_0007.csv
903350125338,ACC#00001,USD,-38536.49,CR,2023-03-13,2023-03-12,VOLERY 3436202666FP,TUP 0112Q66666666666IFV /IMPALM RC,ingest_batch_0007.csv
711694810291,ACC#00001,USD,-38064.63,CR,2023-03-15,2023-03-12,6245366679880520 1137766178VI,VOICEPRINTS UTEROPEXIA TWANGING OG,ingest_batch_0007.csv
583500512236,ACC#00001,USD,-94166.00,CR,2023-03-16,2023-03-15,OVERPROUDNESS 1963566172XD,DOGNAP CRYOCHORIC S.C. U-7659 PUKA,ingest_batch_0007.csv
894152618320,ACC#00001,USD,-13368987.00,CR,2023-03-16,2023-03-15,VOLERY 7668666172FW,ENCHODONTIDAE COUTHIER FOLKSY COIF,ingest_batch_0007.csv
72375679812,ACC#00001,USD,-296688.86,CR,2023-03-16,2023-03-15,VOLERY 8619366172CQ,Y.M. TONITE YARAY RESSAUT(CONCUR),ingest_batch_0007.csv
961380921514,ACC#00001,USD,-36267.51,CR,2023-03-16,2023-03-15,6974566651639609 8535166178VI,UPCLOSER SAUNT TYPY DE - ELUVIA CC,ingest_batch_0007.csv
379535343457,ACC#00001,USD,-100.00,CR,2023-03-16,2023-03-15,438-457-69 L-4521266172VI,UPCLOSER SAUNT TYPY FEW GIRE PULIS,ingest_batch_0008.csv
93302060511,ACC#00001,USD,-146913.23,CR,2023-03-16,2023-03-15,4904966009961136 2708666172VI,DESINENT UPS FEW CITE FEW GIRE DP,ingest_batch_0008.csv
881364759552,ACC#00001,USD,-37568.00,CR,2023-03-16,2023-03-15,OVERPROUDNESS 1963566172XD,DOGNAP CRYOCHORIC S.C. U-7659 PUKA,ingest_batch_0008.csv
669144617818,ACC#00001,USD,351562772.30,DR,2023-03-16,2023-03-15,UI21371370071698 6917266317BY,TUP TO GORST ITS KOSALAN VI 690076,ingest_batch_0008.csv
947542425701,ACC#00001,USD,1000000.00,DR,2023-03-16,2023-03-15,VOLERY 3446072666FP,TUP 069T666666666666REAVOWED/WAMP,ingest_batch_0008.csv
874470562326,ACC#00001,USD,16101690.88,DR,2023-03-16,2023-03-15,VOLERY 3435566666FP,TUP 2X1C00824763266IFV /992/BYKG/6,ingest_batch_0008.csv
985109644489,ACC#00001,USD,-296688.86,CR,2023-03-16,2023-03-15,VOLERY 8619866172CQ,JOQV EU DE PIANOKOTO VIAL HARDFIST,ingest_batch_0008.csv
229759448323,ACC#00001,USD,25.00,DR,2023-03-16,2023-03-15,VOLERY 3430667666FP,TUP JQO CARD DYES 00/76/69,ingest_batch_0008.csv
284818596983,ACC#00001,USD,177370.91,DR,2023-03-16,2023-03-15,VOLERY 3435563666FP,TUP 2X8C00824763766IFV /06/85070OM,ingest_batch_0008.csv
825212535029,ACC#00001,USD,678.21,DR,2023-03-17,2023-03-08,JOB690002-666614 L-8396266175LL,TYPY AS STRETCH H.C. FEW GIRE DP 0,ingest_batch_0008.csv
716843169189,ACC#00001,USD,-675673.03,CR,2023-03-17,2023-03-05,2005766176FW L-8158166175LL,JO TONITE OBS WOLD ELUVIA MYTHIC K,ingest_batch_0008.csv
626159305801,ACC#00001,USD,675673.03,DR,2023-03-17,2023-03-08,2005766176FW L-8158166175LL,X646603895 TONITE DRUMWOOD CG MG F,ingest_batch_0008.csv
253620113209,ACC#00001,USD,-73790351.11,CR,2023-03-17,2023-03-16,UV22604000078697 6917566825BY,TUP TO THEATRIZE ITS KOSALAN VI 69,ingest_batch_0008.csv
61425020524,ACC#00001,USD,37568.00,DR,2023-03-17,2023-03-15,JOU690078-660681 L-8328566175LL,VOICEPRINTS UTEROPEXIA TWANGING OG,ingest_batch_0008.csv
964598296196,ACC#00001,USD,21664.49,DR,2023-03-17,2023-03-16,E1866ZIT3PRUE 6714166175RN,ABODY MOVED IMPALM MURREY NA 09201,ingest_batch_0008.csv
258758851298,ACC#00001,USD,3360.94,DR,2023-03-17,2023-03-08,JOB690002-666613 L-8398466175LL,TYPY AS STRETCH H.C. FEW GIRE DP 0,ingest_batch_0008.csv
867495266155,ACC#00001,USD,6376000.00,DR,2023-03-17,2023-03-16,VOLERY 3445124666FP,TUP 0029V66666666666IFV /728/DE 28,ingest_batch_0008.csv
499000942621,ACC#00001,USD,25.00,DR,2023-03-17,2023-03-16,VOLERY 3446203666FP,TUP JQO CARD DYES 00/71/69,ingest_batch_0009.csv
37262997771,ACC#00001,USD,-147186.20,CR,2023-03-17,2023-03-16,322756MI61103981 9922766175VI,UPCLOSER SAUNT TYPY DE - ELUVIA CC,ingest_batch_0009.csv
258973092052,ACC#00001,USD,-3479967.08,CR,2023-03-17,2023-03-16,1290290 3432769175WT,OPTOLOGY TYPY  CUDEIGH BANDI ZN 11,ingest_batch_0009.csv
65640637211,ACC#00001,USD,-144225.00,CR,2023-03-17,2023-03-16,VOLERY 6192866175FW,BYG WOE QHFG KRI IMPALM EYN UPS CC,ingest_batch_0009.csv
609940904647,ACC#00001,USD,1184000.00,DR,2023-03-17,2023-03-16,6766666175RN 6766666175RN,66666666606947669 ELUVIA MYTHIC NR,ingest_batch_0009.csv
953630198905,ACC#00001,USD,504.56,DR,2023-03-17,2023-03-16,VOLERY 3446591666FP,TUP FIE ORARY DYES 00/71/69,ingest_batch_0009.csv
805968548898,ACC#00001,USD,-543.98,CR,2023-03-17,2023-03-16,322746AL68181250 0009566175VI,UPCLOSER SAUNT TYPY DE - ELUVIA CC,ingest_batch_0009.csv
447783855438,ACC#00001,USD,2268.97,DR,2023-03-17,2023-03-16,VOLERY L-6950866175HQ,KR AUG UNSPORTSMANLIKENESS THIASOS,ingest_batch_0009.csv
639455878771,ACC#00001,USD,-1582558.23,CR,2023-03-18,2023-03-17,ICHTHYIZATION 1243166179XD,GIN FORET DOL ARABLES 50219 ELICIT,ingest_batch_0009.csv
642717176489,ACC#00001,USD,13339228.90,DR,2023-03-18,2023-03-17,VOLERY 3425129666FP,TUP 0731C66666666666IFV /FICKLEST,ingest_batch_0009.csv
660617324576,ACC#00001,USD,-193760.00,CR,2023-03-18,2023-03-17,ADP-DK-549 8391766179XD,BANT ASSUMER WART CASAVI,ingest_batch_0009.csv
434201299848,ACC#00001,USD,8800000.00,DR,2023-03-18,2023-03-17,VOLERY 3429542666FP,TUP 066PL00829907866REAVOWED/WAMP,ingest_batch_0009.csv
400072250223,ACC#00001,USD,-531670.00,CR,2023-03-18,2023-03-17,VOLERY 3728366179VI,JO TONITE AI  SIBYLLINE SIBYLLINE,ingest_batch_0009.csv
64526622422,ACC#00001,USD,11725996.69,DR,2023-03-18,2023-03-17,VOLERY 3425154666FP,TUP V38266666666666IFV /052/666690,ingest_batch_0010.csv
963949489193,ACC#00001,USD,-14722413.16,CR,2023-03-18,2023-03-17,VOLERY 3429201666FP,TUP 0730366666666666REAVOWED/FIE/X,ingest_batch_0010.csv
438239387430,ACC#00001,USD,25.00,DR,2023-03-18,2023-03-17,VOLERY 3426771666FP,TUP JQO CARD DYES 00/78/69,ingest_batch_0010.csv
941761813992,ACC#00001,USD,-321384966.30,CR,2023-03-18,2023-03-17,UV29684320073697 6917966377BY,TUP TO THEATRIZE ITS KOSALAN VI 69,ingest_batch_0010.csv
137891776425,ACC#00001,USD,819.90,DR,2023-03-18,2023-03-17,VOLERY 3426871666FP,TUP FIE ORARY DYES 00/78/69,ingest_batch_0010.csv
74322296328,ACC#00001,USD,-203019.50,CR,2023-03-18,2023-03-17,4904966005848731 3491866179VI,DESINENT UPS FEW CITE FEW GIRE DP,ingest_batch_0010.csv
543614474336,ACC#00001,USD,-234620.39,CR,2023-03-18,2023-03-17,784506BW65892182 4011466179VI,JO TONITE TREPIDATORY ZH FEW GIRE,ingest_batch_0010.csv
549529389706,ACC#00001,USD,-4396.90,CR,2023-03-18,2023-03-17,69HYHB06081 4399166179XD,E69K WK AVIARY MAN QHFG MAZA MAJOR,ingest_batch_0010.csv
627584372599,ACC#00001,USD,71734552.23,DR,2023-03-20,2023-03-19,U690072696960022 6658766110VI,,ingest_batch_0011.csv
134319137394,ACC#00001,USD,550.70,DR,2023-03-20,2023-03-19,VOLERY 3456213666FP,TUP FIE ORARY DYES 00/73/69,ingest_batch_0011.csv
526135445699,ACC#00001,USD,240497.87,DR,2023-03-20,2023-03-10,JOB690009-666073 L-4617866110LL,ALL TYPY AS FEW GIRE INCHER FEW BI,ingest_batch_0011.csv
230118081944,ACC#00001,USD,25.00,DR,2023-03-20,2023-03-19,VOLERY 3456337666FP,TUP JQO CARD DYES 00/73/69,ingest_batch_0011.csv
618617665891,ACC#00001,USD,9225000.00,DR,2023-03-20,2023-03-10,WORKPAN99HEXER69 6991766110VI,,ingest_batch_0011.csv
723681046426,ACC#00001,USD,-2464568145.00,CR,2023-03-20,2023-03-19,UV0849980072697 6911066866BY,TUP TO THEATRIZE ITS KOSALAN VI 69,ingest_batch_0011.csv
578503181640,ACC#00001,USD,446000.00,DR,2023-03-20,2023-02-19,JOB690069-666634 L-3092266179LL,UNPARTOOK TYPY MENT Q-0706 ERICIUS,ingest_batch_0011.csv
150808920767,ACC#00001,USD,5327900.00,DR,2023-03-23,2023-03-22,VOLERY 3495267666FP,TUP KO4C00822960Q66IFV /052/666690,ingest_batch_0012.csv
983062452414,ACC#00001,USD,-1618415.67,CR,2023-03-23,2023-03-22,VOLERY 3499982666FP,TUP 0795566666666666REAVOWED/FIE/X,ingest_batch_0012.csv
517659650867,ACC#00001,USD,3159205.10,DR,2023-03-23,2023-03-22,JOE690067-666034 L-4407066165LL,X6606947669 ELUVIA MYTHIC ERYSIBE,ingest_batch_0012.csv
609012902763,ACC#00001,USD,1468832.31,DR,2023-03-23,2023-03-22,VOLERY 3495264666FP,TUP 0750C66666666666IFV /FICKLEST,ingest_batch_0012.csv
512117312230,ACC#00001,USD,477.70,DR,2023-03-23,2023-03-22,VOLERY 3496358666FP,TUP FIE ORARY DYES 00/72/69,ingest_batch_0012.csv
259235477098,ACC#00001,USD,53277.00,DR,2023-03-23,2023-03-22,37266W0AVU 4728866118VI,,ingest_batch_0012.csv
122758674069,ACC#00001,USD,36267.51,DR,2023-03-23,2023-03-22,69766W0DNJ 3959866118VI,,ingest_batch_0012.csv
749428081772,ACC#00001,USD,187200.00,DR,2023-03-23,2023-03-22,56966W0YEY 7410466110VI,,ingest_batch_0012.csv
319130406161,ACC#00001,USD,50344.50,DR,2023-03-23,2023-03-22,VOLERY 1938766118CQ,VOICEPRINTS UTEROPEXIA TWANGING OG,ingest_batch_0012.csv
246228463503,ACC#00001,USD,920718618.00,DR,2023-03-23,2023-03-22,UI0849980016698 6911866326BY,TUP TO GORST ITS KOSALAN VI 690072,ingest_batch_0012.csv
188076933047,ACC#00001,USD,527180.00,DR,2023-03-23,2023-03-22,VOLERY 3495493666FP,TUP 573T00822960C66IFV /052/666690,ingest_batch_0012.csv
896401432494,ACC#00001,USD,502.00,DR,2023-03-24,2023-03-23,VOLERY 3260735666FP,TUP FIE ORARY DYES 00/16/69,ingest_batch_0014.csv
145164947849,ACC#00001,USD,7767000.00,DR,2023-03-24,2023-03-22,JOE690760-666757 L-2114766113LL,X6606947669 ELUVIA MYTHIC ERYSIBE,ingest_batch_0014.csv
655598664863,ACC#00001,USD,48660000.00,DR,2023-03-24,2023-03-23,VOLERY 3200120666FP,TUP 00165008519977C6REAVOWED/WAMP,ingest_batch_0014.csv
492604924504,ACC#00001,USD,256619.50,DR,2023-03-24,2023-03-23,VOLERY 3269998666FP,TUP 285200829789866IFV /052/666690,ingest_batch_0014.csv
258821719109,ACC#00001,USD,-39984030.00,CR,2023-03-24,2023-03-23,7669076066086143 8108066113XD,ORTHICON TRIFOLY LEE 1601 TI FELLA,ingest_batch_0014.csv
241696442518,ACC#00001,USD,-358411.92,CR,2023-03-24,2023-03-19,325746AL64662749 0869366113VI,UPCLOSER SAUNT TYPY DE - ELUVIA CC,ingest_batch_0014.csv
908362579514,ACC#00001,USD,-1330381591.00,CR,2023-03-24,2023-03-23,UV8471840760697 6911366306BY,TUP TO THEATRIZE ITS KOSALAN VI 69,ingest_batch_0014.csv
485055893057,ACC#00001,USD,-687152.23,CR,2023-03-24,2023-03-23,VOLERY 3200676666FP,TUP 07Q0366666666666REAVOWED/FIE/X,ingest_batch_0014.csv
605555456126,ACC#00001,USD,-326893464.70,CR,2023-03-25,2023-03-24,INTERNIDAL 1247766114VI,UPCLOSER ELUVIA VEG APOSTEM TROCAR,ingest_batch_0014.csv
253767086981,ACC#00001,USD,385.80,DR,2023-03-25,2023-03-24,VOLERY 3207008666FP,TUP FIE ORARY DYES 07/60/69,ingest_batch_0014.csv
851642469760,ACC#00001,USD,-280070207.00,CR,2023-03-25,2023-03-24,UV4177410767697 6911466388BY,TUP TO THEATRIZE ITS KOSALAN VI 69,ingest_batch_0014.csv
714849751632,ACC#00001,USD,145187.50,DR,2023-03-25,2023-03-24,VOLERY 3209215666FP,TUP 00SF266666666666IFV /TRAPNESTS,ingest_batch_0015.csv
916353587939,ACC#00001,USD,25.00,DR,2023-03-25,2023-03-24,VOLERY 3200972666FP,TUP JQO CARD DYES 07/60/69,ingest_batch_0015.csv
526397829395,ACC#00001,USD,-3159205.10,CR,2023-03-26,2023-03-22,JOE690067-666034 L-5137666112LL,UPCLOSER SAUNT TYPY DE - ELUVIA CC,ingest_batch_0015.csv
977713875034,ACC#00001,USD,25.00,DR,2023-03-26,2023-03-25,VOLERY 3270328666FP,TUP JQO CARD DYES 07/67/69,ingest_batch_0015.csv
159030075797,ACC#00001,USD,-9220.78,CR,2023-03-26,2023-03-25,779756BW61370892 L-4235766114VI,JOQ TREPIDATORY WOLD HOTPOT UNRIP,ingest_batch_0015.csv
618152810826,ACC#00001,USD,-6470849.30,CR,2023-03-26,2023-03-25,779726BW63729900 L-4211366114VI,JOQ TREPIDATORY WOLD HOTPOT UNRIP,ingest_batch_0015.csv
240322876512,ACC#00001,USD,-31255.50,CR,2023-03-26,2023-03-08,372506AL65294236 5234466112VI,UPCLOSER SAUNT TYPY DE - ELUVIA CC,ingest_batch_0015.csv
596486208821,ACC#00001,USD,-43206.80,CR,2023-03-26,2023-03-08,372506AL65294231 6738666112VI,UPCLOSER SAUNT TYPY DE - ELUVIA CC,ingest_batch_0015.csv
516354876849,ACC#00001,USD,637.50,DR,2023-03-26,2023-03-25,VOLERY 3270231666FP,TUP FIE ORARY DYES 07/67/69,ingest_batch_0016.csv
650623281413,ACC#00001,USD,-38.08,CR,2023-03-26,2023-03-25,322746AL68156543 9058966112VI,UPCLOSER SAUNT TYPY DE - ELUVIA CC,ingest_batch_0016.csv
280562060112,ACC#00001,USD,211093875.10,DR,2023-03-26,2023-03-25,UI4177410761698 6911266895BY,TUP TO GORST ITS KOSALAN VI 690767,ingest_batch_0016.csv
664560412279,ACC#00001,USD,-9396.95,CR,2023-03-26,2023-03-25,VOLERY 1145366112FW,ADDICT TYPY  VESTIBULE VESTIBULE S,ingest_batch_0016.csv
958236657835,ACC#00001,USD,562.00,DR,2023-03-27,2023-03-26,VOLERY 3210895666FP,TUP FIE ORARY DYES 07/61/69,ingest_batch_0016.csv
124858507560,ACC#00001,USD,-28454.28,CR,2023-03-27,2023-03-26,NI50115AT6692026 8024266115XD,FWD AI VOYAGE THERMODYNAM 5670 -,ingest_batch_0016.csv
420020132599,ACC#00001,USD,359732248.50,DR,2023-03-27,2023-03-26,UI2262680768698 6911566318BY,TUP TO GORST ITS KOSALAN VI 690761,ingest_batch_0016.csv
209355417783,ACC#00001,USD,170282.34,DR,2023-03-27,2023-03-26,VOLERY 7263066115CQ,VOICEPRINTS UTEROPEXIA TWANGING OG,ingest_batch_0017.csv
663835354347,ACC#00001,USD,3144586.98,DR,2023-03-27,2023-03-26,VOLERY 3215543666FP,TUP 0683766666666666IFV /992/UHD3/,ingest_batch_0017.csv
683868930828,ACC#00001,USD,25.00,DR,2023-03-27,2023-03-26,VOLERY 3210104666FP,TUP JQO CARD DYES 07/61/69,ingest_batch_0017.csv
546447771943,ACC#00001,USD,4299.00,DR,2023-03-27,2023-03-26,SYNE772BACACH 7252866115VI,,ingest_batch_0017.csv
545122147089,ACC#00001,USD,-1600.00,CR,2023-03-27,2023-03-26,3726266666430631 7207666115VI,UPCLOSER SAUNT TYPY DE - ELUVIA CC,ingest_batch_0017.csv
852297127236,ACC#00001,USD,-141585.44,CR,2023-03-27,2023-03-26,VOLERY 3286043666FP,TUP 0008C66666666666REAVOWED/FIE/X,ingest_batch_0017.csv
922138820672,ACC#00001,USD,-72010.00,CR,2023-03-30,2023-03-29,1066-91802131097 6363569180WT,TYPY AS STRETCH H.C. FEW GIRE DP 0,ingest_batch_0017.csv
78356421306,ACC#00001,USD,-972091.45,CR,2023-03-30,2023-03-29,4904966069101663 2703266180VI,DESINENT UPS FEW CITE FEW GIRE DP,ingest_batch_0017.csv
471961596159,ACC#00001,USD,5052000.00,DR,2023-03-30,2023-03-29,VOLERY 3285495666FP,TUP V6FU00852147666IFV /7048/E 493,ingest_batch_0017.csv
626653871211,ACC#00001,USD,-79988.11,CR,2023-03-30,2023-03-23,VOLERY 3200676666FP,TUP 07Q0366666666666REAVOWED/FIE/X,ingest_batch_0017.csv
850383957953,ACC#00001,USD,-63780.00,CR,2023-03-30,2023-03-29,7669076266091197 6532869180WT,LUX SPIV TYPY H D FEW GIRE DP,ingest_batch_0017.csv
73641954093,ACC#00001,USD,312.82,DR,2023-03-30,2023-03-29,VMBB-2DOSIS 2674966180VI,,ingest_batch_0017.csv
267088859123,ACC#00001,USD,-21150000.00,CR,2023-03-30,2023-03-29,VOLERY 3289738666FP,TUP DG9C00854227366HAFIZ VC LES/EC,ingest_batch_0017.csv
918336758887,ACC#00001,USD,-34197.69,CR,2023-03-30,2023-03-29,VOLERY 7536566180FW,ENCHODONTIDAE COUTHIER FOLKSY COIF,ingest_batch_0017.csv
216855225067,ACC#00001,USD,25.00,DR,2023-03-30,2023-03-29,VOLERY 3286952666FP,TUP JQO CARD DYES 07/68/69,ingest_batch_0017.csv
652524958177,ACC#00001,USD,1335095166.00,DR,2023-03-30,2023-03-29,UI9272040762698 6918066384BY,TUP TO GORST ITS KOSALAN VI 690768,ingest_batch_0018.csv
815934511506,ACC#00001,USD,-33452.92,CR,2023-03-30,2023-03-29,VOLERY 6666966180XY,CADE INDOLYL SURRENDRY MURREY NA 0,ingest_batch_0018.csv
580173188136,ACC#00001,USD,-533.35,CR,2023-03-30,2023-03-29,VOLERY 6160066180JJ,Y.M. TONITE PANTOPOD HURA. SKIDDER,ingest_batch_0018.csv
766876156827,ACC#00001,USD,-1687970.00,CR,2023-03-30,2023-03-29,7669076266091734 6946469180WT,LUX SPIV TYPY H D FEW GIRE DP,ingest_batch_0018.csv
101559731342,ACC#00001,USD,544.40,DR,2023-03-30,2023-03-29,VOLERY 3280047666FP,TUP FIE ORARY DYES 07/68/69,ingest_batch_0018.csv
520209099769,ACC#00001,USD,-796800.00,CR,2023-03-30,2023-03-29,VOLERY 3236808666FP,TUP 0714666666666666IFV /FICKLEST,ingest_batch_0018.csv
338012864986,ACC#00001,USD,4396.90,DR,2023-03-30,2023-03-17,JOB690072-666644 L-6369366180LL,VC LES OBS UDV FEW GIRE DP 06750-,ingest_batch_0018.csv
355853627579,ACC#00001,USD,-472230.00,CR,2023-03-30,2023-03-29,VOLERY 8822466180XD,SUSS AWAFT EFI BI5 5MN,ingest_batch_0018.csv
525963675247,ACC#00001,USD,-321155.62,CR,2023-03-30,2023-03-29,VOLERY 0943966180CQ,ONLAY WANSOME ASSUMER KEEPINGS FEW,ingest_batch_0018.csv
358871361002,ACC#00001,USD,-440050.00,CR,2023-03-30,2023-03-29,VOLERY 6996669180WT,SLATTERN TYPY OEV NYET PIRAYA POOH,ingest_batch_0018.csv
944844042849,ACC#00001,USD,-1088548.06,CR,2023-03-31,2023-03-30,VOLERY 6027166187RN,Y M TONITE ETHERIFIES GAB MURREY X,ingest_batch_0018.csv
497020324535,ACC#00001,USD,15326.20,DR,2023-03-31,2023-03-30,6764866113RN 6764866113RN,LGYV TYPY INF MURREY NA 09201,ingest_batch_0018.csv
602157320827,ACC#00001,USD,590.65,DR,2023-03-31,2023-03-30,6059566187RN 6059566187RN,ABODY MOVED IMPALM MURREY NA 09201,ingest_batch_0018.csv
134539269178,ACC#00001,USD,107675.13,DR,2023-03-31,2023-03-30,VOLERY 3235300666FP,TUP 489C00854100266IFV /052/660690,ingest_batch_0018.csv
378965288540,ACC#00001,USD,954.10,DR,2023-03-31,2023-03-30,VOLERY 3235349666FP,TUP 00T5Q66666666666IFV /IND PALMA,ingest_batch_0018.csv
114381398272,ACC#00001,USD,1234710798.00,DR,2023-03-31,2023-03-30,UI00293850765698 6918766844BY,TUP TO GORST ITS KOSALAN VI 690762,ingest_batch_0018.csv
956628593721,ACC#00001,USD,810000.00,DR,2023-03-31,2023-03-30,VMBB-2DJJ75 6419366187VI,,ingest_batch_0018.csv
514434022053,ACC#00001,USD,-720528.46,CR,2023-03-31,2023-03-29,ALME115454JOQG7U 0668549536,,ingest_batch_0019.csv
95243301498,ACC#00001,USD,640.00,DR,2023-03-31,2023-03-30,VOLERY 3236532666FP,TUP FIE ORARY DYES 07/62/69,ingest_batch_0019.csv
907366981964,ACC#00001,USD,-49579555.17,CR,2023-03-31,2023-03-30,VOLERY 3246684666FP,TUP 060T100852127C66IFV /965/65204,ingest_batch_0019.csv
863360602863,ACC#00001,USD,-49579555.17,CR,2023-03-31,2023-03-30,VOLERY 3246636666FP,TUP 060T200852127T66IFV /965/65204,ingest_batch_0019.csv
562115187797,ACC#00001,USD,-49579555.18,CR,2023-03-31,2023-03-30,VOLERY 3246682666FP,TUP 060T800852127Q66IFV /965/65204,ingest_batch_0019.csv
779377976044,ACC#00001,USD,25.00,DR,2023-03-31,2023-03-30,VOLERY 3236456666FP,TUP JQO CARD DYES 07/62/69,ingest_batch_0019.csv
480583342379,ACC#00001,USD,71559.84,DR,2023-03-31,2023-03-30,6871666110RN 6871666110RN,AFTONIAN TRANSPORTAL TYPY OEV PIKI,ingest_batch_0019.csv
162161266601,ACC#00001,USD,-53700640.98,CR,2023-03-31,2023-03-30,VOLERY 3246630666FP,TUP 060T500852127V66IFV /965/65204,ingest_batch_0019.csv
691758051561,ACC#00001,USD,5511550.00,DR,2023-03-31,2023-03-30,VOLERY 3239263666FP,TUP 06UST00859747466REAVOWED/WAMP,ingest_batch_0019.csv
150051834818,ACC#00001,USD,2362.00,DR,2023-03-31,2023-03-30,6177666113RN 6177666113RN,AFTONIAN TRANSPORTAL TYPY OEV PIKI,ingest_batch_0019.csv
763062170055,ACC#00001,USD,-27.31,CR,2023-03-31,2023-03-30,HASTELESSNESS 8487266187XD,ENCHODONTIDAE COUTHIER FOLKSY - 06,ingest_batch_0019.csv
195269498563,ACC#00001,USD,4000.00,DR,2023-03-31,2023-03-30,6170166113RN 6170166113RN,AFTONIAN TRANSPORTAL TYPY OEV PIKI,ingest_batch_0019.csv
426887275235,ACC#00001,USD,-49579555.18,CR,2023-03-31,2023-03-30,VOLERY 3246689666FP,TUP 060T400852127X66IFV /965/65204,ingest_batch_0019.csv
798688874594,ACC#00001,USD,720528.46,DR,2023-03-31,2023-03-29,T313068549530660 0668549530,,ingest_batch_0019.csv
745909585484,ACC#00001,USD,-49579555.17,CR,2023-03-31,2023-03-30,VOLERY 3246679666FP,TUP 2IKY00852127666IFV /965/652045,ingest_batch_0019.csv
362522926983,ACC#00001,USD,25.00,DR,2023-04-01,2023-03-31,VOLERY 3246111666FP,TUP JQO CARD DYES 07/65/69,ingest_batch_0019.csv
797140490661,ACC#00001,USD,451970.00,DR,2023-04-01,2023-03-31,METRELESS 3149266181VI,,ingest_batch_0019.csv
425744374622,ACC#00001,USD,8096.72,DR,2023-04-01,2023-03-31,VOLERY 3245709666FP,TUP 0788066666666666IFV /IFV PENSY,ingest_batch_0019.csv
594704419833,ACC#00001,USD,91501351.02,DR,2023-04-01,2023-03-31,UI01575130769698 6918166387BY,TUP TO GORST ITS KOSALAN VI 690765,ingest_batch_0020.csv
948254236013,ACC#00001,USD,-7623300.00,CR,2023-04-01,2023-03-31,ICHTHYIZATION 7549466181XD,POTSTICK H.C. ELUVIA ARMENIA AL7L,ingest_batch_0020.csv
827877725944,ACC#00001,USD,-18300.00,CR,2023-04-01,2023-03-31,METRELESS0 3142966181VI,UPCLOSER SAUNT TYPY DE - ELUVIA CC,ingest_batch_0020.csv
643469672065,ACC#00001,USD,438.50,DR,2023-04-01,2023-03-31,VOLERY 3246374666FP,TUP FIE ORARY DYES 07/65/69,ingest_batch_0020.csv
286088465062,ACC#00001,USD,-2800000.00,CR,2023-04-01,2023-03-31,VOLERY 7911266181MT,ARACHNIDA AVIARY STRICKS GAB FEW W,ingest_batch_0020.csv
2926673051,ACC#00001,USD,308.32,DR,2023-04-01,2023-03-31,V332116066918953 8861766181VI,,ingest_batch_0020.csv
283366459577,ACC#00001,USD,8855500.00,DR,2023-04-01,2023-03-31,VOLERY 3249462666FP,TUP 0670500859557666REAVOWED/WAMP,ingest_batch_0020.csv
242672918080,ACC#00001,USD,63.70,DR,2023-04-01,2023-03-31,CORN-2DHL1X 8534266181VI,,ingest_batch_0020.csv
382120812741,ACC#00001,USD,624.70,DR,2023-04-02,2023-04-01,VOLERY 3226805666FP,TUP FIE ORARY DYES 07/69/69,ingest_batch_0020.csv
433828730803,ACC#00001,USD,-12323.95,CR,2023-04-02,2023-04-01,ICHTHYIZATION 8344066188XD,UNBILLED COLUMNATED SUBHEADINGS GP,ingest_batch_0020.csv
89477483154,ACC#00001,USD,-10902971.26,CR,2023-04-02,2023-04-01,7669070666068535 1632266188XD,ORTHICON TRIFOLY LEE 1601 TI FELLA,ingest_batch_0020.csv
845090669955,ACC#00001,USD,2800000.00,DR,2023-04-02,2023-04-01,URBD-2CURER 9381266188VI,,ingest_batch_0021.csv
786699445872,ACC#00001,USD,25.00,DR,2023-04-02,2023-04-01,VOLERY 3226709666FP,TUP JQO CARD DYES 07/69/69,ingest_batch_0021.csv
677960868906,ACC#00001,USD,28500.00,DR,2023-04-02,2023-04-01,008525132-767-0 5552966188VI,,ingest_batch_0021.csv
71800848851,ACC#00001,USD,-285869.20,CR,2023-04-02,2023-04-01,VOLERY 3229991666FP,TUP 0746C66666666666IFV /IMPALM RC,ingest_batch_0021.csv
820402040004,ACC#00001,USD,44215054.60,DR,2023-04-02,2023-04-01,VOLERY 3225778666FP,TUP PF2666666666666IFV /728/DE 086,ingest_batch_0021.csv
604965744697,ACC#00001,USD,-8895.65,CR,2023-04-02,2023-04-01,VOLERY 3229946666FP,TUP 227800855095066IFV /052/Y.M.P.,ingest_batch_0021.csv
461628582588,ACC#00001,USD,-28557065.00,CR,2023-04-02,2023-04-01,DHA65956 1945866188XD,BEYERITE NONREGULATIVE Q.D. 0602 R,ingest_batch_0021.csv
201622001641,ACC#00001,USD,44215054.60,DR,2023-04-02,2023-04-01,VOLERY 3225773666FP,TUP PF2066666666666IFV /728/DE 086,ingest_batch_0021.csv
565194326951,ACC#00001,USD,-6600.00,CR,2023-04-02,2023-04-01,4904966780169205 2835766181VI,DESINENT UPS FEW CITE FEW GIRE DP,ingest_batch_0021.csv
650922887266,ACC#00001,USD,664670453.50,DR,2023-04-02,2023-04-01,UI03303200706698 6918866857BY,TUP TO GORST ITS KOSALAN VI 690769,ingest_batch_0021.csv
2130904895,ACC#00001,USD,1593643.00,DR,2023-04-02,2023-04-01,HONOREE-ZINKY69 9888866188VI,,ingest_batch_0021.csv
558033935491,ACC#00001,USD,88332.50,DR,2023-04-03,2023-04-02,VOLERY 3252910666FP,TUP 533T00855348866IFV /052/666690,ingest_batch_0021.csv
403229415446,ACC#00001,USD,745952.14,DR,2023-04-03,2023-04-02,T313007065436660 0607065436,,ingest_batch_0021.csv
825197353023,ACC#00001,USD,406436.10,DR,2023-04-03,2023-04-02,VOLERY 3252915666FP,TUP 06V8C66666666666IFV /052/66669,ingest_batch_0021.csv
730258932542,ACC#00001,USD,532716.71,DR,2023-04-03,2023-04-02,VOLERY 3252981666FP,TUP 06V3966666666666IFV /052/66669,ingest_batch_0021.csv
965904688146,ACC#00001,USD,18617000.00,DR,2023-04-03,2023-04-02,VOLERY 3252934666FP,TUP 080X366666666666IFV /137/66064,ingest_batch_0021.csv
653593354890,ACC#00001,USD,536.00,DR,2023-04-03,2023-04-02,VOLERY 3256849666FP,TUP FIE ORARY DYES 07/06/69,ingest_batch_0021.csv
953637903215,ACC#00001,USD,508907.74,DR,2023-04-03,2023-04-02,VOLERY 3252936666FP,TUP 06PF466666666666IFV /052/66669,ingest_batch_0021.csv
929762366465,ACC#00001,USD,33823.30,DR,2023-04-03,2023-04-02,VOLERY 3252982666FP,TUP 06FEZ66666666666IFV /052/66669,ingest_batch_0021.csv
351364777156,ACC#00001,USD,234263675.70,DR,2023-04-03,2023-04-02,UI02602570700698 6918366824BY,TUP TO GORST ITS KOSALAN VI 690706,ingest_batch_0022.csv
831378501581,ACC#00001,USD,-1201286.80,CR,2023-04-03,2023-04-02,VOLERY 3255922666FP,TUP 0823C66666666666REAVOWED/FIE/X,ingest_batch_0022.csv
298293973455,ACC#00001,USD,25.71,DR,2023-04-03,2023-04-02,URBD-2DQQ8I 1317566183VI,,ingest_batch_0022.csv
726290805142,ACC#00001,USD,972520.62,DR,2023-04-03,2023-04-02,VOLERY 3252987666FP,TUP 06V3166666666666IFV /052/66669,ingest_batch_0022.csv
978082424692,ACC#00001,USD,19139.48,DR,2023-04-03,2023-04-02,VOLERY 3252937666FP,TUP 06FEI66666666666IFV /052/66669,ingest_batch_0022.csv
695604963853,ACC#00001,USD,71538.99,DR,2023-04-03,2023-04-02,VOLERY 3252986666FP,TUP 06V8C66666666666IFV /052/66669,ingest_batch_0022.csv
177677872297,ACC#00001,USD,390603.02,DR,2023-04-03,2023-04-02,VOLERY 3252988666FP,TUP 06V9T00855348C66IFV /052/66669,ingest_batch_0022.csv
830806519943,ACC#00001,USD,476144.86,DR,2023-04-03,2023-04-02,VOLERY 3252985666FP,TUP 06LOO66666666666IFV /052/66669,ingest_batch_0022.csv
159008344914,ACC#00001,USD,22768.96,DR,2023-04-03,2023-04-02,VOLERY 3252930666FP,TUP 06PF266666666666IFV /052/66669,ingest_batch_0022.csv
645547373222,ACC#00001,USD,1139497.00,DR,2023-04-03,2023-04-02,6366966183RN 6366966183RN,Y M TONITE ETHERIFIES GAB MURREY X,ingest_batch_0022.csv
702770560868,ACC#00001,USD,74093.00,DR,2023-04-03,2023-04-02,VOLERY 3252980666FP,TUP 06V3766666666666IFV /052/66669,ingest_batch_0022.csv
146283718965,ACC#00001,USD,591302.30,DR,2023-04-03,2023-04-02,VOLERY 3252933666FP,TUP 0143566666666666IFV /7449/0277,ingest_batch_0022.csv
861926186638,ACC#00001,USD,934387.32,DR,2023-04-03,2023-04-02,VOLERY 3252983666FP,TUP 06FU566666666666IFV /052/66669,ingest_batch_0022.csv
202222256473,ACC#00001,USD,2054.58,DR,2023-04-03,2023-04-02,VOLERY 3252912666FP,TUP 06V8966666666666IFV /052/66669,ingest_batch_0022.csv
127544908108,ACC#00001,USD,25.00,DR,2023-04-03,2023-04-02,VOLERY 3256799666FP,TUP JQO CARD DYES 07/06/69,ingest_batch_0022.csv
356399529958,ACC#00001,USD,209727.29,DR,2023-04-03,2023-04-02,VOLERY 3252984666FP,TUP 06FU966666666666IFV /052/66669,ingest_batch_0022.csv
340512810429,ACC#00001,USD,550695.93,DR,2023-04-03,2023-04-02,VOLERY 3252919666FP,TUP 06V8Q66666666666IFV /052/66669,ingest_batch_0022.csv
811589864997,ACC#00001,USD,1263679.62,DR,2023-04-06,2023-04-05,T313008682816660 0608682816,,ingest_batch_0022.csv
447263085810,ACC#00001,USD,215154.00,DR,2023-04-06,2023-04-05,URBD-2DPO27 2290466185VI,,ingest_batch_0022.csv
244759123564,ACC#00001,USD,211554.82,DR,2023-04-06,2023-04-05,VOLERY 3292443666FP,TUP 239900896757666IFV /052/666690,ingest_batch_0022.csv
464563279186,ACC#00001,USD,40000000.00,DR,2023-04-06,2023-04-05,VOLERY 3292228666FP,TUP 0C2C500859610Q66IFV /052/66069,ingest_batch_0022.csv
513796055656,ACC#00001,USD,146847.84,DR,2023-04-06,2023-04-05,VOLERY 3292447666FP,TUP 239800896750166IFV /052/667690,ingest_batch_0022.csv
317165352968,ACC#00001,USD,-58707918.85,CR,2023-04-06,2023-04-05,VOLERY 3295500666FP,TUP 0C166008902071Q6REAVOWED/TH/MR,ingest_batch_0022.csv
634074333705,ACC#00001,USD,40000000.00,DR,2023-04-06,2023-04-05,VOLERY 3292224666FP,TUP 0C2DU00859610X66IFV /052/66069,ingest_batch_0022.csv
302894424811,ACC#00001,USD,88454.63,DR,2023-04-06,2023-04-05,KAVI118 2473266185VI,,ingest_batch_0022.csv
858813332180,ACC#00001,USD,40000000.00,DR,2023-04-06,2023-04-05,VOLERY 3292223666FP,TUP 0C2C900859610C66IFV /052/66069,ingest_batch_0022.csv
18459605351,ACC#00001,USD,50579000.00,DR,2023-04-06,2023-04-05,VOLERY 3292253666FP,TUP 0C2C600855280E66IFV /052/66669,ingest_batch_0022.csv
444928058578,ACC#00001,USD,40000000.00,DR,2023-04-06,2023-04-05,VOLERY 3292220666FP,TUP 0C42T00855239C66IFV /052/66669,ingest_batch_0022.csv
636616459682,ACC#00001,USD,58707918.85,DR,2023-04-06,2023-04-05,VOLERY 3295946666FP,TUP 0535V008902071Q6REAVOWED/TH/MR,ingest_batch_0022.csv
960443368156,ACC#00001,USD,40000000.00,DR,2023-04-06,2023-04-05,VOLERY 3292225666FP,TUP 0C2JR00859610V66IFV /052/66069,ingest_batch_0022.csv
880495210169,ACC#00001,USD,-307880.00,CR,2023-04-06,2023-04-05,VOLERY 3299782666FP,TUP 2T4V00890064766IFV /6606/50698,ingest_batch_0022.csv
812400463371,ACC#00001,USD,39830537.00,DR,2023-04-06,2023-04-05,VOLERY 3292221666FP,TUP 0C29466666666666IFV /052/66669,ingest_batch_0022.csv
76465789229,ACC#00001,USD,626903.34,DR,2023-04-06,2023-04-05,VOLERY 3292441666FP,TUP 239300896750366IFV /052/666690,ingest_batch_0022.csv
793904237814,ACC#00001,USD,40000000.00,DR,2023-04-06,2023-04-05,VOLERY 3292259666FP,TUP 0C50200855239X66IFV /052/66669,ingest_batch_0022.csv
130383669863,ACC#00001,USD,40000000.00,DR,2023-04-06,2023-04-05,VOLERY 3292252666FP,TUP 0C50800855239Q66IFV /052/66669,ingest_batch_0022.csv
161381897996,ACC#00001,USD,-58707918.85,CR,2023-04-06,2023-04-05,VOLERY 3295507666FP,TUP 0C160008902071C6REAVOWED/TH/MR,ingest_batch_0022.csv
284061653300,ACC#00001,USD,-149560.00,CR,2023-04-06,2023-04-05,VOLERY L-1415166185FW,ENCHODONTIDAE COUTHIER FOLKSY COIF,ingest_batch_0022.csv
89914798112,ACC#00001,USD,50579000.00,DR,2023-04-06,2023-04-05,VOLERY 3292257666FP,TUP 0C2FP00855280X66IFV /052/66669,ingest_batch_0022.csv
781776840235,ACC#00001,USD,40000000.00,DR,2023-04-06,2023-04-05,VOLERY 3292227666FP,TUP 0C45C00859610C66IFV /052/66069,ingest_batch_0022.csv
230846420800,ACC#00001,USD,50579000.00,DR,2023-04-06,2023-04-05,VOLERY 3292258666FP,TUP 0C2IB00855280V66IFV /052/66669,ingest_batch_0022.csv
783164940669,ACC#00001,USD,775653.00,DR,2023-04-06,2023-04-05,6629966185RN 6629966185RN,Y M TONITE ETHERIFIES GAB MURREY X,ingest_batch_0022.csv
82400674676,ACC#00001,USD,50579000.00,DR,2023-04-06,2023-04-05,VOLERY 3292250666FP,TUP 0C2YV00855280C66IFV /052/66669,ingest_batch_0022.csv
971886839438,ACC#00001,USD,50579000.00,DR,2023-04-06,2023-04-05,VOLERY 3292229666FP,TUP 0C2SF00855280C66IFV /052/66669,ingest_batch_0023.csv
990137237969,ACC#00001,USD,50579000.00,DR,2023-04-06,2023-04-05,VOLERY 3292291666FP,TUP 4PF900855280866IFV /052/666690,ingest_batch_0023.csv
802381738686,ACC#00001,USD,-4576046.46,CR,2023-04-06,2023-04-05,779726BW63778948 L-8216966183VI,JOQ TREPIDATORY WOLD HOTPOT UNRIP,ingest_batch_0023.csv
62249507221,ACC#00001,USD,-207.04,CR,2023-04-06,2023-04-05,FLOEY006364006 7756366185XD,CASTOR7KAES,ingest_batch_0023.csv
437616448867,ACC#00001,USD,50579000.00,DR,2023-04-06,2023-04-05,VOLERY 3292254666FP,TUP 0C2C000855280Z66IFV /052/66669,ingest_batch_0023.csv
763721877425,ACC#00001,USD,40000000.00,DR,2023-04-06,2023-04-05,VOLERY 3292222666FP,TUP 0C2PL00859610T66IFV /052/66069,ingest_batch_0023.csv
902099121938,ACC#00001,USD,-18617000.00,CR,2023-04-06,2023-04-05,VOLERY 3299643666FP,TUP 0SF5366666666666IFV /7613/JOQV,ingest_batch_0023.csv
943074359561,ACC#00001,USD,25.00,DR,2023-04-06,2023-04-05,VOLERY 3259550666FP,TUP JQO CARD DYES 07/00/69,ingest_batch_0023.csv
118862016066,ACC#00001,USD,-4400000.00,CR,2023-04-06,2023-04-05,1994003 6962569185WT,OPTOLOGY TYPY  CUDEIGH BANDI ZN 11,ingest_batch_0023.csv
937838806732,ACC#00001,USD,58707918.85,DR,2023-04-06,2023-04-05,VOLERY 3295939666FP,TUP 0532V008902071C6REAVOWED/TH/MR,ingest_batch_0023.csv
406770809425,ACC#00001,USD,50579000.00,DR,2023-04-06,2023-04-05,VOLERY 3292256666FP,TUP 0C2LR00855280Q66IFV /052/66669,ingest_batch_0023.csv
335157177714,ACC#00001,USD,-87992.86,CR,2023-04-06,2023-04-05,VOLERY 3295508666FP,TUP 0VG6066666666666REAVOWED/FIE/X,ingest_batch_0023.csv
402594804723,ACC#00001,USD,-175562317.20,CR,2023-04-06,2023-04-05,UV76080510708697 6918566307BY,TUP TO THEATRIZE ITS KOSALAN VI 69,ingest_batch_0023.csv
131691510984,ACC#00001,USD,-20.27,CR,2023-04-06,2023-04-05,BUTTERBUMP 1518166185XD,ONDINE TYPY C/S SCHOOLYARD  SI-069,ingest_batch_0023.csv
271620727162,ACC#00001,USD,29487.89,DR,2023-04-06,2023-04-05,VOLERY 3292244666FP,TUP 0Q93800896750C66IFV /052/66669,ingest_batch_0023.csv
19603468424,ACC#00001,USD,472.40,DR,2023-04-06,2023-04-05,VOLERY 3296639666FP,TUP FIE ORARY DYES 07/00/69,ingest_batch_0023.csv
183539473642,ACC#00001,USD,-329.25,CR,2023-04-06,2023-04-05,FLOEY006364006 7751966185XD,CASTOR7KAES,ingest_batch_0023.csv
327955780729,ACC#00001,USD,685764.10,DR,2023-04-06,2023-04-05,VOLERY 3292492666FP,TUP 523900897085066IFV /992/GAQY/6,ingest_batch_0023.csv
31878992895,ACC#00001,USD,40000000.00,DR,2023-04-06,2023-04-05,VOLERY 3292243666FP,TUP 0Q8HD00859610066IFV /052/66069,ingest_batch_0023.csv
251001501762,ACC#00001,USD,-3175.96,CR,2023-04-07,2023-04-06,VOLERY 3569342666FP,TUP 0811966666666666IFV /IMPALM RC,ingest_batch_0023.csv
59523822865,ACC#00001,USD,-5397679.19,CR,2023-04-07,2023-04-06,VOLERY 3569071666FP,TUP 0826T66666666666REAVOWED/FIE/X,ingest_batch_0023.csv
492624829798,ACC#00001,USD,1331119.18,DR,2023-04-07,2023-04-06,56966W5JL6 0485566189VI,,ingest_batch_0023.csv
24159062514,ACC#00001,USD,-21.08,CR,2023-04-07,2023-04-06,779726BW63126540 L-9029866185VI,JOQ TREPIDATORY WOLD HOTPOT UNRIP,ingest_batch_0023.csv
452604227959,ACC#00001,USD,50602800.00,DR,2023-04-07,2023-04-06,VOLERY 3569717666FP,TUP 2T4V008902209C6REAVOWED/WAMP 9,ingest_batch_0023.csv
952349388271,ACC#00001,USD,1703597.20,DR,2023-04-07,2023-04-06,56966W5JL6 0485566189VI,,ingest_batch_0023.csv
173698455496,ACC#00001,USD,-6390236.86,CR,2023-04-07,2023-04-06,7669070366013568 8210766189XD,ORTHICON TRIFOLY LEE 1601 TI FELLA,ingest_batch_0023.csv
516357721642,ACC#00001,USD,-54873.00,CR,2023-04-07,2023-04-06,MP67696907016006 6782169189WT,JINSHANG TOPFILLED TYPY FEW GIRE H,ingest_batch_0023.csv
451439533097,ACC#00001,USD,28726.51,DR,2023-04-07,2023-04-06,PHENARSINE 7064866189VI,,ingest_batch_0023.csv
885513564596,ACC#00001,USD,-334300.00,CR,2023-04-07,2023-04-06,VOLERY 6676566189FW,ARACHNIDA AVIARY STRICKS EFI BOSOM,ingest_batch_0023.csv
120413580481,ACC#00001,USD,-227700827.60,CR,2023-04-07,2023-04-06,UV70319060703697 6918966848BY,TUP TO THEATRIZE ITS KOSALAN VI 69,ingest_batch_0023.csv
379601374643,ACC#00001,USD,-9948545.50,CR,2023-04-07,2023-04-06,DHA69160 8333266189XD,BEYERITE NONREGULATIVE Q.D. 0602 R,ingest_batch_0024.csv
955712825397,ACC#00001,USD,-8934657.80,CR,2023-04-07,2023-04-06,7669070366078212 8060766189XD,ORTHICON TRIFOLY LEE 1601 TI FELLA,ingest_batch_0024.csv
598058834413,ACC#00001,USD,-50602800.00,CR,2023-04-07,2023-04-06,VOLERY 3565128666FP,TUP 2T4C008902494C6REAVOWED/VVV/E4,ingest_batch_0024.csv
248808294535,ACC#00001,USD,-320748.46,CR,2023-04-07,2023-04-06,4904966065280010 0964466189VI,DESINENT UPS FEW CITE FEW GIRE DP,ingest_batch_0024.csv
817934256069,ACC#00001,USD,9105.00,DR,2023-04-07,2023-03-29,GRANDPARENTAGE69 0619166189VI,,ingest_batch_0024.csv
934629291397,ACC#00001,USD,-8738310.00,CR,2023-04-07,2023-04-06,7669070366013561 8564666189XD,ORTHICON TRIFOLY LEE 1601 TI FELLA,ingest_batch_0024.csv
697024938005,ACC#00001,USD,25.00,DR,2023-04-07,2023-04-06,VOLERY 3299326666FP,TUP JQO CARD DYES 07/08/69,ingest_batch_0024.csv
110507371135,ACC#00001,USD,6176198.80,DR,2023-04-07,2023-04-06,VOLERY 3565623666FP,TUP 0820V66666666666IFV /IFV GOR F,ingest_batch_0024.csv
914069880222,ACC#00001,USD,141.69,DR,2023-04-07,2023-04-06,VMBB-2BIFER 7653966189VI,,ingest_batch_0024.csv
201336710500,ACC#00001,USD,12664.40,DR,2023-04-07,2023-04-06,6688366185RN 6688366185RN,SLATTERN OEV NYET PIRAYA POOH DP 0,ingest_batch_0024.csv
655005386286,ACC#00001,USD,50602800.00,DR,2023-04-07,2023-04-06,VOLERY 3569718666FP,TUP 2T21008902209Q6REAVOWED/WAMP 9,ingest_batch_0024.csv
959226431471,ACC#00001,USD,210.00,DR,2023-04-07,2023-04-06,LT32566W6WRAWL L-6193166189VI,,ingest_batch_0024.csv
55871666965,ACC#00001,USD,59920200.00,DR,2023-04-08,2023-04-07,VOLERY 3509141666FP,TUP 0652V008985177C6REAVOWED/WAMP,ingest_batch_0024.csv
764118694462,ACC#00001,USD,45768000.00,DR,2023-04-08,2023-04-07,VOLERY 3509146666FP,TUP 064V1008985746C6REAVOWED/WAMP,ingest_batch_0024.csv
956212294308,ACC#00001,USD,533692.00,DR,2023-04-08,2023-04-07,URBD-2DGHQJ 4135966136VI,,ingest_batch_0024.csv
431831872220,ACC#00001,USD,25.00,DR,2023-04-08,2023-04-07,VOLERY 3569521666FP,TUP JQO CARD DYES 07/03/69,ingest_batch_0024.csv
547557695427,ACC#00001,USD,54523800.00,DR,2023-04-08,2023-04-07,VOLERY 3509126666FP,TUP 0698166666666666REAVOWED/WAMP,ingest_batch_0024.csv
901925610031,ACC#00001,USD,64600000.00,DR,2023-04-08,2023-04-07,VOLERY 3509127666FP,TUP 069FP00898579066REAVOWED/WAMP,ingest_batch_0024.csv
663355416669,ACC#00001,USD,59920200.00,DR,2023-04-08,2023-04-07,VOLERY 3509147666FP,TUP 0652X008985177Q6REAVOWED/WAMP,ingest_batch_0024.csv
37923186330,ACC#00001,USD,-97902.59,CR,2023-04-08,2023-04-07,4904966777610145 4649966136VI,DESINENT UPS FEW CITE FEW GIRE DP,ingest_batch_0024.csv
444879912096,ACC#00001,USD,54523800.00,DR,2023-04-08,2023-04-07,VOLERY 3509148666FP,TUP 0691X66666666666REAVOWED/WAMP,ingest_batch_0024.csv
124843588601,ACC#00001,USD,79100000.00,DR,2023-04-08,2023-04-07,VOLERY 3509121666FP,TUP 069MH66666666666REAVOWED/WAMP,ingest_batch_0024.csv
483021241402,ACC#00001,USD,904104.00,DR,2023-04-08,2023-04-07,URBD-2DGHGN 4129366136VI,,ingest_batch_0024.csv
965074622211,ACC#00001,USD,-82000.00,CR,2023-04-08,2023-04-07,V216224660335508 8937466136VI,UPCLOSER SAUNT TYPY DE - ELUVIA CC,ingest_batch_0024.csv
571150449148,ACC#00001,USD,-57278.71,CR,2023-04-08,2023-04-07,4904966770588730 4649666136VI,DESINENT UPS FEW CITE FEW GIRE DP,ingest_batch_0024.csv
874254786414,ACC#00001,USD,54523800.00,DR,2023-04-08,2023-04-07,VOLERY 3509142666FP,TUP 0698666666666666REAVOWED/WAMP,ingest_batch_0024.csv
72865490836,ACC#00001,USD,60365000.00,DR,2023-04-08,2023-04-07,VOLERY 3509124666FP,TUP 06BV6008985885Q6REAVOWED/WAMP,ingest_batch_0024.csv
990800947113,ACC#00001,USD,4062.05,DR,2023-04-08,2023-04-07,VOLERY 3505067666FP,TUP 062DM66666666666IFV /052/66669,ingest_batch_0024.csv
831512537610,ACC#00001,USD,60365000.00,DR,2023-04-08,2023-04-07,VOLERY 3509122666FP,TUP 06BV0008985885C6REAVOWED/WAMP,ingest_batch_0024.csv
964413305418,ACC#00001,USD,28435.74,DR,2023-04-08,2023-04-07,VOLERY 3505061666FP,TUP 065KY66666666666IFV /052/66669,ingest_batch_0024.csv
932777066173,ACC#00001,USD,-4941577.10,CR,2023-04-08,2023-04-07,VOLERY 2689666136XD,FEW EXALTE PL N/H/F URARI VEX HENG,ingest_batch_0025.csv
900011109400,ACC#00001,USD,1705305.00,DR,2023-04-08,2023-04-07,URBD-2GORKI 4138066136VI,,ingest_batch_0025.csv
142547521488,ACC#00001,USD,-93807.25,CR,2023-04-08,2023-04-07,4904966009437839 4649066136VI,DESINENT UPS FEW CITE FEW GIRE DP,ingest_batch_0025.csv
201034705667,ACC#00001,USD,45768000.00,DR,2023-04-08,2023-04-07,VOLERY 3509140666FP,TUP 064V8008985746Q6REAVOWED/WAMP,ingest_batch_0025.csv
850190420230,ACC#00001,USD,-390937.13,CR,2023-04-08,2023-04-07,VOLERY 3509726666FP,TUP 07RTE66666666666REAVOWED/FIE/X,ingest_batch_0025.csv
190783657080,ACC#00001,USD,54523800.00,DR,2023-04-08,2023-04-07,VOLERY 3509149666FP,TUP 0698766666666666REAVOWED/WAMP,ingest_batch_0025.csv
352523856287,ACC#00001,USD,-7627.75,CR,2023-04-08,2023-04-07,VOLERY 3509494666FP,TUP 0729466666666666IFV /FICKLEST,ingest_batch_0025.csv
356979137618,ACC#00001,USD,54523800.00,DR,2023-04-08,2023-04-07,VOLERY 3509144666FP,TUP 0691V66666666666REAVOWED/WAMP,ingest_batch_0025.csv
756465832435,ACC#00001,USD,54523800.00,DR,2023-04-08,2023-04-07,VOLERY 3509128666FP,TUP 06JR3008985887N6REAVOWED/WAMP,ingest_batch_0025.csv
497254677676,ACC#00001,USD,54523800.00,DR,2023-04-08,2023-04-07,VOLERY 3509120666FP,TUP 0698866666666666REAVOWED/WAMP,ingest_batch_0025.csv
447836174043,ACC#00001,USD,-550970.00,CR,2023-04-08,2023-04-07,1525366617501185 3221466136VI,LO JO TONITE POLENTAS DISNEY BALAT,ingest_batch_0025.csv
156353901009,ACC#00001,USD,79100000.00,DR,2023-04-08,2023-04-07,VOLERY 3509125666FP,TUP 06IB666666666666REAVOWED/WAMP,ingest_batch_0025.csv
135992302508,ACC#00001,USD,-342175.36,CR,2023-04-08,2023-04-07,4904966065267307 4645466136VI,DESINENT UPS FEW CITE FEW GIRE DP,ingest_batch_0025.csv
343720349888,ACC#00001,USD,54523800.00,DR,2023-04-08,2023-04-07,VOLERY 3509145666FP,TUP 0698066666666666REAVOWED/WAMP,ingest_batch_0025.csv
495330084662,ACC#00001,USD,-36578240.00,CR,2023-04-08,2023-04-07,7669070466060897 1707966136XD,ORTHICON TRIFOLY LEE 1601 TI FELLA,ingest_batch_0025.csv
49466439752,ACC#00001,USD,-186001022.40,CR,2023-04-09,2023-04-08,UV78543490702697 6913066364BY,TUP TO THEATRIZE ITS KOSALAN VI 69,ingest_batch_0025.csv
265156934106,ACC#00001,USD,-147599.00,CR,2023-04-09,2023-04-08,VI6606231652 7203466130XD,CASTOR7ERIS,ingest_batch_0025.csv
211347792941,ACC#00001,USD,-49053704.00,CR,2023-04-09,2023-04-08,DHA69347 8166866130XD,BEYERITE NONREGULATIVE Q.D. 0602 R,ingest_batch_0025.csv
683585453693,ACC#00001,USD,1331737.05,DR,2023-04-09,2023-04-08,VOLERY 3575832666FP,TUP RD4666666666666IFV /992/TP0Z/6,ingest_batch_0025.csv
757267168870,ACC#00001,USD,-21910000.00,CR,2023-04-09,2023-04-08,ZYRENIAN 7196066130XD,JINSHANG TOPFILLED ENHAT TYPY GILL,ingest_batch_0025.csv
336698419549,ACC#00001,USD,-6539073.93,CR,2023-04-09,2023-04-08,VOLERY 3579815666FP,TUP 0153166666666666REAVOWED/PFC/N,ingest_batch_0025.csv
339424246853,ACC#00001,USD,1737137.21,DR,2023-04-09,2023-04-08,VOLERY 3575826666FP,TUP 290600897559066IFV /052/666690,ingest_batch_0025.csv
506030938713,ACC#00001,USD,-52000.00,CR,2023-04-09,2023-04-08,DISKNOW8DER69 6125066130VI,UPCLOSER SAUNT TYPY DE - ELUVIA CC,ingest_batch_0025.csv
842556414588,ACC#00001,USD,-301.57,CR,2023-04-09,2023-04-08,779726BW63126586 L-2213966136VI,JOQ TREPIDATORY WOLD HOTPOT UNRIP,ingest_batch_0025.csv
956507138202,ACC#00001,USD,9630741.49,DR,2023-04-09,2023-04-08,VOLERY 3579250666FP,TUP 0639866666666666REAVOWED/SLIME,ingest_batch_0025.csv
18823311296,ACC#00001,USD,25.00,DR,2023-04-09,2023-04-08,VOLERY 3576687666FP,TUP JQO CARD DYES 07/04/69,ingest_batch_0025.csv
76434367207,ACC#00001,USD,-127156.11,CR,2023-04-09,2023-04-08,VOLERY 3516616666FP,TUP 08KKV66666666666IFV /IMPALM RC,ingest_batch_0025.csv
808594456374,ACC#00001,USD,1881012.00,DR,2023-04-09,2023-04-08,URBD-2DFJDO 6317766130VI,,ingest_batch_0025.csv
369639068522,ACC#00001,USD,-595971608.10,CR,2023-04-09,2023-04-08,ICHTHYIZATION 8250466130XD,JV ROUTOUS LANOLINS FIEF BE,ingest_batch_0025.csv
275412747058,ACC#00001,USD,-855003.98,CR,2023-04-09,2023-04-08,VOLERY 3579819666FP,TUP 0153266666666666REAVOWED/PFC/N,ingest_batch_0025.csv
373648512701,ACC#00001,USD,-71635.22,CR,2023-04-09,2023-04-08,VOLERY 3516610666FP,TUP 035C066666666666IFV /GOR PUP F,ingest_batch_0025.csv
329160598090,ACC#00001,USD,410376.37,DR,2023-04-09,2023-04-08,VOLERY 3575845666FP,TUP 25X500897491366IFV /052/666690,ingest_batch_0025.csv
602913369280,ACC#00001,USD,800000.00,DR,2023-04-09,2023-04-08,URBD-2DFH1H 6374366130VI,,ingest_batch_0025.csv
946550991350,ACC#00001,USD,392.44,DR,2023-04-09,2023-04-08,VOLERY 3576777666FP,TUP FIE ORARY DYES 07/04/69,ingest_batch_0026.csv
87784271646,ACC#00001,USD,-12800380.00,CR,2023-04-09,2023-04-08,1525366617501185 0604066130VI,LO JO TONITE POLENTAS DISNEY BALAT,ingest_batch_0026.csv
809650621743,ACC#00001,USD,-39984030.00,CR,2023-04-09,2023-04-08,7669070266084985 3397566130XD,ORTHICON TRIFOLY LEE 1601 TI FELLA,ingest_batch_0026.csv
532106562135,ACC#00001,USD,132663682.60,DR,2023-04-09,2023-04-08,JOE690702-666102 L-3687766130LL,POTSTICK FEW GIRE DP 06681-6660,ingest_batch_0026.csv
211513552088,ACC#00001,USD,-66867.70,CR,2023-04-09,2023-04-08,VOLERY 3579881666FP,TUP 035DM66666666666REAVOWED/FIE/X,ingest_batch_0026.csv
680988532505,ACC#00001,USD,102.26,DR,2023-04-09,2023-04-08,URBD-2AUTO1 6571466130VI,,ingest_batch_0026.csv
115142406888,ACC#00001,USD,6535849.17,DR,2023-04-10,2023-04-09,VOLERY 3515123666FP,TUP 594500894722366IFV /7048/E 493,ingest_batch_0026.csv
793986370991,ACC#00001,USD,25.00,DR,2023-04-10,2023-04-09,VOLERY 3516133666FP,TUP JQO CARD DYES 07/02/69,ingest_batch_0026.csv
738894488303,ACC#00001,USD,-22447.53,CR,2023-04-10,2023-04-09,779726BW63126514 L-7622066130VI,JOQ TREPIDATORY WOLD HOTPOT UNRIP,ingest_batch_0026.csv
365315630517,ACC#00001,USD,-22353390.00,CR,2023-04-10,2023-04-09,7669070566033046 8207266137XD,ORTHICON TRIFOLY LEE 1601 TI FELLA,ingest_batch_0026.csv
212927273912,ACC#00001,USD,19158.61,DR,2023-04-10,2023-04-09,VOLERY 3515113666FP,TUP V9RN66666666666IFV /052/660690,ingest_batch_0026.csv
719756804326,ACC#00001,USD,-17672.30,CR,2023-04-10,2023-04-09,779726BW63126525 L-7657866130VI,JOQ TREPIDATORY WOLD HOTPOT UNRIP,ingest_batch_0026.csv
315249607318,ACC#00001,USD,-107.63,CR,2023-04-10,2023-04-09,322746AL68181250 3071866137VI,UPCLOSER SAUNT TYPY DE - ELUVIA CC,ingest_batch_0026.csv
496015000056,ACC#00001,USD,8035734.90,DR,2023-04-10,2023-04-09,VOLERY 3515181666FP,TUP 0696566666666666IFV /7048/E 49,ingest_batch_0026.csv
468977318490,ACC#00001,USD,716379271.80,DR,2023-04-10,2023-04-09,UI78543490705698 6913766856BY,TUP TO GORST ITS KOSALAN VI 690702,ingest_batch_0026.csv
859870731885,ACC#00001,USD,1736870.40,DR,2023-04-10,2023-04-09,VOLERY 3515184666FP,TUP 009T066666666666IFV /3/H 00908,ingest_batch_0026.csv
630870102633,ACC#00001,USD,579.00,DR,2023-04-10,2023-04-09,VOLERY 3516386666FP,TUP FIE ORARY DYES 07/02/69,ingest_batch_0026.csv
28569546984,ACC#00001,USD,-1736870.40,CR,2023-04-10,2023-04-09,VOLERY 3519213666FP,TUP 00VG466666666666IFV /7613 RIF,ingest_batch_0027.csv
118577688241,ACC#00001,USD,6600.00,DR,2023-04-10,2023-04-09,49066DV5R8 8978766137VI,,ingest_batch_0027.csv
900797690607,ACC#00001,USD,71909.40,DR,2023-04-10,2023-04-09,6303666183RN 6303666183RN,DESILT FGY TYPY OEV IODOHYDRIN Q0,ingest_batch_0027.csv
956251341883,ACC#00001,USD,-2687781.38,CR,2023-04-10,2023-04-09,BACKFIRING 8793366137VI,UPCLOSER SAUNT TYPY DE - ELUVIA CC,ingest_batch_0027.csv
453645177392,ACC#00001,USD,8383332.07,DR,2023-04-10,2023-04-09,VOLERY 3515188666FP,TUP 0696C66666666666IFV /7048/E 49,ingest_batch_0027.csv
680475259870,ACC#00001,USD,351279.00,DR,2023-04-10,2023-04-09,VMBB-2GAURA 8500666137VI,,ingest_batch_0027.csv
587944198579,ACC#00001,USD,-400.00,CR,2023-04-12,2023-04-09,07969070500 8820666137XD,ADE MISMETRE AMBLYGON S.C. LAUGHS,ingest_batch_0027.csv
854301098129,ACC#00001,USD,-190102.99,CR,2023-04-12,2023-04-06,VOLERY 3569071666FP,TUP 0826T66666666666REAVOWED/FIE/X,ingest_batch_0027.csv
81549440625,ACC#00001,USD,-210.00,CR,2023-04-13,2023-04-12,32566W6NOU L-4187966133LL,KI THATS SCAGS AUTUNIAN IPM TAMAL,ingest_batch_0027.csv
729676175212,ACC#00001,USD,-1172624.40,CR,2023-04-13,2023-04-12,CWM-1338811 6755366133VI,Y M TONITE SAUNT TYPY MOI 36736 HZ,ingest_batch_0027.csv
608442266667,ACC#00001,USD,-190890.52,CR,2023-04-13,2023-04-12,VOLERY 9117866133VI,JO TONITE AI  SIBYLLINE SIBYLLINE,ingest_batch_0027.csv
342927950144,ACC#00001,USD,25753.42,DR,2023-04-13,2023-04-12,VOLERY 3585371666FP,TUP 0186500894734C66IFV /052/66669,ingest_batch_0027.csv
943651109451,ACC#00001,USD,-2248143.70,CR,2023-04-13,2023-04-12,VOLERY 3589858666FP,TUP 0301466666666666REAVOWED/FIE/X,ingest_batch_0027.csv
846822415492,ACC#00001,USD,-922000000.00,CR,2023-04-13,2023-04-06,VOLERY 6666966133XY,UPCLOSER SAUNT TYPY DE - ELUVIA CC,ingest_batch_0027.csv
202671459950,ACC#00001,USD,4425753.00,DR,2023-04-13,2023-04-12,VMBB-2DRE7W 0022466133VI,,ingest_batch_0027.csv
551634775631,ACC#00001,USD,-9105.00,CR,2023-04-13,2023-04-12,GRANDPARENTAGE69 L-4663966131LL,Y M TONITE GOLACH NM LAMPAD HONKEY,ingest_batch_0027.csv
185460221561,ACC#00001,USD,-922000000.00,CR,2023-04-13,2023-04-12,VOLERY 6660766133XY,UPCLOSER SAUNT TYPY DE - ELUVIA CC,ingest_batch_0027.csv
298047224336,ACC#00001,USD,76000.00,DR,2023-04-13,2023-04-01,JOB690708-666698 L-4861166133LL,ALL TYPY AS FEW GIRE INCHER FEW BI,ingest_batch_0027.csv
472443160370,ACC#00001,USD,26791.40,DR,2023-04-13,2023-04-12,VOLERY 3585369666FP,TUP 294800894734166IFV /052/666690,ingest_batch_0027.csv
300069002496,ACC#00001,USD,-1000.00,CR,2023-04-13,2023-04-12,PETITION7MOG69 6222866133VI,UPCLOSER SAUNT TYPY DE - ELUVIA CC,ingest_batch_0027.csv
551546420274,ACC#00001,USD,1725514.31,DR,2023-04-13,2023-04-12,VOLERY 3585374666FP,TUP 08V1V66666666666IFV /FICKLEST,ingest_batch_0028.csv
728300623644,ACC#00001,USD,504.30,DR,2023-04-13,2023-04-12,VOLERY 3586192666FP,TUP FIE ORARY DYES 07/05/69,ingest_batch_0028.csv
899091004570,ACC#00001,USD,-42296139.40,CR,2023-04-13,2023-04-12,GYNOMONOECISM 6441166133VI,UPCLOSER SAUNT TYPY DE - ELUVIA CC,ingest_batch_0028.csv
342204503342,ACC#00001,USD,83851800.00,DR,2023-04-14,2023-04-13,VOLERY 3539199666FP,TUP FU3V008957599C6REAVOWED/WAMP 9,ingest_batch_0028.csv
967727587693,ACC#00001,USD,-128000000.00,CR,2023-04-14,2023-04-13,VOLERY 1470266134VI,JO TONITE AI  SIBYLLINE SIBYLLINE,ingest_batch_0028.csv
396655529404,ACC#00001,USD,-732227.86,CR,2023-04-14,2023-04-13,4904966695217790 8298666134VI,DESINENT UPS FEW CITE FEW GIRE DP,ingest_batch_0029.csv
379558164668,ACC#00001,USD,-676098.63,CR,2023-04-14,2023-04-13,4904966062564000 8298366134VI,DESINENT UPS FEW CITE FEW GIRE DP,ingest_batch_0029.csv
133649411506,ACC#00001,USD,69654200.00,DR,2023-04-14,2023-04-13,VOLERY 3539123666FP,TUP V37Q008957246Q6REAVOWED/WAMP 9,ingest_batch_0029.csv
346530291371,ACC#00001,USD,-323603.08,CR,2023-04-14,2023-04-13,4904966003041652 8298166134VI,DESINENT UPS FEW CITE FEW GIRE DP,ingest_batch_0029.csv
592254911632,ACC#00001,USD,25.00,DR,2023-04-14,2023-04-13,VOLERY 3536790666FP,TUP JQO CARD DYES 07/70/69,ingest_batch_0029.csv
861661979873,ACC#00001,USD,57257000.00,DR,2023-04-14,2023-04-13,VOLERY 3539194666FP,TUP FU8C008957598C6REAVOWED/WAMP 9,ingest_batch_0029.csv
411406800203,ACC#00001,USD,81645000.00,DR,2023-04-14,2023-04-13,VOLERY 3539153666FP,TUP V386008957259C6REAVOWED/WAMP 9,ingest_batch_0029.csv
767156996459,ACC#00001,USD,14703000.00,DR,2023-04-14,2023-04-13,VOLERY 3539192666FP,TUP FU8C008957598X6REAVOWED/WAMP 9,ingest_batch_0029.csv
730807927633,ACC#00001,USD,74524000.00,DR,2023-04-14,2023-04-13,VOLERY 3539868666FP,TUP FU4Q008957960X6REAVOWED/WAMP 9,ingest_batch_0029.csv
498349129295,ACC#00001,USD,-307942.99,CR,2023-04-14,2023-04-13,VOLERY 3539092666FP,TUP 078T866666666666REAVOWED/FIE/X,ingest_batch_0029.csv
504519469746,ACC#00001,USD,210000.00,DR,2023-04-14,2023-04-13,VOLERY 3535101666FP,TUP 00RM266666666666IFV /137/66669,ingest_batch_0029.csv
588949135720,ACC#00001,USD,646796.61,DR,2023-04-14,2023-04-13,VOLERY 3535759666FP,TUP 2T3T00892019466IFV /052/666690,ingest_batch_0029.csv
235883874497,ACC#00001,USD,69654200.00,DR,2023-04-14,2023-04-13,VOLERY 3539121666FP,TUP V379008957246C6REAVOWED/WAMP 9,ingest_batch_0029.csv
20744415238,ACC#00001,USD,69654200.00,DR,2023-04-14,2023-04-13,VOLERY 3539128666FP,TUP V37C008957246C6REAVOWED/WAMP 9,ingest_batch_0029.csv
764312688808,ACC#00001,USD,-593883.02,CR,2023-04-14,2023-04-13,4904966651603210 8293066134VI,DESINENT UPS FEW CITE FEW GIRE DP,ingest_batch_0029.csv
860484728552,ACC#00001,USD,83851800.00,DR,2023-04-14,2023-04-13,VOLERY 3539866666FP,TUP FU46008957599Q6REAVOWED/WAMP 9,ingest_batch_0029.csv
460658313604,ACC#00001,USD,1134.00,DR,2023-04-14,2023-04-13,IRGG-2DDJA3 3665266134VI,,ingest_batch_0029.csv
536595286030,ACC#00001,USD,691.26,DR,2023-04-14,2023-04-13,VOLERY 3536851666FP,TUP FIE ORARY DYES 07/70/69,ingest_batch_0029.csv
471111022515,ACC#00001,USD,-91538453.02,CR,2023-04-14,2023-04-13,4904966647303723 1656466133VI,DESINENT UPS FEW CITE FEW GIRE DP,ingest_batch_0029.csv
619914529973,ACC#00001,USD,-1331737.05,CR,2023-04-14,2023-04-13,VOLERY 3539287666FP,TUP 00T0V66666666666IFV /6992/TP0Z,ingest_batch_0029.csv
214450643041,ACC#00001,USD,1032785.57,DR,2023-04-14,2023-04-06,VOLERY 3565623666FP,TUP 0820V66666666666IFV /IFV GOR F,ingest_batch_0029.csv
105420654875,ACC#00001,USD,-2030.17,CR,2023-04-14,2023-04-13,VOLERY 8165066134VI,JO TONITE AI  SIBYLLINE SIBYLLINE,ingest_batch_0029.csv
604212128264,ACC#00001,USD,81645000.00,DR,2023-04-14,2023-04-13,VOLERY 3539154666FP,TUP V383008957259Q6REAVOWED/WAMP 9,ingest_batch_0029.csv
526896512190,ACC#00001,USD,57257000.00,DR,2023-04-14,2023-04-13,VOLERY 3539193666FP,TUP FU85008957598C6REAVOWED/WAMP 9,ingest_batch_0029.csv
864814783585,ACC#00001,USD,74524000.00,DR,2023-04-14,2023-04-13,VOLERY 3539861666FP,TUP FU45008957960Q6REAVOWED/WAMP 9,ingest_batch_0029.csv
134129076423,ACC#00001,USD,-506476.03,CR,2023-04-14,2023-04-13,4904966692137371 8291966134VI,DESINENT UPS FEW CITE FEW GIRE DP,ingest_batch_0029.csv
526990200893,ACC#00001,USD,74524000.00,DR,2023-04-14,2023-04-13,VOLERY 3539860666FP,TUP FU41008957960C6REAVOWED/WAMP 9,ingest_batch_0029.csv
766620503850,ACC#00001,USD,71732000.00,DR,2023-04-14,2023-04-13,VOLERY 3539151666FP,TUP V31C00895725366REAVOWED/WAMP 9,ingest_batch_0029.csv
265794664701,ACC#00001,USD,-1139146.75,CR,2023-04-14,2023-04-13,VOLERY 3539282666FP,TUP 0774266666666666IFV /IFV GOR C,ingest_batch_0029.csv
647295992541,ACC#00001,USD,91.22,DR,2023-04-14,2023-04-13,URBD-2DDEL4 8589366134VI,,ingest_batch_0029.csv
247232472141,ACC#00001,USD,46773500.00,DR,2023-04-14,2023-04-13,VOLERY 3539158666FP,TUP V31T008957222Q6REAVOWED/WAMP 9,ingest_batch_0029.csv
458296272157,ACC#00001,USD,-56682.20,CR,2023-04-14,2023-04-13,670666670 1265769134WT,ALL TYPY AS FEW GIRE INCHER FEW BI,ingest_batch_0029.csv
463615630215,ACC#00001,USD,74524000.00,DR,2023-04-14,2023-04-13,VOLERY 3539867666FP,TUP FU44008957960C6REAVOWED/WAMP 9,ingest_batch_0029.csv
107779924499,ACC#00001,USD,54000000.00,DR,2023-04-14,2023-04-13,VOLERY 3539155666FP,TUP V4KR00895756166REAVOWED/WAMP 9,ingest_batch_0029.csv
644468755976,ACC#00001,USD,60200000.00,DR,2023-04-14,2023-04-13,VOLERY 3539125666FP,TUP V317008957243Q6REAVOWED/WAMP 9,ingest_batch_0029.csv
969141537550,ACC#00001,USD,59000000.00,DR,2023-04-14,2023-04-13,VOLERY 3539863666FP,TUP FU4T008957960T6REAVOWED/WAMP 9,ingest_batch_0029.csv
191094069073,ACC#00001,USD,-443100.36,CR,2023-04-14,2023-04-13,4904966001069340 8567266134VI,DESINENT UPS FEW CITE FEW GIRE DP,ingest_batch_0029.csv
814390548697,ACC#00001,USD,-502484.90,CR,2023-04-14,2023-04-13,4904966062506801 8298266134VI,DESINENT UPS FEW CITE FEW GIRE DP,ingest_batch_0029.csv
53392900933,ACC#00001,USD,183508.41,DR,2023-04-14,2023-04-13,VOLERY 3535106666FP,TUP 06T3Q00892019C66IFV /052/66669,ingest_batch_0029.csv
879327453980,ACC#00001,USD,-685049.74,CR,2023-04-14,2023-04-13,4904966696843374 8293766134VI,DESINENT UPS FEW CITE FEW GIRE DP,ingest_batch_0029.csv
242136343712,ACC#00001,USD,-1400000.00,CR,2023-04-14,2023-04-13,ALME113443JOQG7U 0673541126,,ingest_batch_0029.csv
116104978050,ACC#00001,USD,-28022.26,CR,2023-04-14,2023-04-13,ICHTHYIZATION 1470266134XD,UNBILLED COLUMNATED SUBHEADINGS GP,ingest_batch_0029.csv
466097730156,ACC#00001,USD,-40629.33,CR,2023-04-14,2023-04-13,4904966647302106 8293666134VI,DESINENT UPS FEW CITE FEW GIRE DP,ingest_batch_0029.csv
313898904090,ACC#00001,USD,61772000.00,DR,2023-04-14,2023-04-13,VOLERY 3539127666FP,TUP V84100895723866REAVOWED/WAMP 9,ingest_batch_0029.csv
664163853533,ACC#00001,USD,-179337.74,CR,2023-04-14,2023-04-13,ICHTHYIZATION 1466466134XD,UNBILLED COLUMNATED SUBHEADINGS GP,ingest_batch_0029.csv
406441527202,ACC#00001,USD,439.00,DR,2023-04-14,2023-04-13,IRGG-2TAISH 3665166134VI,,ingest_batch_0029.csv
878163859479,ACC#00001,USD,-8105.38,CR,2023-04-14,2023-04-02,VOLERY 3255922666FP,TUP 0823C66666666666REAVOWED/FIE/X,ingest_batch_0029.csv
945848597841,ACC#00001,USD,46773500.00,DR,2023-04-14,2023-04-13,VOLERY 3539157666FP,TUP V319008957222C6REAVOWED/WAMP 9,ingest_batch_0029.csv
518988030653,ACC#00001,USD,439.00,DR,2023-04-14,2023-04-13,IRGG-2DOOLY 3665466134VI,,ingest_batch_0029.csv
657636104045,ACC#00001,USD,63298000.00,DR,2023-04-14,2023-04-13,VOLERY 3539152666FP,TUP V38X00895729466REAVOWED/WAMP 9,ingest_batch_0029.csv
775275632843,ACC#00001,USD,83851800.00,DR,2023-04-14,2023-04-13,VOLERY 3539195666FP,TUP FU3T008957599C6REAVOWED/WAMP 9,ingest_batch_0029.csv
577950875390,ACC#00001,USD,-76354.89,CR,2023-04-14,2023-04-13,VOLERY 3539203666FP,TUP 52Q100859080666IFV /6967/M6862,ingest_batch_0029.csv
990551011323,ACC#00001,USD,52509.58,DR,2023-04-15,2023-04-14,6878966110RN 6878966110RN,ALL TYPY AS FEW GIRE INCHER FEW BI,ingest_batch_0029.csv
881552505761,ACC#00001,USD,2178530.04,DR,2023-04-15,2023-04-14,VOLERY 3542554666FP,TUP 00Q2866666666666IFV /0380/8507,ingest_batch_0030.csv
198500897717,ACC#00001,USD,-5165434.89,CR,2023-04-15,2023-04-14,TRANSILLUMINATOR 5495766132VI,Y.M. TONITE ETHERIFIES EFI JOQGE U,ingest_batch_0030.csv
991355730573,ACC#00001,USD,776486409.60,DR,2023-04-15,2023-04-14,UI79080910771698 6913266337BY,TUP TO GORST ITS KOSALAN VI 690777,ingest_batch_0030.csv
640141580331,ACC#00001,USD,22905.96,DR,2023-04-15,2023-04-14,6826266183RN 6826266183RN,DESILT FGY TYPY OEV IODOHYDRIN Q0,ingest_batch_0030.csv
469929441135,ACC#00001,USD,57278.71,DR,2023-04-15,2023-04-14,49066DMNN0 5256066132VI,,ingest_batch_0030.csv
879661932871,ACC#00001,USD,9633.68,DR,2023-04-15,2023-04-14,VOLERY 3542515666FP,TUP 517100892556266IFV /052/666690,ingest_batch_0030.csv
32456906035,ACC#00001,USD,39974.80,DR,2023-04-15,2023-04-14,VOLERY 3542533666FP,TUP 0620400892529C66IFV /052/66669,ingest_batch_0030.csv
504273004627,ACC#00001,USD,-439.00,CR,2023-04-15,2023-04-13,IRGG-2TAISH L-2442766132LL,KI THATS SCAGS JURIDIC VIF NOUGHTS,ingest_batch_0030.csv
399219944332,ACC#00001,USD,-48902.68,CR,2023-04-15,2023-04-14,2924566652893864 4111066134VI,UPCLOSER SAUNT TYPY DE - ELUVIA CC,ingest_batch_0030.csv
57836375128,ACC#00001,USD,25.00,DR,2023-04-15,2023-04-14,VOLERY 3546646666FP,TUP JQO CARD DYES 07/77/69,ingest_batch_0030.csv
549558909083,ACC#00001,USD,-96230.18,CR,2023-04-15,2023-04-14,VOLERY 3549118666FP,TUP 00T0T66666666666IFV /TRAPNESTS,ingest_batch_0030.csv
749334164949,ACC#00001,USD,-2178530.04,CR,2023-04-15,2023-04-14,VOLERY 3549111666FP,TUP 00BV700895404166IFV /938/IBKK0,ingest_batch_0030.csv
261920523896,ACC#00001,USD,39000000.00,DR,2023-04-15,2023-04-14,VOLERY 3549689666FP,TUP 06V72008997337Q6REAVOWED/WAMP,ingest_batch_0030.csv
902781571430,ACC#00001,USD,516.18,DR,2023-04-15,2023-04-14,VOLERY 3546739666FP,TUP FIE ORARY DYES 07/77/69,ingest_batch_0030.csv
565439039960,ACC#00001,USD,-210157.39,CR,2023-04-15,2023-04-14,4904966011480773 5235066132VI,DESINENT UPS FEW CITE FEW GIRE DP,ingest_batch_0030.csv
216429429444,ACC#00001,USD,-144838.09,CR,2023-04-15,2023-04-14,VOLERY 3545964666FP,TUP 0768966666666666REAVOWED/FIE/X,ingest_batch_0030.csv
12136948861,ACC#00001,USD,-104000.01,CR,2023-04-15,2023-04-14,F3135882 6270369132WT,ACTOS GANSY TYPY VEX BEACHCOMB WO,ingest_batch_0030.csv
44583349019,ACC#00001,USD,21838801.28,DR,2023-04-15,2023-04-12,JOQ690770-667543 L-2809966132LL,X646603895 TONITE DRUMWOOD CG MG F,ingest_batch_0030.csv
743999963243,ACC#00001,USD,-21838801.28,CR,2023-04-15,2023-04-13,JOQ690770-667543 L-2809966132LL,JO TONITE OBS WOLD ELUVIA MYTHIC K,ingest_batch_0030.csv
659359581167,ACC#00001,USD,-76000.00,CR,2023-04-15,2023-04-14,091327441228 8289266132XD,ENCHODONTIDAE COUTHIER FOLKSY - 06,ingest_batch_0030.csv
509323332952,ACC#00001,USD,7062.98,DR,2023-04-15,2023-04-14,6738966113RN 6738966113RN,ALL TYPY AS FEW GIRE INCHER FEW BI,ingest_batch_0030.csv
153982906196,ACC#00001,USD,260153.90,DR,2023-04-15,2023-04-14,6145566132RN 6145566132RN,Y M TONITE ETHERIFIES GAB MURREY X,ingest_batch_0030.csv
780934785798,ACC#00001,USD,-3998389.00,CR,2023-04-15,2023-04-14,DHA06673 1656166132XD,BEYERITE NONREGULATIVE Q.D. 0602 R,ingest_batch_0030.csv
37293459096,ACC#00001,USD,-439.00,CR,2023-04-15,2023-04-13,IRGG-2DOOLY L-2443266132LL,KI THATS SCAGS JURIDIC VIF NOUGHTS,ingest_batch_0030.csv
455227568018,ACC#00001,USD,-1134.00,CR,2023-04-15,2023-04-13,IRGG-2DDJA3 L-2448266132LL,KI THATS SCAGS JURIDIC VIF NOUGHTS,ingest_batch_0030.csv
492710397431,ACC#00001,USD,39000000.00,DR,2023-04-15,2023-04-14,VOLERY 3549685666FP,TUP 06V78008997337C6REAVOWED/WAMP,ingest_batch_0030.csv
882213672553,ACC#00001,USD,-5434.59,CR,2023-04-15,2023-04-14,670666670 3315269132WT,ALL TYPY AS FEW GIRE INCHER FEW BI,ingest_batch_0030.csv
197735540283,ACC#00001,USD,-77955.00,CR,2023-04-15,2023-04-14,VOLERY 1380166132XD,PETTAH AMAINE CRYOCHORIC NM U-7930,ingest_batch_0030.csv
200316829906,ACC#00001,USD,-25.14,CR,2023-04-16,2023-04-15,322756AL61340861 0166766135VI,UPCLOSER SAUNT TYPY DE - ELUVIA CC,ingest_batch_0031.csv
860756781038,ACC#00001,USD,650461102.10,DR,2023-04-16,2023-04-15,UI16872550778698 6913566866BY,TUP TO GORST ITS KOSALAN VI 690771,ingest_batch_0031.csv
487348119220,ACC#00001,USD,1324334.59,DR,2023-04-16,2023-04-15,VOLERY 3522763666FP,TUP 06CLY66666666666IFV /TRAPNESTS,ingest_batch_0031.csv
764952532322,ACC#00001,USD,3749477.20,DR,2023-04-16,2023-04-15,VOLERY 3525008666FP,TUP 53V500899608666REAVOWED/WAMP 9,ingest_batch_0031.csv
700140833715,ACC#00001,USD,-281.70,CR,2023-04-16,2023-04-15,322746AL68793201 9543366132VI,UPCLOSER SAUNT TYPY DE - ELUVIA CC,ingest_batch_0031.csv
977000290078,ACC#00001,USD,4560.00,DR,2023-04-16,2023-04-15,6735866181RN 6735866181RN,AFTONIAN TRANSPORTAL TYPY OEV PIKI,ingest_batch_0031.csv
433742971503,ACC#00001,USD,-301358.07,CR,2023-04-16,2023-04-15,VOLERY 3525676666FP,TUP 06KIY66666666666REAVOWED/FIE/X,ingest_batch_0031.csv
572551225399,ACC#00001,USD,-43345.07,CR,2023-04-16,2023-04-15,VOLERY L-0472966132FW,URARI CANMAN BARAMIN KENSINGTON NM,ingest_batch_0031.csv
322230290928,ACC#00001,USD,10300.00,DR,2023-04-16,2023-04-15,6048666134RN 6048666134RN,66666666606947669 ELUVIA MYTHIC NR,ingest_batch_0031.csv
205582675035,ACC#00001,USD,25.00,DR,2023-04-16,2023-04-15,VOLERY 3549322666FP,TUP JQO CARD DYES 07/71/69,ingest_batch_0031.csv
413668265896,ACC#00001,USD,174.00,DR,2023-04-16,2023-04-15,6884066135RN 6884066135RN,AFTONIAN TRANSPORTAL TYPY OEV PIKI,ingest_batch_0031.csv
457838422248,ACC#00001,USD,58700000.00,DR,2023-04-16,2023-04-15,VOLERY 3525040666FP,TUP X041008993709T6REAVOWED/WAMP 9,ingest_batch_0031.csv
219081571242,ACC#00001,USD,58700000.00,DR,2023-04-16,2023-04-15,VOLERY 3525654666FP,TUP X045008993709V6REAVOWED/WAMP 9,ingest_batch_0031.csv
423009022135,ACC#00001,USD,58700000.00,DR,2023-04-16,2023-04-15,VOLERY 3525032666FP,TUP X03T008993709C6REAVOWED/WAMP 9,ingest_batch_0031.csv
198799210558,ACC#00001,USD,-229.20,CR,2023-04-16,2023-04-15,779726BW63778948 L-0438066135VI,JOQ TREPIDATORY WOLD HOTPOT UNRIP,ingest_batch_0031.csv
286584958105,ACC#00001,USD,58700000.00,DR,2023-04-16,2023-04-15,VOLERY 3525039666FP,TUP X040008993709X6REAVOWED/WAMP 9,ingest_batch_0031.csv
243589845843,ACC#00001,USD,446.55,DR,2023-04-16,2023-04-15,VOLERY 3549238666FP,TUP FIE ORARY DYES 07/71/69,ingest_batch_0031.csv
289092805574,ACC#00001,USD,-266.73,CR,2023-04-19,2023-04-09,BACKFIRING 8793366137VI,UPCLOSER SAUNT TYPY DE - ELUVIA CC,ingest_batch_0031.csv
291032121809,ACC#00001,USD,-1033345.97,CR,2023-04-20,2023-04-19,VOLERY 6664866147RN,UPCLOSER SAUNT TYPY DE - ELUVIA CC,ingest_batch_0031.csv
210477901007,ACC#00001,USD,-171029608.00,CR,2023-04-20,2023-04-19,UV10913840775697 6914766857BY,TUP TO THEATRIZE ITS KOSALAN VI 69,ingest_batch_0031.csv
264662042909,ACC#00001,USD,210928.50,DR,2023-04-20,2023-04-19,VOLERY 3554308666FP,TUP KKIY66666666666IFV /052/667690,ingest_batch_0031.csv
847377316880,ACC#00001,USD,574574.40,DR,2023-04-20,2023-04-19,VOLERY 3554301666FP,TUP LIJA66666666666IFV /052/660690,ingest_batch_0031.csv
214543439871,ACC#00001,USD,16962448.27,DR,2023-04-20,2023-04-19,VOLERY 3554303666FP,TUP 017KI66666666666IFV /FICKLEST,ingest_batch_0031.csv
132490037066,ACC#00001,USD,-873376.00,CR,2023-04-20,2023-04-19,OVEY 8811066147VI,UPCLOSER ETHERIFIES GAB FEW GIRE H,ingest_batch_0031.csv
135508352904,ACC#00001,USD,-950100.00,CR,2023-04-20,2023-04-19,1931061166459674 L-8128666147FW,ADDICT TYPY  VESTIBULE VESTIBULE S,ingest_batch_0032.csv
406215337411,ACC#00001,USD,-52.09,CR,2023-04-20,2023-04-14,F3135882 6270369132WT,ACTOS GANSY TYPY VEX BEACHCOMB WO,ingest_batch_0032.csv
816879482986,ACC#00001,USD,-1172466.33,CR,2023-04-20,2023-04-13,VOLERY 3539282666FP,TUP 0774266666666666IFV /IFV GOR C,ingest_batch_0032.csv
86621584475,ACC#00001,USD,258.00,DR,2023-04-20,2023-04-19,VOLERY 3525289666FP,TUP FIE ORARY DYES 07/78/69,ingest_batch_0032.csv
527452195706,ACC#00001,USD,-17050034.18,CR,2023-04-20,2023-04-19,VOLERY 3552080666FP,TUP 06C1C66666666666REAVOWED/FIE/X,ingest_batch_0032.csv
457919995001,ACC#00001,USD,-743500.00,CR,2023-04-20,2023-04-19,OVEY 8817266147VI,UPCLOSER ETHERIFIES GAB FEW GIRE H,ingest_batch_0032.csv
307111928730,ACC#00001,USD,25.00,DR,2023-04-20,2023-04-19,VOLERY 3525328666FP,TUP JQO CARD DYES 07/78/69,ingest_batch_0032.csv
102435766684,ACC#00001,USD,-21837530.00,CR,2023-04-21,2023-04-20,7669077966046730 8132066141XD,ORTHICON TRIFOLY LEE 1601 TI FELLA,ingest_batch_0032.csv
168150528047,ACC#00001,USD,25.00,DR,2023-04-21,2023-04-20,VOLERY 3552392666FP,TUP JQO CARD DYES 07/75/69,ingest_batch_0032.csv
503482536355,ACC#00001,USD,73695.49,DR,2023-04-21,2023-04-20,VOLERY 3593039666FP,TUP 54C100899986966IFV /052/667690,ingest_batch_0032.csv
383825709554,ACC#00001,USD,-446754442.00,CR,2023-04-21,2023-04-20,UV11061050779697 6914166895BY,TUP TO THEATRIZE ITS KOSALAN VI 69,ingest_batch_0032.csv
166288517207,ACC#00001,USD,34083.81,DR,2023-04-21,2023-04-20,VOLERY 3593043666FP,TUP V4C166666666666IFV /052/667690,ingest_batch_0032.csv
658704492970,ACC#00001,USD,-5729.59,CR,2023-04-21,2023-04-20,37266DIYGO L-6358966141LL,KI THATS SCAGS AUTUNIAN IPM TAMAL,ingest_batch_0032.csv
576843164017,ACC#00001,USD,539.70,DR,2023-04-21,2023-04-20,VOLERY 3593041666FP,TUP V01166666666666IFV /052/667690,ingest_batch_0032.csv
905170536003,ACC#00001,USD,28482.30,DR,2023-04-21,2023-04-20,VOLERY 3593041666FP,TUP V01166666666666IFV /052/667690,ingest_batch_0032.csv
178823055586,ACC#00001,USD,-76.30,CR,2023-04-21,2023-04-20,32566W6KR2 L-6842966141LL,KI THATS SCAGS AUTUNIAN IPM TAMAL,ingest_batch_0032.csv
741798896692,ACC#00001,USD,-145.48,CR,2023-04-21,2023-03-25,779756BW61370892 L-4235766114VI,JOQ TREPIDATORY WOLD HOTPOT UNRIP,ingest_batch_0032.csv
119390931185,ACC#00001,USD,-115123.29,CR,2023-04-21,2023-04-20,779726BW63778948 L-3867966147VI,JOQ TREPIDATORY WOLD HOTPOT UNRIP,ingest_batch_0032.csv
442712709889,ACC#00001,USD,-1482708.00,CR,2023-04-21,2023-04-20,BROID 5217366141MT,UNPARTOOK TYPY MENT Q-0706 ERICIUS,ingest_batch_0032.csv
524499538118,ACC#00001,USD,-618884.00,CR,2023-04-21,2023-04-20,BROID 5217866141MT,UNPARTOOK TYPY MENT Q-0706 ERICIUS,ingest_batch_0032.csv
935912732205,ACC#00001,USD,4718.00,DR,2023-04-21,2023-04-20,FORAMINOSE L-8073266147VI,,ingest_batch_0032.csv
776176771696,ACC#00001,USD,359.17,DR,2023-04-21,2023-04-20,VOLERY 3552245666FP,TUP FIE ORARY DYES 07/75/69,ingest_batch_0033.csv
14918506043,ACC#00001,USD,25.00,DR,2023-04-22,2023-04-21,VOLERY 3594495666FP,TUP JQO CARD DYES 07/79/69,ingest_batch_0033.csv
289329533937,ACC#00001,USD,200.00,DR,2023-04-22,2023-04-21,VOLERY 3594528666FP,TUP FIE ORARY DYES 07/79/69,ingest_batch_0033.csv
238782832607,ACC#00001,USD,-211.07,CR,2023-04-22,2023-04-20,779726BW63778948 L-3867966147VI,JOQ TREPIDATORY WOLD HOTPOT UNRIP,ingest_batch_0033.csv
566979643477,ACC#00001,USD,-2254473.30,CR,2023-04-22,2023-04-21,GYNOMONOECISM 0806566148VI,UPCLOSER SAUNT TYPY DE - ELUVIA CC,ingest_batch_0033.csv
821481585973,ACC#00001,USD,2253547.20,DR,2023-04-22,2023-04-21,GYNOMONOECISM 0862766148VI,,ingest_batch_0033.csv
26621883146,ACC#00001,USD,107739.07,DR,2023-04-22,2023-04-21,GYNOMONOECISM 0832866148VI,,ingest_batch_0033.csv
858942612143,ACC#00001,USD,-1333729.29,CR,2023-04-22,2023-04-21,VOLERY 6118866148RN,Y M TONITE ETHERIFIES GAB MURREY X,ingest_batch_0033.csv
613935484255,ACC#00001,USD,2111467.40,DR,2023-04-22,2023-04-21,GYNOMONOECISM 0864966148VI,,ingest_batch_0033.csv
77256752044,ACC#00001,USD,170228.46,DR,2023-04-22,2023-04-21,GYNOMONOECISM 0889166148VI,,ingest_batch_0033.csv
97211669787,ACC#00001,USD,1333729.32,DR,2023-04-22,2023-04-21,6122266148RN 6122266148RN,DUPPY YO UNSOLACED MAECENAS HURA H,ingest_batch_0033.csv
934275922461,ACC#00001,USD,-104746300.00,CR,2023-04-22,2023-04-21,C487159GRF071669 1060166148XD,EVV NM 0187 HEMICRANY,ingest_batch_0033.csv
86005880480,ACC#00001,USD,-2114700.25,CR,2023-04-22,2023-04-21,GYNOMONOECISM 0831266148VI,UPCLOSER SAUNT TYPY DE - ELUVIA CC,ingest_batch_0033.csv
603755345326,ACC#00001,USD,-221206.40,CR,2023-04-22,2023-04-12,372506AL65892131 0845866148VI,UPCLOSER SAUNT TYPY DE - ELUVIA CC,ingest_batch_0033.csv
247051110705,ACC#00001,USD,1210.95,DR,2023-04-22,2023-04-21,6744766148RN 6744766148RN,INVESTIENT LAO ETHERIFIES ELUVIA T,ingest_batch_0033.csv
38828369467,ACC#00001,USD,-181930.00,CR,2023-04-22,2023-04-21,VOLERY 6039966148VI,UPCLOSER SAUNT TYPY TANTUM TANTUM,ingest_batch_0033.csv
93363527550,ACC#00001,USD,70635.46,DR,2023-04-22,2023-04-21,GYNOMONOECISM 0862666148VI,,ingest_batch_0033.csv
901896238663,ACC#00001,USD,43345.07,DR,2023-04-22,2023-04-06,JOE690704-666065 L-0600766148LL,X6606947669 ELUVIA MYTHIC ERYSIBE,ingest_batch_0033.csv
671557433904,ACC#00001,USD,-7451113.43,CR,2023-04-22,2023-04-21,GYNOMONOECISM 0100766148VI,UPCLOSER SAUNT TYPY DE - ELUVIA CC,ingest_batch_0033.csv
818674308387,ACC#00001,USD,113591.46,DR,2023-04-22,2023-04-19,VOLERY 3554303666FP,TUP 017KI66666666666IFV /FICKLEST,ingest_batch_0033.csv
383075025163,ACC#00001,USD,28413.83,DR,2023-04-22,2023-04-21,77966DHY6Y 0971066148VI,,ingest_batch_0033.csv
678711334373,ACC#00001,USD,27118.50,DR,2023-04-22,2023-04-21,VOLERY 3968021666FP,TUP 00T2466666666666IFV /ABOX PUP,ingest_batch_0033.csv
532189816684,ACC#00001,USD,361664.00,DR,2023-04-22,2023-04-21,37266DM2IW 6565866148VI,,ingest_batch_0033.csv
27291109350,ACC#00001,USD,-217993.40,CR,2023-04-22,2023-04-21,VOLERY 3963384666FP,TUP 077Q766666666666REAVOWED/FIE/X,ingest_batch_0033.csv
131488507057,ACC#00001,USD,63296.00,DR,2023-04-22,2023-04-21,37266DM2B7 6565166148VI,,ingest_batch_0033.csv
754932386317,ACC#00001,USD,-3099.97,CR,2023-04-22,2023-04-21,GYNOMONOECISM 0806966148VI,UPCLOSER SAUNT TYPY DE - ELUVIA CC,ingest_batch_0033.csv
820251150762,ACC#00001,USD,7544.39,DR,2023-04-22,2023-04-21,V473483911614912 6272866148VI,,ingest_batch_0033.csv
765426648096,ACC#00001,USD,302989.90,DR,2023-04-22,2023-04-21,GYNOMONOECISM 0862066148VI,,ingest_batch_0033.csv
368033045401,ACC#00001,USD,-2028.80,CR,2023-04-22,2023-04-21,WEARISOMENESS L-6452966148FS,UPCLOSER SAUNT TYPY H C FEED VOID,ingest_batch_0033.csv
12901780668,ACC#00001,USD,139728.54,DR,2023-04-23,2023-04-22,77966DE7CG 3015266143VI,,ingest_batch_0033.csv
976872027627,ACC#00001,USD,301004623.60,DR,2023-04-23,2023-04-22,UI18005240710698 6914366358BY,TUP TO GORST ITS KOSALAN VI 690716,ingest_batch_0033.csv
353077804329,ACC#00001,USD,2352694.80,DR,2023-04-23,2023-04-22,VOLERY 3908619666FP,TUP 07WEA66666666666IFV /TRAPNESTS,ingest_batch_0033.csv
857143741536,ACC#00001,USD,-28413.83,CR,2023-04-23,2023-04-22,779726BW63795408 L-8491866143VI,JOQ TREPIDATORY WOLD HOTPOT UNRIP,ingest_batch_0033.csv
828703343302,ACC#00001,USD,-4000000.00,CR,2023-04-23,2023-04-22,VOLERY 3908971666FP,TUP 5367003606396V6REAVOWED/SLIME,ingest_batch_0033.csv
783213930284,ACC#00001,USD,-65857.51,CR,2023-04-23,2023-04-22,VOLERY 3903675666FP,TUP 0181C66666666666REAVOWED/FIE/X,ingest_batch_0033.csv
789446174534,ACC#00001,USD,-61940.63,CR,2023-04-23,2023-04-22,VOLERY 3903108666FP,TUP 07XD766666666666IFV /7613 RIF,ingest_batch_0034.csv
133391678050,ACC#00001,USD,210200.74,DR,2023-04-23,2023-04-22,VOLERY 3908611666FP,TUP 0717866666666666IFV /052/JOQGE,ingest_batch_0034.csv
448636178831,ACC#00001,USD,-911993.83,CR,2023-04-23,2023-04-22,VOLERY 1347366143CQ,DUPPY YO UNSOLACED MAECENAS HURA H,ingest_batch_0034.csv
657526238290,ACC#00001,USD,-12451.16,CR,2023-04-23,2023-04-22,OGU 0299466143XD,TYPY AS SCAREFUL STEINBOCK,ingest_batch_0034.csv
964345590345,ACC#00001,USD,-27280.90,CR,2023-04-23,2023-04-22,VOLERY 3903103666FP,TUP 07PPB66666666666IFV /7613 RIF,ingest_batch_0034.csv
599262099994,ACC#00001,USD,-2116.07,CR,2023-04-23,2023-04-22,06CJ5ALY9XANTHAN 8873869143WT,FWD AI MADRASAH TECUMA MADRASAH BL,ingest_batch_0034.csv
840709622486,ACC#00001,USD,195.00,DR,2023-04-23,2023-04-22,VOLERY 3964184666FP,TUP FIE ORARY DYES 07/16/69,ingest_batch_0034.csv
212666609872,ACC#00001,USD,-295.00,CR,2023-04-23,2023-04-22,LT61382422LO L-0321866143LL,KI THATS SCAGS AUTUNIAN IPM TAMAL,ingest_batch_0034.csv
200129552558,ACC#00001,USD,25.00,DR,2023-04-23,2023-04-22,VOLERY 3964049666FP,TUP JQO CARD DYES 07/16/69,ingest_batch_0034.csv
580725012654,ACC#00001,USD,-91046.84,CR,2023-04-23,2023-04-22,VOLERY 3903101666FP,TUP 07V5V66666666666IFV /7613 RIF,ingest_batch_0034.csv
798050985830,ACC#00001,USD,911993.83,DR,2023-04-23,2023-04-22,6380966143RN 6380966143RN,Y M TONITE ETHERIFIES GAB MURREY X,ingest_batch_0034.csv
920156147944,ACC#00001,USD,-158983.40,CR,2023-04-23,2023-04-22,779726BW63139658 L-8491766143VI,JOQ TREPIDATORY WOLD HOTPOT UNRIP,ingest_batch_0034.csv
348089882891,ACC#00001,USD,151.55,DR,2023-04-23,2023-04-22,VOLERY 3908618666FP,TUP 07C1T66666666666IFV /IND PALMA,ingest_batch_0034.csv
877681886761,ACC#00001,USD,-259.90,CR,2023-04-26,2023-04-12,372506AL65892131 0845866148VI,UPCLOSER SAUNT TYPY DE - ELUVIA CC,ingest_batch_0034.csv
773063504217,ACC#00001,USD,746890.32,DR,2023-04-27,2023-04-26,GYNOMONOECISM 5899066668VI,,ingest_batch_0034.csv
995924198084,ACC#00001,USD,51498000.00,DR,2023-04-27,2023-04-26,VOLERY 3974718666FP,TUP X8PF003677123C6REAVOWED/WAMP 9,ingest_batch_0034.csv
895902772184,ACC#00001,USD,17362600.00,DR,2023-04-27,2023-04-26,VOLERY 3974712666FP,TUP X36500367719766REAVOWED/WAMP 9,ingest_batch_0034.csv
653725428723,ACC#00001,USD,-361664.00,CR,2023-04-27,2023-04-26,37266DM2IW L-7864866668LL,KI THATS SCAGS AUTUNIAN IPM TAMAL,ingest_batch_0034.csv
679954169471,ACC#00001,USD,-321773.61,CR,2023-04-27,2023-04-26,VOLERY 3974354666FP,TUP 0787666666666666IFV /IMPALM RC,ingest_batch_0035.csv
455506901567,ACC#00001,USD,-121680.38,CR,2023-04-27,2023-04-26,VOLERY 7415766668CQ,DUPPY YO UNSOLACED MAECENAS HURA H,ingest_batch_0035.csv
923068129653,ACC#00001,USD,69112800.00,DR,2023-04-27,2023-04-26,VOLERY 3974736666FP,TUP MH00003677898E6REAVOWED/WAMP 9,ingest_batch_0035.csv
775661375412,ACC#00001,USD,69112800.00,DR,2023-04-27,2023-04-26,VOLERY 3974784666FP,TUP MH6X003677898C6REAVOWED/WAMP 9,ingest_batch_0035.csv
657855823448,ACC#00001,USD,69112800.00,DR,2023-04-27,2023-04-26,VOLERY 3974730666FP,TUP MH07003677898V6REAVOWED/WAMP 9,ingest_batch_0035.csv
390601942777,ACC#00001,USD,49677900.00,DR,2023-04-27,2023-04-26,VOLERY 3974780666FP,TUP X530003677839C6REAVOWED/WAMP 9,ingest_batch_0035.csv
219591656885,ACC#00001,USD,49677900.00,DR,2023-04-27,2023-04-26,VOLERY 3974781666FP,TUP X53C003677839Q6REAVOWED/WAMP 9,ingest_batch_0035.csv
16796813269,ACC#00001,USD,-1473453.72,CR,2023-04-27,2023-04-26,164324187 2057369668WT,HAFIZ GOWLAN TYPY BUT YARAY VOLENT,ingest_batch_0035.csv
905297203033,ACC#00001,USD,69112800.00,DR,2023-04-27,2023-04-26,VOLERY 3974782666FP,TUP MH6T003677898Q6REAVOWED/WAMP 9,ingest_batch_0035.csv
15278888920,ACC#00001,USD,35161000.00,DR,2023-04-27,2023-04-26,VOLERY 3974711666FP,TUP C4C300367773066REAVOWED/WAMP 9,ingest_batch_0035.csv
8574850897,ACC#00001,USD,336125.16,DR,2023-04-27,2023-04-26,VOLERY 3974768666FP,TUP 2Q5200366903166REAVOWED/TEAD/C,ingest_batch_0035.csv
388272033605,ACC#00001,USD,42264700.00,DR,2023-04-27,2023-04-26,VOLERY 3974714666FP,TUP X366003677123Q6REAVOWED/WAMP 9,ingest_batch_0035.csv
345032284370,ACC#00001,USD,423186.89,DR,2023-04-27,2023-04-26,VOLERY 3973072666FP,TUP 0743166666666666IFV /FICKLEST,ingest_batch_0035.csv
226644608794,ACC#00001,USD,69112800.00,DR,2023-04-27,2023-04-26,VOLERY 3974737666FP,TUP MH08003677898T6REAVOWED/WAMP 9,ingest_batch_0035.csv
338639914131,ACC#00001,USD,-18998.80,CR,2023-04-27,2023-04-26,4904966671373096 3994866143VI,DESINENT UPS FEW CITE FEW GIRE DP,ingest_batch_0035.csv
534030144396,ACC#00001,USD,-168719.47,CR,2023-04-27,2023-04-26,779726BW63139658 L-4203466660VI,JOQ TREPIDATORY WOLD HOTPOT UNRIP,ingest_batch_0035.csv
223955878833,ACC#00001,USD,69112800.00,DR,2023-04-27,2023-04-26,VOLERY 3974783666FP,TUP MH6C003677898C6REAVOWED/WAMP 9,ingest_batch_0035.csv
209340310731,ACC#00001,USD,-572846904.60,CR,2023-04-27,2023-04-26,UV14521216068067 0666866338BY,TUP TO THEATRIZE ITS KOSALAN VI 06,ingest_batch_0035.csv
136751104848,ACC#00001,USD,69112800.00,DR,2023-04-27,2023-04-26,VOLERY 3974785666FP,TUP MH6V003677898X6REAVOWED/WAMP 9,ingest_batch_0035.csv
738103138723,ACC#00001,USD,-303465.10,CR,2023-04-27,2023-04-26,VOLERY 3974680666FP,TUP 0725766666666666REAVOWED/FIE/X,ingest_batch_0035.csv
965312786043,ACC#00001,USD,49677900.00,DR,2023-04-27,2023-04-26,VOLERY 3974787666FP,TUP X535003677839C6REAVOWED/WAMP 9,ingest_batch_0035.csv
165446347930,ACC#00001,USD,-3742.68,CR,2023-04-28,2023-02-25,322756AL61384149 7396466663VI,UPCLOSER SAUNT TYPY DE - ELUVIA CC,ingest_batch_0035.csv
312163459411,ACC#00001,USD,195.75,DR,2023-04-28,2023-04-27,VOLERY 3974919666FP,TUP FIE ORARY DYES 60/68/06,ingest_batch_0035.csv
170306958973,ACC#00001,USD,-4718.00,CR,2023-04-28,2023-04-27,FORAMINOSE L-7289466663LL,UPCLOSER SAUNT TYPY DE - ELUVIA CC,ingest_batch_0036.csv
348992748361,ACC#00001,USD,2597987.00,DR,2023-04-28,2023-04-27,VOLERY 3913320666FP,TUP 57Q900367686866EU AS UDV/MINOR,ingest_batch_0036.csv
905344808524,ACC#00001,USD,-41.11,CR,2023-04-28,2023-04-27,HASTELESSNESS 1079066663XD,ENCHODONTIDAE COUTHIER FOLKSY - 06,ingest_batch_0036.csv
458293092465,ACC#00001,USD,-79225116.74,CR,2023-04-28,2023-04-27,UV15805266063067 0666366848BY,TUP TO THEATRIZE ITS KOSALAN VI 06,ingest_batch_0036.csv
108385687290,ACC#00001,USD,-80.90,CR,2023-04-28,2023-04-27,HM0849447H661 1955166663FW,NONIC WILLI MIZE DODECASTYLE BLITZ,ingest_batch_0036.csv
298380918972,ACC#00001,USD,1473453.72,DR,2023-04-28,2023-04-27,B6172-63OHV06 L-7515966663LL,HAFIZ VC LES KAMBOU AP 67764-3360,ingest_batch_0036.csv
844037131438,ACC#00001,USD,-4198.00,CR,2023-04-28,2023-04-27,LITHOPHYTE 7849066663VI,UPCLOSER SAUNT TYPY DE - ELUVIA CC,ingest_batch_0036.csv
483423254349,ACC#00001,USD,-14758.00,CR,2023-04-28,2023-04-27,VOLERY 3913594666FP,TUP 071T966666666666IFV /IND PALMA,ingest_batch_0036.csv
131149222710,ACC#00001,USD,563.22,DR,2023-04-28,2023-04-27,VOLERY 3918364666FP,TUP C13766666666666IFV /7613/FIE H,ingest_batch_0036.csv
634202613371,ACC#00001,USD,-63296.00,CR,2023-04-28,2023-04-13,3726966663741876 7133866663VI,UPCLOSER SAUNT TYPY DE - ELUVIA CC,ingest_batch_0036.csv
159423175217,ACC#00001,USD,128.21,DR,2023-04-29,2023-04-28,VOLERY 3914104666FP,TUP FIE ORARY DYES 60/63/06,ingest_batch_0036.csv
344424346890,ACC#00001,USD,950100.00,DR,2023-04-29,2023-04-27,JOQ066068-667750 2369166664NZ,,ingest_batch_0036.csv
697944282793,ACC#00001,USD,127571.00,DR,2023-04-29,2023-04-28,URBD-2NKU3E 4236466664VI,,ingest_batch_0036.csv
217574689992,ACC#00001,USD,-137121.41,CR,2023-04-29,2023-04-28,779726BW63714813 L-8007266663VI,JOQ TREPIDATORY WOLD HOTPOT UNRIP,ingest_batch_0036.csv
308987469417,ACC#00001,USD,-1772849.92,CR,2023-04-29,2023-04-28,ICHTHYIZATION 1208966664XD,DL LANOLINS MISCONTINUANCE ALL IPL,ingest_batch_0036.csv
483599516560,ACC#00001,USD,-563.00,CR,2023-04-29,2023-04-28,VOLERY 3983549666FP,TUP X31566666666666IFV /7613/JQE 6,ingest_batch_0036.csv
44529171384,ACC#00001,USD,42600.00,DR,2023-04-29,2023-04-28,56966DQP4U 4138166664VI,,ingest_batch_0036.csv
357097655556,ACC#00001,USD,31324697.37,DR,2023-04-29,2023-04-28,VOLERY 3983813666FP,TUP 2V3V00361069866EU AS UDV/MINOR,ingest_batch_0036.csv
533159500625,ACC#00001,USD,70480400.00,DR,2023-04-29,2023-04-28,VOLERY 3983831666FP,TUP DG00003688669Q6REAVOWED/WAMP 9,ingest_batch_0036.csv
625338815953,ACC#00001,USD,-738120.00,CR,2023-04-29,2023-04-28,V029561366815432 4616066664VI,UPCLOSER SAUNT TYPY DE - ELUVIA CC,ingest_batch_0036.csv
826069002239,ACC#00001,USD,3080953.77,DR,2023-04-29,2023-04-28,VOLERY 3983812666FP,TUP 2V4800361001066REAVOWED/UNCOIN,ingest_batch_0036.csv
393725501297,ACC#00001,USD,8175196.32,DR,2023-04-29,2023-04-28,VOLERY 3983811666FP,TUP 2V7200361066966EU AS UDV/MINOR,ingest_batch_0036.csv
392149342665,ACC#00001,USD,-308000.00,CR,2023-04-29,2023-04-07,QUINQUESEPTATE69 4068566664VI,DESINENT UPS FEW CITE FEW GIRE DP,ingest_batch_0036.csv
29661003498,ACC#00001,USD,-93484.81,CR,2023-04-29,2023-04-28,VOLERY 3983784666FP,TUP 07C2666666666666REAVOWED/FIE/X,ingest_batch_0036.csv
690143024777,ACC#00001,USD,11837681.17,DR,2023-04-29,2023-04-28,VOLERY 3983836666FP,TUP T99V66666666666EU AS UDV/SPROD,ingest_batch_0036.csv
960416787251,ACC#00001,USD,133001.98,DR,2023-04-29,2023-04-28,NEVO-2NKE3D 4285066664VI,,ingest_batch_0036.csv
739629768292,ACC#00001,USD,70480400.00,DR,2023-04-29,2023-04-28,VOLERY 3983833666FP,TUP DG01003688669X6REAVOWED/WAMP 9,ingest_batch_0037.csv
946525737698,ACC#00001,USD,70480400.00,DR,2023-04-29,2023-04-28,VOLERY 3983837666FP,TUP DG06003688669C6REAVOWED/WAMP 9,ingest_batch_0037.csv
899090534981,ACC#00001,USD,62736.12,DR,2023-04-29,2023-04-28,NEVO-2NKE7Y 4284666664VI,,ingest_batch_0037.csv
98326492628,ACC#00001,USD,600000.00,DR,2023-04-29,2023-04-28,URBD-2NKQK2 4289666664VI,,ingest_batch_0037.csv
649774380557,ACC#00001,USD,9675146.77,DR,2023-04-29,2023-04-28,VOLERY 3983886666FP,TUP 2V5100361026866REAVOWED/WAMP 9,ingest_batch_0037.csv
241984462028,ACC#00001,USD,-2202460.00,CR,2023-04-29,2023-04-28,VOLERY 7217666664MT,TABID TYPY AS AKAZGA-UNPURSE CREAK,ingest_batch_0037.csv
972887231472,ACC#00001,USD,70480400.00,DR,2023-04-29,2023-04-28,VOLERY 3983830666FP,TUP DG6V003688669C6REAVOWED/WAMP 9,ingest_batch_0037.csv
246768521329,ACC#00001,USD,8420000.00,DR,2023-04-29,2023-04-28,VOLERY 3983838666FP,TUP DG07003688669T6REAVOWED/WAMP 9,ingest_batch_0037.csv
161997861945,ACC#00001,USD,149560.00,DR,2023-04-29,2023-04-05,JOE690703-666706 L-1027266664LL,ENCHODONTIDAE COUTHIER FOLKSY COIF,ingest_batch_0037.csv
593095135396,ACC#00001,USD,338.00,DR,2023-04-29,2023-04-28,LT1382422GUG L-3103366664VI,,ingest_batch_0037.csv
348227167873,ACC#00001,USD,45824078.26,DR,2023-04-29,2023-04-28,VOLERY 3983889666FP,TUP T95X66666666666EU AS UDV/SPROD,ingest_batch_0037.csv
824286992585,ACC#00001,USD,500000.00,DR,2023-04-29,2023-04-28,URBD-2NKQL2 4289066664VI,,ingest_batch_0037.csv
668778991372,ACC#00001,USD,3994069.16,DR,2023-04-29,2023-04-28,VOLERY 3983810666FP,TUP 2X0500367924366REAVOWED/UNCOIN,ingest_batch_0037.csv
33803491954,ACC#00001,USD,32.69,DR,2023-04-30,2023-04-29,32566DUJ6V 6626166662VI,,ingest_batch_0037.csv
577448838050,ACC#00001,USD,-89199.12,CR,2023-04-30,2023-04-29,F3866867 7130169662WT,ACTOS GANSY TYPY VEX BEACHCOMB WO,ingest_batch_0037.csv
401608389147,ACC#00001,USD,-26686.11,CR,2023-04-30,2023-04-29,779726BW63098907 L-2586566664VI,JOQ TREPIDATORY WOLD HOTPOT UNRIP,ingest_batch_0037.csv
859844096778,ACC#00001,USD,439.00,DR,2023-04-30,2023-04-29,IRGG-2NMUM4 6725966662VI,,ingest_batch_0037.csv
208621482582,ACC#00001,USD,-1413036.38,CR,2023-04-30,2023-04-29,ICHTHYIZATION 8091466662XD,DL LANOLINS MISCONTINUANCE ALL IPL,ingest_batch_0037.csv
668084494869,ACC#00001,USD,826029853.40,DR,2023-04-30,2023-04-29,UI19930436062068 0666266886BY,TUP TO GORST ITS KOSALAN VI 066064,ingest_batch_0037.csv
830764074973,ACC#00001,USD,-42600.00,CR,2023-04-30,2023-04-28,JOE066062-666054 L-1933166662LL,VOICEPRINTS UTEROPEXIA TWANGING OG,ingest_batch_0037.csv
210207693489,ACC#00001,USD,-151.50,CR,2023-04-30,2023-04-29,322756AL61381141 6616066662VI,UPCLOSER SAUNT TYPY DE - ELUVIA CC,ingest_batch_0038.csv
927642948523,ACC#00001,USD,2202460.00,DR,2023-04-30,2023-04-28,JOE066062-666053 L-1937466662LL,VOICEPRINTS UTEROPEXIA TWANGING OG,ingest_batch_0038.csv
735322423186,ACC#00001,USD,147.00,DR,2023-04-30,2023-04-29,VOLERY 3984342666FP,TUP FIE ORARY DYES 60/64/06,ingest_batch_0038.csv
508678511212,ACC#00001,USD,-8548.78,CR,2023-04-30,2023-04-29,VOLERY L-1378266662CQ,DUPPY YO UNSOLACED MAECENAS HURA H,ingest_batch_0038.csv
801413823148,ACC#00001,USD,439.00,DR,2023-04-30,2023-04-29,IRGG-2NMUHV 6723366662VI,,ingest_batch_0038.csv
586218949394,ACC#00001,USD,979030.00,DR,2023-04-30,2023-04-29,VOLERY 3933382666FP,TUP 0035C00363529566REAVOWED/WAMP,ingest_batch_0038.csv
428558082223,ACC#00001,USD,-147961.85,CR,2023-04-30,2023-04-29,F3866867 7130169662WT,ACTOS GANSY TYPY VEX BEACHCOMB WO,ingest_batch_0038.csv
421012107542,ACC#00001,USD,-24.44,CR,2023-04-30,2023-04-29,322756AL61311776 6643966662VI,UPCLOSER SAUNT TYPY DE - ELUVIA CC,ingest_batch_0038.csv
560674247358,ACC#00001,USD,1582090.00,DR,2023-04-30,2023-04-29,VOLERY 3933384666FP,TUP 0035800363529166REAVOWED/WAMP,ingest_batch_0038.csv
439341557984,ACC#00001,USD,63.86,DR,2023-04-30,2023-04-29,32566DULVD 6695766662VI,,ingest_batch_0038.csv
912627956636,ACC#00001,USD,25.10,DR,2023-04-30,2023-04-29,32566DUMEA 9985566662VI,,ingest_batch_0038.csv
125579661560,ACC#00001,USD,145.40,DR,2023-04-30,2023-04-29,32566DUL30 6645866662VI,,ingest_batch_0038.csv
908391318431,ACC#00001,USD,8548.78,DR,2023-04-30,2023-04-29,6830166662RN 6830166662RN,Y M TONITE ETHERIFIES GAB MURREY X,ingest_batch_0038.csv
494746020071,ACC#00001,USD,1740000.00,DR,2023-04-30,2023-04-29,VOLERY 3933383666FP,TUP 06PF000363473866REAVOWED/WAMP,ingest_batch_0038.csv
312162534407,ACC#00001,USD,1134.00,DR,2023-04-30,2023-04-29,IRGG-2NMHJU 6723866662VI,,ingest_batch_0038.csv
114387827692,ACC#00001,USD,13340060.64,DR,2023-04-30,2023-04-29,VOLERY 3933847666FP,TUP 214V00361052166REAVOWED/WAMP 9,ingest_batch_0038.csv
371789070280,ACC#00001,USD,54248000.00,DR,2023-04-30,2023-04-29,VOLERY 3933852666FP,TUP KYK1003638294V6REAVOWED/WAMP 9,ingest_batch_0039.csv
239757003353,ACC#00001,USD,-25.51,CR,2023-05-01,2023-04-30,322746AL68786344 1775866665VI,UPCLOSER SAUNT TYPY DE - ELUVIA CC,ingest_batch_0039.csv
604307922037,ACC#00001,USD,2226792.72,DR,2023-05-01,2023-04-30,VOLERY 3941227666FP,TUP 0681700361548C66IFV /052/66606,ingest_batch_0039.csv
261841504071,ACC#00001,USD,-1319570.00,CR,2023-05-01,2023-04-30,7606606566019712 6416669665WT,LUX SPIV TYPY H D FEW GIRE DP,ingest_batch_0039.csv
958982418452,ACC#00001,USD,44175600.00,DR,2023-05-01,2023-04-30,VOLERY 3948957666FP,TUP 0000Q003649757C6REAVOWED/WAMP,ingest_batch_0039.csv
958485951174,ACC#00001,USD,-144000.00,CR,2023-05-01,2023-04-30,4904966781544143 7003966662VI,DESINENT UPS FEW CITE FEW GIRE DP,ingest_batch_0039.csv
909805748001,ACC#00001,USD,100.00,DR,2023-05-01,2023-03-15,691C667QGJ L-8379866665LL,UPCLOSER SAUNT TYPY FEW GIRE PULIS,ingest_batch_0039.csv
890737613666,ACC#00001,USD,-14494500.00,CR,2023-05-01,2023-04-30,V775988366475694 7392866665VI,UPCLOSER SAUNT TYPY DE - ELUVIA CC,ingest_batch_0039.csv
735079182701,ACC#00001,USD,-338070.00,CR,2023-05-01,2023-04-30,VOLERY 1514466665XD,SUSS AWAFT EFI BI5 5MN,ingest_batch_0039.csv
154111398924,ACC#00001,USD,144.78,DR,2023-05-01,2023-04-30,VOLERY 3941250666FP,TUP 00T3666666666666IFV /IND PALMA,ingest_batch_0039.csv
161424586398,ACC#00001,USD,10774800.00,DR,2023-05-01,2023-04-30,V034853361045419 8054066665VI,,ingest_batch_0039.csv
665183870555,ACC#00001,USD,430.04,DR,2023-05-01,2023-04-30,VOLERY 3934179666FP,TUP FIE ORARY DYES 60/62/06,ingest_batch_0039.csv
807281545047,ACC#00001,USD,4626232.83,DR,2023-05-01,2023-04-30,VOLERY 7910166665CQ,LO JO TONITE POLENTAS DISNEY BALAT,ingest_batch_0039.csv
966405711260,ACC#00001,USD,3940063.91,DR,2023-05-01,2023-04-30,VOLERY 3943680666FP,TUP 4Q8000367710066REAVOWED/TEAD/C,ingest_batch_0039.csv
389152310665,ACC#00001,USD,-100760.00,CR,2023-05-01,2023-04-30,7606606566019751 6479569665WT,LUX SPIV TYPY H D FEW GIRE DP,ingest_batch_0039.csv
793992947194,ACC#00001,USD,25.00,DR,2023-05-01,2023-04-30,VOLERY 3934039666FP,TUP JQO CARD DYES 60/62/06,ingest_batch_0039.csv
377784880959,ACC#00001,USD,12451.16,DR,2023-05-01,2023-04-30,B6175-65OHV06 L-8365466665LL,ALL TYPY AS FEW GIRE INCHER FEW BI,ingest_batch_0039.csv
685725436844,ACC#00001,USD,-352.07,CR,2023-05-01,2023-04-30,ICHTHYIZATION 3854066665XD,234446 RHODIZITE CUBICLES ZH AH C,ingest_batch_0039.csv
390751938874,ACC#00001,USD,-72010.00,CR,2023-05-01,2023-04-30,1066-66655718936 6875469665WT,TYPY AS STRETCH H.C. FEW GIRE DP 0,ingest_batch_0039.csv
436938041001,ACC#00001,USD,102.56,DR,2023-05-01,2023-04-30,URBD-2YAGI2 1994766665VI,,ingest_batch_0039.csv
954437770935,ACC#00001,USD,-3088465.08,CR,2023-05-01,2023-04-30,ALME118198JOQG7U 0612927466,,ingest_batch_0039.csv
440277494542,ACC#00001,USD,-1296600.00,CR,2023-05-01,2023-04-30,VOLERY 6350269665WT,SLATTERN TYPY OEV NYET PIRAYA POOH,ingest_batch_0039.csv
448459698987,ACC#00001,USD,-816.58,CR,2023-05-01,2023-04-30,ICHTHYIZATION 3858266665XD,234306 RHODIZITE CUBICLES ZH WATCH,ingest_batch_0039.csv
25293790006,ACC#00001,USD,18878000.00,DR,2023-05-01,2023-04-30,VOLERY 3948920666FP,TUP 060T400364412366REAVOWED/WAMP,ingest_batch_0039.csv
472848785876,ACC#00001,USD,-2096547.95,CR,2023-05-01,2023-04-30,GYNOMONOECISM 1285066665VI,UPCLOSER SAUNT TYPY DE - ELUVIA CC,ingest_batch_0039.csv
126350989373,ACC#00001,USD,30820.28,DR,2023-05-01,2023-04-30,VOLERY 3941221666FP,TUP 0688T00368243C66IFV /052/66606,ingest_batch_0039.csv
826511244763,ACC#00001,USD,-6896.06,CR,2023-05-01,2023-04-30,IT14947EQ302 8836966665XD,CASTOR7ERIS,ingest_batch_0039.csv
353530004950,ACC#00001,USD,1634060.00,DR,2023-05-01,2023-04-30,V034855861045480 8054766665VI,,ingest_batch_0039.csv
337964055823,ACC#00001,USD,-296390.00,CR,2023-05-01,2023-04-30,VOLERY 8111966665CQ,UPCLOSER ETHERIFIES GAB FEW GIRE H,ingest_batch_0040.csv
738521343176,ACC#00001,USD,-659.18,CR,2023-05-01,2023-04-30,322756AL61364473 1646266665VI,UPCLOSER SAUNT TYPY DE - ELUVIA CC,ingest_batch_0040.csv
174788534611,ACC#00001,USD,71.75,DR,2023-05-01,2023-04-30,32566DURLA 1033566665VI,,ingest_batch_0040.csv
775426295123,ACC#00001,USD,89199.12,DR,2023-05-01,2023-04-29,37266DK792 8021166665VI,,ingest_batch_0040.csv
549538615538,ACC#00001,USD,1282509.69,DR,2023-05-04,2023-05-03,GYNOMONOECISM 2864666600VI,,ingest_batch_0040.csv
36525002368,ACC#00001,USD,469.00,DR,2023-05-04,2023-05-03,VOLERY 3943502666FP,TUP FIE ORARY DYES 60/65/06,ingest_batch_0040.csv
405484817218,ACC#00001,USD,39900.00,DR,2023-05-04,2023-05-03,6655766600RN 6655766600RN,AFTONIAN TRANSPORTAL TYPY OEV PIKI,ingest_batch_0040.csv
481113914712,ACC#00001,USD,-1284442.30,CR,2023-05-04,2023-05-03,767AUG 4785366600XD,FF63 CROM BONHOMOUS TRAPNESTS YEAR,ingest_batch_0040.csv
252769793590,ACC#00001,USD,-5708065.10,CR,2023-05-04,2023-05-03,767AUG 4784166600XD,FF63 CROM BONHOMOUS TRAPNESTS YEAR,ingest_batch_0040.csv
461975350519,ACC#00001,USD,-318454.00,CR,2023-05-04,2023-05-03,76066000DHA00600 1617066600XD,BEYERITE NONREGULATIVE Q.D. 0602 R,ingest_batch_0040.csv
953215833902,ACC#00001,USD,-279228.42,CR,2023-05-04,2023-05-03,VOLERY 3928726666FP,TUP 00T3766666666666REAVOWED/FIE/X,ingest_batch_0040.csv
341743459302,ACC#00001,USD,44288.36,DR,2023-05-04,2023-05-03,6827366135RN 6827366135RN,ALL TYPY AS FEW GIRE INCHER FEW BI,ingest_batch_0040.csv
255033481488,ACC#00001,USD,92178.00,DR,2023-05-04,2023-04-26,5227866668VI L-8159866665LL,X6606949668 08 OBLEY ANGEYOK,ingest_batch_0040.csv
630889193777,ACC#00001,USD,934.20,DR,2023-05-04,2023-05-03,VOLERY 3921796666FP,TUP 0054666666666666IFV /IND PALMA,ingest_batch_0040.csv
31482234184,ACC#00001,USD,-235361.90,CR,2023-05-04,2023-05-03,767AUG 4055666600XD,FF63 CROM BONHOMOUS TRAPNESTS YEAR,ingest_batch_0040.csv
332965538695,ACC#00001,USD,25.00,DR,2023-05-04,2023-05-03,VOLERY 3943481666FP,TUP JQO CARD DYES 60/65/06,ingest_batch_0040.csv
283305334265,ACC#00001,USD,2960.00,DR,2023-05-04,2023-05-03,6362566143RN 6362566143RN,AFTONIAN TRANSPORTAL TYPY OEV PIKI,ingest_batch_0040.csv
872317467514,ACC#00001,USD,884388102.70,DR,2023-05-04,2023-05-03,UI81612376000068 0660066314BY,TUP TO GORST ITS KOSALAN VI 066065,ingest_batch_0040.csv
861992094188,ACC#00001,USD,-1437808.90,CR,2023-05-04,2023-05-03,767AUG 4736066600XD,FF63 CROM BONHOMOUS TRAPNESTS YEAR,ingest_batch_0041.csv
18536820711,ACC#00001,USD,-3016950.00,CR,2023-05-04,2023-05-03,767AUG 4043266600XD,FF63 CROM BONHOMOUS TRAPNESTS YEAR,ingest_batch_0041.csv
99836001545,ACC#00001,USD,-521260.40,CR,2023-05-04,2023-05-03,767AUG 4037566600XD,FF63 CROM BONHOMOUS TRAPNESTS YEAR,ingest_batch_0041.csv
407904191751,ACC#00001,USD,-170930.00,CR,2023-05-04,2023-05-03,767AUG 4029466600XD,FF63 CROM BONHOMOUS TRAPNESTS YEAR,ingest_batch_0041.csv
258385683890,ACC#00001,USD,646186103.60,DR,2023-05-05,2023-05-04,UI88896686007068 0660766857BY,TUP TO GORST ITS KOSALAN VI 066000,ingest_batch_0041.csv
910423539519,ACC#00001,USD,5230000.00,DR,2023-05-05,2023-05-04,VOLERY 3958091666FP,TUP 006C400369781166REAVOWED/WAMP,ingest_batch_0041.csv
966514843492,ACC#00001,USD,25777.69,DR,2023-05-05,2023-05-04,VOLERY 3957529666FP,TUP V55Q00364293C66IFV /052/666066,ingest_batch_0041.csv
904047589159,ACC#00001,USD,23030.10,DR,2023-05-05,2023-05-04,VOLERY 3957553666FP,TUP 000KI66666666666IFV /IND PALMA,ingest_batch_0041.csv
425357910001,ACC#00001,USD,-1819380.00,CR,2023-05-05,2023-05-04,VOLERY 3958244666FP,TUP 0091566666666666IFV /FICKLEST,ingest_batch_0041.csv
643639159216,ACC#00001,USD,-4116.73,CR,2023-05-05,2023-04-21,VOLERY 3963384666FP,TUP 077Q766666666666REAVOWED/FIE/X,ingest_batch_0041.csv
53284650659,ACC#00001,USD,61360.14,DR,2023-05-05,2023-05-04,6344766665RN 6344766665RN,DESILT FGY TYPY OEV IODOHYDRIN Q0,ingest_batch_0041.csv
605745379414,ACC#00001,USD,-12.81,CR,2023-05-05,2023-05-04,I76066007398217 3054666607XD,SLATTERN TYPY OEV PSF SLATTERN BAA,ingest_batch_0041.csv
748365528664,ACC#00001,USD,23967.69,DR,2023-05-05,2023-05-04,ARGAS11BIBIO 0686966607VI,,ingest_batch_0041.csv
622026891887,ACC#00001,USD,526.00,DR,2023-05-05,2023-05-04,VOLERY 3923844666FP,TUP FIE ORARY DYES 60/00/06,ingest_batch_0041.csv
71363711577,ACC#00001,USD,-34.13,CR,2023-05-05,2023-05-04,322756AL61342891 6712666607VI,UPCLOSER SAUNT TYPY DE - ELUVIA CC,ingest_batch_0041.csv
631952262802,ACC#00001,USD,-25678.24,CR,2023-05-05,2023-05-04,VOLERY 6439366607VI,Y M TONITE OBS JANT EFI FEW APONIC,ingest_batch_0041.csv
128183467092,ACC#00001,USD,-501510.00,CR,2023-05-05,2023-05-04,VOLERY 0496066665MT,FREELANCER ACHOO-VAGABONDAGER DAME,ingest_batch_0042.csv
541271599055,ACC#00001,USD,25777.68,DR,2023-05-05,2023-05-04,VOLERY 3957976666FP,TUP 2C9900364293466IFV /052/666066,ingest_batch_0042.csv
479166399951,ACC#00001,USD,-110029.98,CR,2023-05-05,2023-05-04,VOLERY 3951952666FP,TUP 0095966666666666REAVOWED/FIE/X,ingest_batch_0042.csv
741004345334,ACC#00001,USD,25.00,DR,2023-05-05,2023-05-04,VOLERY 3923795666FP,TUP JQO CARD DYES 60/00/06,ingest_batch_0042.csv
481396972396,ACC#00001,USD,-26041361.00,CR,2023-05-06,2023-05-05,DHA00702 1422366601XD,BEYERITE NONREGULATIVE Q.D. 0602 R,ingest_batch_0042.csv
612273848465,ACC#00001,USD,50526900.00,DR,2023-05-06,2023-05-05,VOLERY 3997908666FP,TUP 0Q53100363842V66IFV /052/66006,ingest_batch_0042.csv
416621885924,ACC#00001,USD,50526900.00,DR,2023-05-06,2023-05-05,VOLERY 3997969666FP,TUP 0Q0LR00363842C66IFV /052/66006,ingest_batch_0042.csv
919146922347,ACC#00001,USD,50526900.00,DR,2023-05-06,2023-05-05,VOLERY 3997907666FP,TUP 0Q53000363842X66IFV /052/66006,ingest_batch_0042.csv
66879889734,ACC#00001,USD,-685000.00,CR,2023-05-06,2023-05-05,JOQVY-9 8567666601VI,JO TONITE SAUNT TYPY GLORIETTE BIT,ingest_batch_0042.csv
564717813818,ACC#00001,USD,1161.70,DR,2023-05-06,2023-05-05,VOLERY 3953145666FP,TUP FIE ORARY DYES 60/07/06,ingest_batch_0042.csv
208550840019,ACC#00001,USD,50526900.00,DR,2023-05-06,2023-05-05,VOLERY 3997906666FP,TUP 0Q58V00363842Q66IFV /052/66006,ingest_batch_0042.csv
832384592253,ACC#00001,USD,50513800.00,DR,2023-05-06,2023-05-05,VOLERY 3997960666FP,TUP 0DU8T00363142X66IFV /052/66606,ingest_batch_0042.csv
449121142836,ACC#00001,USD,3605.82,DR,2023-05-06,2023-05-05,6370866143RN 6370866143RN,DESILT FGY TYPY OEV IODOHYDRIN Q0,ingest_batch_0042.csv
440028665800,ACC#00001,USD,50526900.00,DR,2023-05-06,2023-05-05,VOLERY 3997900666FP,TUP 0Q53600363842C66IFV /052/66006,ingest_batch_0042.csv
577060191306,ACC#00001,USD,26817800.00,DR,2023-05-06,2023-05-05,VOLERY 3998731666FP,TUP 0Q38100306897766REAVOWED/WAMP,ingest_batch_0043.csv
714095349329,ACC#00001,USD,13638.33,DR,2023-05-06,2023-05-05,6345766665RN 6345766665RN,ALL TYPY AS FEW GIRE INCHER FEW BI,ingest_batch_0043.csv
21332335605,ACC#00001,USD,33688.35,DR,2023-05-06,2023-05-05,6340266665RN 6340266665RN,ALL TYPY AS FEW GIRE INCHER FEW BI,ingest_batch_0043.csv
719266008545,ACC#00001,USD,25.00,DR,2023-05-06,2023-05-05,VOLERY 3953046666FP,TUP JQO CARD DYES 60/07/06,ingest_batch_0043.csv
20487885521,ACC#00001,USD,2100.00,DR,2023-05-06,2023-05-05,6333866665RN 6333866665RN,66666666606947669 ELUVIA MYTHIC NR,ingest_batch_0043.csv
235881152048,ACC#00001,USD,10364.67,DR,2023-05-06,2023-05-05,6348666665RN 6348666665RN,SLATTERN TYPY OEV NYET PIRAYA POOH,ingest_batch_0043.csv
582207865034,ACC#00001,USD,50513800.00,DR,2023-05-06,2023-05-05,VOLERY 3997967666FP,TUP 0DU8V00363142T66IFV /052/66606,ingest_batch_0043.csv
44691020375,ACC#00001,USD,-402845.09,CR,2023-05-06,2023-05-05,VOLERY 3998062666FP,TUP 0FLO666666666666REAVOWED/FIE/X,ingest_batch_0043.csv
136098886569,ACC#00001,USD,50513800.00,DR,2023-05-06,2023-05-05,VOLERY 3997962666FP,TUP 0Q07100363153Q66IFV /052/66006,ingest_batch_0043.csv
393568258131,ACC#00001,USD,4569774.00,DR,2023-05-06,2023-05-05,URBD-2NULPU 3781066601VI,,ingest_batch_0043.csv
965953932775,ACC#00001,USD,50526900.00,DR,2023-05-06,2023-05-05,VOLERY 3997901666FP,TUP 0Q53700363842T66IFV /052/66006,ingest_batch_0043.csv
112276986311,ACC#00001,USD,42830.40,DR,2023-05-06,2023-05-05,6347266665RN 6347266665RN,DESILT FGY TYPY OEV IODOHYDRIN Q0,ingest_batch_0043.csv
616229902184,ACC#00001,USD,50513800.00,DR,2023-05-06,2023-05-05,VOLERY 3997595666FP,TUP 0DU8Q00363142C66IFV /052/66606,ingest_batch_0043.csv
204758261384,ACC#00001,USD,12807726.00,DR,2023-05-06,2023-05-05,VOLERY 3997968666FP,TUP 0PL3C66666666666IFV /06/665469,ingest_batch_0043.csv
277183817055,ACC#00001,USD,50513800.00,DR,2023-05-06,2023-05-05,VOLERY 3997964666FP,TUP 0Q07000363153C66IFV /052/66006,ingest_batch_0043.csv
971988831939,ACC#00001,USD,-524488907.70,CR,2023-05-06,2023-05-05,UV82334646001067 0660166828BY,TUP TO THEATRIZE ITS KOSALAN VI 06,ingest_batch_0043.csv
873669194010,ACC#00001,USD,169.00,DR,2023-05-06,2023-05-05,VOLERY 3997902666FP,TUP 0SF8V66666666666IFV /IND TLO V,ingest_batch_0043.csv
870900477505,ACC#00001,USD,50513800.00,DR,2023-05-06,2023-05-05,VOLERY 3997966666FP,TUP 0DU8X00363142C66IFV /052/66606,ingest_batch_0043.csv
101922787779,ACC#00001,USD,-12807726.00,CR,2023-05-06,2023-05-05,VOLERY 3998426666FP,TUP 0SUFI00362052666IFV /6606/0830,ingest_batch_0043.csv
245214618263,ACC#00001,USD,24823637.00,DR,2023-05-06,2023-05-05,VOLERY 3997961666FP,TUP 0DU3600363142V66IFV /052/66606,ingest_batch_0043.csv
24473993718,ACC#00001,USD,50513800.00,DR,2023-05-06,2023-05-05,VOLERY 3997599666FP,TUP 0DU8C00363142Q66IFV /052/66606,ingest_batch_0043.csv
784402027112,ACC#00001,USD,301.00,DR,2023-05-06,2023-05-05,6349866665RN 6349866665RN,ALL TYPY AS FEW GIRE INCHER FEW BI,ingest_batch_0043.csv
441032791925,ACC#00001,USD,-1590.00,CR,2023-05-06,2023-05-05,77066666681602M 7116466601XD,LUX SPIV TYPY H D MORSE MORSE  HOT,ingest_batch_0043.csv
825263789428,ACC#00001,USD,2846.90,DR,2023-05-06,2023-05-05,6343866665RN 6343866665RN,LGYV TYPY INF MURREY NA 09201,ingest_batch_0043.csv
462967397759,ACC#00001,USD,50513800.00,DR,2023-05-06,2023-05-05,VOLERY 3997531666FP,TUP 2VL700363142066IFV /052/666066,ingest_batch_0043.csv
387725306131,ACC#00001,USD,-518475.61,CR,2023-05-06,2023-05-05,VOLERY 6103666601RN,Y M TONITE ETHERIFIES GAB MURREY X,ingest_batch_0043.csv
411015054979,ACC#00001,USD,44052211.72,DR,2023-05-06,2023-05-05,VOLERY 3998727666FP,TUP 57YV00365879366REAVOWED/WAMP 9,ingest_batch_0043.csv
298204940497,ACC#00001,USD,25.00,DR,2023-05-07,2023-05-06,VOLERY 3998950666FP,TUP JQO CARD DYES 60/01/06,ingest_batch_0043.csv
653422478057,ACC#00001,USD,177822.26,DR,2023-05-07,2023-05-06,VOLERY 4668701666FP,TUP 245000365265866EU AS UDV/TEAD,ingest_batch_0043.csv
816832675370,ACC#00001,USD,-31384.11,CR,2023-05-07,2023-05-06,F3876766 7934269608WT,ACTOS GANSY TYPY VEX BEACHCOMB WO,ingest_batch_0044.csv
524336734432,ACC#00001,USD,-89252.30,CR,2023-05-07,2023-05-06,C0357163.6CILL0 7991966608XD,0/GRATTAGE 1/IV/4180 YILL,ingest_batch_0044.csv
486377799509,ACC#00001,USD,1057945.09,DR,2023-05-07,2023-05-06,VOLERY 4667504666FP,TUP 0780T66666666666IFV /052/66006,ingest_batch_0044.csv
844149788219,ACC#00001,USD,-1291193.12,CR,2023-05-07,2023-05-06,VOLERY 4668509666FP,TUP 5Q1T66666666666IFV /052 074451,ingest_batch_0044.csv
430244398772,ACC#00001,USD,55545484.81,DR,2023-05-07,2023-05-06,VOLERY 4668764666FP,TUP 04C900850241766REAVOWED/WAMP 9,ingest_batch_0044.csv
659478274032,ACC#00001,USD,543.50,DR,2023-05-07,2023-05-06,VOLERY 3993033666FP,TUP FIE ORARY DYES 60/01/06,ingest_batch_0044.csv
418350247523,ACC#00001,USD,-72788.18,CR,2023-05-07,2023-05-06,VOLERY 4668574666FP,TUP 0180V66666666666IFV /IND PALMA,ingest_batch_0044.csv
329478468751,ACC#00001,USD,374560857.00,DR,2023-05-07,2023-05-06,UI82334646008068 0660866895BY,TUP TO GORST ITS KOSALAN VI 066001,ingest_batch_0044.csv
369389298317,ACC#00001,USD,728.50,DR,2023-05-07,2023-04-15,JOU066008-666416 L-2848566608LL,KR AUG UNSPORTSMANLIKENESS THIASOS,ingest_batch_0044.csv
456081011814,ACC#00001,USD,8795000.00,DR,2023-05-08,2023-05-07,VOLERY 4603103666FP,TUP 033DG00307235966REAVOWED/WAMP,ingest_batch_0045.csv
849013780423,ACC#00001,USD,-27350.00,CR,2023-05-08,2023-05-07,C0351016.6PUNG0 7138366603XD,0/GRATTAGE 1/IV/4180 YILL,ingest_batch_0045.csv
995823212456,ACC#00001,USD,3274092.03,DR,2023-05-08,2023-05-07,VOLERY 4601377666FP,TUP 00IYY00306824C66IFV /052/66606,ingest_batch_0045.csv
861999027430,ACC#00001,USD,-1754993.80,CR,2023-05-08,2023-05-07,VOLERY 6308266603RN,Y M TONITE ETHERIFIES GAB MURREY X,ingest_batch_0045.csv
884400615510,ACC#00001,USD,-129745.61,CR,2023-05-08,2023-05-07,VOLERY 6301266603RN,Y M TONITE ETHERIFIES GAB MURREY X,ingest_batch_0045.csv
216873478031,ACC#00001,USD,13152000.00,DR,2023-05-08,2023-05-07,VOLERY 4603108666FP,TUP 033XY00307235266REAVOWED/WAMP,ingest_batch_0045.csv
518783130930,ACC#00001,USD,181765.00,DR,2023-05-08,2023-05-07,URBD-2NPLAY 1324766603VI,,ingest_batch_0045.csv
21717094607,ACC#00001,USD,777.34,DR,2023-05-08,2023-05-07,VOLERY 4663119666FP,TUP FIE ORARY DYES 60/08/06,ingest_batch_0045.csv
165215975980,ACC#00001,USD,87495.00,DR,2023-05-08,2023-05-07,VOLERY 4601379666FP,TUP 0410V66666666666IFV /IMPALM RC,ingest_batch_0045.csv
376526567348,ACC#00001,USD,-4914156.93,CR,2023-05-08,2023-05-07,VOLERY 4603011666FP,TUP 0944166666666666REAVOWED/FIE/X,ingest_batch_0045.csv
464803848768,ACC#00001,USD,-2165848.00,CR,2023-05-08,2023-05-07,NI50603AT6060041 8667766603XD,FWD AI VOYAGE THERMODYNAM 5670 -,ingest_batch_0045.csv
592163837128,ACC#00001,USD,-2623.14,CR,2023-05-08,2023-05-07,322756AL61327446 1270566603VI,UPCLOSER SAUNT TYPY DE - ELUVIA CC,ingest_batch_0045.csv
57811075308,ACC#00001,USD,-57301657.90,CR,2023-05-08,2023-05-07,DHA00892 1918966603XD,BEYERITE NONREGULATIVE Q.D. 0602 R,ingest_batch_0045.csv
812518414081,ACC#00001,USD,4427375.85,DR,2023-05-08,2023-05-07,VOLERY 4601316666FP,TUP 0942866666666666IFV /FICKLEST,ingest_batch_0045.csv
860318835703,ACC#00001,USD,-48500.00,CR,2023-05-08,2023-05-07,LARYNGEAL 2634566603XD,SEXLY-PU/ELOGY/DORISM .,ingest_batch_0045.csv
221221787511,ACC#00001,USD,-6800.00,CR,2023-05-08,2023-05-07,LARYNGEAL 2683266603XD,PLACIT PU ELOGY PARADA .,ingest_batch_0045.csv
505032218908,ACC#00001,USD,447907.00,DR,2023-05-08,2023-05-07,VOLERY 4601375666FP,TUP 0410T66666666666IFV /IMPALM RC,ingest_batch_0045.csv
656912232306,ACC#00001,USD,7157003.05,DR,2023-05-08,2023-05-07,VOLERY 4601332666FP,TUP 560400306824266IFV /052/666066,ingest_batch_0045.csv
823620245988,ACC#00001,USD,-847.97,CR,2023-05-08,2023-05-07,ICHTHYIZATION 2091766603XD,LSC EIDE GREENWEED AIRY (COCK BLK,ingest_batch_0045.csv
680733189796,ACC#00001,USD,-17300.00,CR,2023-05-08,2023-05-07,LARYNGEAL 2602966603XD,SEXLY-PU/ELOGY/SCIURID .,ingest_batch_0045.csv
820726249061,ACC#00001,USD,129725.64,DR,2023-05-08,2023-05-07,6348966603RN 6348966603RN,DUPPY YO UNSOLACED MAECENAS HURA H,ingest_batch_0045.csv
386445235536,ACC#00001,USD,-32148040.00,CR,2023-05-08,2023-05-07,VOLERY 4603530666FP,TUP 0348T00369059Q66IFV /8502/OHMS,ingest_batch_0045.csv
722883686610,ACC#00001,USD,-39889280.00,CR,2023-05-08,2023-05-07,VOLERY 4608725666FP,TUP 03123003000960LIBATIONER/WAMP/,ingest_batch_0045.csv
377344811767,ACC#00001,USD,-16917018.67,CR,2023-05-08,2023-05-07,VOLERY 8016266603CQ,UPCLOSER SAUNT EU DE AT PIANOKOTO,ingest_batch_0045.csv
183508956431,ACC#00001,USD,25.00,DR,2023-05-08,2023-05-07,VOLERY 4663043666FP,TUP JQO CARD DYES 60/08/06,ingest_batch_0046.csv
388689358210,ACC#00001,USD,1754993.75,DR,2023-05-08,2023-05-07,6348866603RN 6348866603RN,DUPPY YO UNSOLACED MAECENAS HURA H,ingest_batch_0046.csv
406332151772,ACC#00001,USD,1772849.92,DR,2023-05-08,2023-04-28,JOE066001-666099 L-2962866603LL,POTSTICK FEW GIRE DP 06681-6660,ingest_batch_0046.csv
575131297568,ACC#00001,USD,-13119432.00,CR,2023-05-08,2023-05-07,VOLERY 4608729666FP,TUP 03122003000960SPIDERLESS/WAMP/,ingest_batch_0046.csv
786180546551,ACC#00001,USD,-92178.00,CR,2023-05-08,2023-05-07,M4412784184 1752066603VI,UPCLOSER SAUNT TYPY TITUS TITUS VI,ingest_batch_0046.csv
17567329058,ACC#00001,USD,284269827.00,DR,2023-05-08,2023-05-07,UI89698616003068 0660366894BY,TUP TO GORST ITS KOSALAN VI 066008,ingest_batch_0046.csv
368667708949,ACC#00001,USD,-12200.00,CR,2023-05-08,2023-05-07,LARYNGEAL 2677666603XD,PLACIT PU ELOGY BEGRETT .,ingest_batch_0046.csv
244459911434,ACC#00001,USD,37943.60,DR,2023-05-10,2023-05-06,VOLERY 4667504666FP,TUP 0780T66666666666IFV /052/66006,ingest_batch_0046.csv
770320161030,ACC#00001,USD,28417.27,DR,2023-05-12,2023-05-11,VOLERY 4678117666FP,TUP 2NA300300429066IFV /052/666066,ingest_batch_0046.csv
670228197657,ACC#00001,USD,706.00,DR,2023-05-12,2023-05-11,VOLERY 4604831666FP,TUP FIE ORARY DYES 60/03/06,ingest_batch_0046.csv
704099628860,ACC#00001,USD,-1437000000.00,CR,2023-05-12,2023-05-11,61892334 9504966609VI,UPCLOSER SAUNT TYPY DE - ELUVIA CC,ingest_batch_0046.csv
352393816744,ACC#00001,USD,410000.00,DR,2023-05-12,2023-05-11,VOLERY 4678147666FP,TUP 0359166666666666IFV /IND PALMA,ingest_batch_0046.csv
498314609309,ACC#00001,USD,2592020.53,DR,2023-05-12,2023-05-11,GYNOMONOECISM 9823766609VI,,ingest_batch_0046.csv
517041124724,ACC#00001,USD,151430.40,DR,2023-05-12,2023-05-11,VOLERY 4678883666FP,TUP 2VG100300318066IFV /052/666066,ingest_batch_0046.csv
780822615789,ACC#00001,USD,-179187.10,CR,2023-05-12,2023-05-11,VOLERY 4673264666FP,TUP 0461C66666666666REAVOWED/FIE/X,ingest_batch_0046.csv
878273823691,ACC#00001,USD,-8498091.55,CR,2023-05-12,2023-05-11,VOLERY 4678954666FP,TUP 08KR000308664666EU AS UDV/YVGE,ingest_batch_0046.csv
857062400170,ACC#00001,USD,6587000.00,DR,2023-05-12,2023-05-11,VOLERY 4678140666FP,TUP 0341366666666666IFV /7048/E 49,ingest_batch_0046.csv
290655539998,ACC#00001,USD,-853621558.90,CR,2023-05-12,2023-05-11,UV37179986009067 0660966384BY,TUP TO THEATRIZE ITS KOSALAN VI 06,ingest_batch_0047.csv
813183720062,ACC#00001,USD,11570000.00,DR,2023-05-12,2023-05-11,VOLERY 4678184666FP,TUP JR2T00301400366IFV /7048/E 493,ingest_batch_0047.csv
345811572501,ACC#00001,USD,-318273.00,CR,2023-05-12,2023-05-11,VOLERY 6697466609RN,Y M TONITE ETHERIFIES GAB MURREY X,ingest_batch_0047.csv
251872605172,ACC#00001,USD,11860900.00,DR,2023-05-12,2023-05-11,VOLERY 4673520666FP,TUP 0328T00308423266REAVOWED/WAMP,ingest_batch_0047.csv
691287087437,ACC#00001,USD,10255506.60,DR,2023-05-12,2023-05-11,VOLERY 4673526666FP,TUP 034VG66666666666REAVOWED/WAMP,ingest_batch_0047.csv
503024158771,ACC#00001,USD,10.40,DR,2023-05-12,2023-05-11,77966DGKHF 9682266609VI,,ingest_batch_0047.csv
541251487532,ACC#00001,USD,6010.90,DR,2023-05-12,2023-05-11,VOLERY 4678136666FP,TUP 0755Q00300638C66IFV /052/66606,ingest_batch_0047.csv
112703332842,ACC#00001,USD,-6331.47,CR,2023-05-12,2023-05-11,506AL65428240CT L-5942166609LL,KI THATS SCAGS AUTUNIAN IPM TAMAL,ingest_batch_0047.csv
717943595700,ACC#00001,USD,-776717.24,CR,2023-05-12,2023-05-11,VOLERY L-3301166609CQ,DUPPY YO UNSOLACED MAECENAS HURA H,ingest_batch_0047.csv
81064499525,ACC#00001,USD,25.00,DR,2023-05-12,2023-05-11,VOLERY 4604741666FP,TUP JQO CARD DYES 60/03/06,ingest_batch_0047.csv
432560567982,ACC#00001,USD,-267416.60,CR,2023-05-12,2023-05-11,NIX3723EG154599 9572566605MT,TYPY HODFUL NAIL MG EFI IV-5606 NZ,ingest_batch_0047.csv
962811772070,ACC#00001,USD,20000.00,DR,2023-05-12,2023-05-11,URBD-2HYD7U 9117166609VI,,ingest_batch_0047.csv
946968191566,ACC#00001,USD,2100.52,DR,2023-05-12,2023-05-11,VOLERY 4678189666FP,TUP 0755400300318C66IFV /052/66606,ingest_batch_0047.csv
342688126808,ACC#00001,USD,9047291.00,DR,2023-05-12,2023-05-11,MG37441059M600MK 2048566605VI,,ingest_batch_0047.csv
304988531266,ACC#00001,USD,14506.55,DR,2023-05-12,2023-05-11,VOLERY 4678130666FP,TUP 075X900300429C66IFV /052/66606,ingest_batch_0047.csv
379267997133,ACC#00001,USD,129483.72,DR,2023-05-12,2023-05-11,VOLERY 4678152666FP,TUP 2C8X00300638866IFV /052/666066,ingest_batch_0047.csv
540119545412,ACC#00001,USD,-294895.50,CR,2023-05-12,2023-05-11,VOLERY 6677066609RN,Y M TONITE ETHERIFIES GAB MURREY X,ingest_batch_0047.csv
528986888078,ACC#00001,USD,1873877.00,DR,2023-05-12,2023-05-11,UNEXACTINGNESS 9281466609VI,,ingest_batch_0047.csv
987203150748,ACC#00001,USD,75883.56,DR,2023-05-13,2023-05-12,VOLERY 4613659666FP,TUP 24UT00307218566IFV /052/666066,ingest_batch_0047.csv
102021255042,ACC#00001,USD,687.00,DR,2023-05-13,2023-05-12,VOLERY 4672729666FP,TUP FIE ORARY DYES 60/09/06,ingest_batch_0047.csv
532782126310,ACC#00001,USD,506030.00,DR,2023-05-13,2023-05-12,VOLERY 4614179666FP,TUP 00C9700303205666REAVOWED/WAMP,ingest_batch_0047.csv
255216224614,ACC#00001,USD,-7116.97,CR,2023-05-13,2023-05-12,779756BW61327174 L-0300266609VI,JOQ TREPIDATORY WOLD HOTPOT UNRIP,ingest_batch_0047.csv
165768862035,ACC#00001,USD,-25111.97,CR,2023-05-13,2023-05-12,BM6710481794 7367166676XD,HYE UNBILLED STERNAL HASLETS NM U,ingest_batch_0047.csv
923513693110,ACC#00001,USD,43704600.00,DR,2023-05-13,2023-05-12,VOLERY 4614175666FP,TUP 009FU00303208966REAVOWED/WAMP,ingest_batch_0047.csv
502393007202,ACC#00001,USD,-486.11,CR,2023-05-13,2023-04-30,IT14947EQ302 8836966665XD,CASTOR7ERIS,ingest_batch_0047.csv
234837519256,ACC#00001,USD,-358729844.90,CR,2023-05-13,2023-05-12,84332 0117369676WT,NONEVILNESS NONNECESSITOUSNESS FEW,ingest_batch_0048.csv
654758546057,ACC#00001,USD,570452.01,DR,2023-05-13,2023-05-07,VOLERY 4601316666FP,TUP 0942866666666666IFV /FICKLEST,ingest_batch_0048.csv
593074100264,ACC#00001,USD,-358729844.90,CR,2023-05-13,2023-05-11,JOQ066076-661050 L-6871766676LL,JO TONITE OBS WOLD ELUVIA MYTHIC K,ingest_batch_0048.csv
668914646440,ACC#00001,USD,364912388.10,DR,2023-05-13,2023-05-12,UI37179986076068 0667666365BY,TUP TO GORST ITS KOSALAN VI 066009,ingest_batch_0048.csv
967567201552,ACC#00001,USD,-6408.17,CR,2023-05-13,2023-05-12,VOLERY 6708866676RN,Y M TONITE ETHERIFIES GAB MURREY X,ingest_batch_0048.csv
54439736687,ACC#00001,USD,1190939.54,DR,2023-05-13,2023-05-12,VOLERY 4613647666FP,TUP 06XD000307218C66IFV /052/66606,ingest_batch_0048.csv
175008416608,ACC#00001,USD,25.00,DR,2023-05-13,2023-05-12,VOLERY 4672699666FP,TUP JQO CARD DYES 60/09/06,ingest_batch_0048.csv
878195773964,ACC#00001,USD,6805912.97,DR,2023-05-13,2023-05-12,VOLERY 4613640666FP,TUP 06KYI00300457C66IFV /052/66606,ingest_batch_0048.csv
542827941292,ACC#00001,USD,-75545.10,CR,2023-05-13,2023-05-12,VOLERY 4614032666FP,TUP 079IB66666666666REAVOWED/FIE/X,ingest_batch_0048.csv
319735271971,ACC#00001,USD,-84715.77,CR,2023-05-13,2023-05-12,779726BW63129193 L-0379766609VI,JOQ TREPIDATORY WOLD HOTPOT UNRIP,ingest_batch_0048.csv
351150355820,ACC#00001,USD,400000.00,DR,2023-05-13,2023-05-12,VOLERY 4613068666FP,TUP 062Q066666666666IFV /052/66006,ingest_batch_0048.csv
686188526210,ACC#00001,USD,104223962.66,DR,2023-05-13,2023-05-12,56966DGN7X 1388766676VI,,ingest_batch_0048.csv
21207341840,ACC#00001,USD,5439395.04,DR,2023-05-13,2023-05-12,VOLERY 4613627666FP,TUP 20C700300457466IFV /052/666066,ingest_batch_0048.csv
733866688842,ACC#00001,USD,-826064.00,CR,2023-05-14,2023-05-13,V182064160982650 4266166670VI,UPCLOSER SAUNT TYPY DE - ELUVIA CC,ingest_batch_0049.csv
406256599301,ACC#00001,USD,129656.53,DR,2023-05-14,2023-05-13,6177566670RN 6177566670RN,Y M TONITE ETHERIFIES GAB MURREY X,ingest_batch_0049.csv
264370008518,ACC#00001,USD,-838900.00,CR,2023-05-14,2023-05-13,V182227860937559 4265966670VI,UPCLOSER SAUNT TYPY DE - ELUVIA CC,ingest_batch_0049.csv
865958559902,ACC#00001,USD,-838694.00,CR,2023-05-14,2023-05-13,V185274260934540 4207766670VI,UPCLOSER SAUNT TYPY DE - ELUVIA CC,ingest_batch_0049.csv
560104689626,ACC#00001,USD,-999000.00,CR,2023-05-14,2023-05-13,766707235044 8461966670XD,ENCHODONTIDAE COUTHIER FOLKSY - 06,ingest_batch_0049.csv
648901233172,ACC#00001,USD,-838929.00,CR,2023-05-14,2023-05-13,V182257960931670 4269466670VI,UPCLOSER SAUNT TYPY DE - ELUVIA CC,ingest_batch_0049.csv
295431231550,ACC#00001,USD,-56518.53,CR,2023-05-14,2023-05-13,VOLERY 1127166670CQ,DUPPY YO UNSOLACED MAECENAS HURA H,ingest_batch_0049.csv
497666246439,ACC#00001,USD,-825800.00,CR,2023-05-14,2023-05-13,V182407060930623 4264066670VI,UPCLOSER SAUNT TYPY DE - ELUVIA CC,ingest_batch_0049.csv
241746250621,ACC#00001,USD,-826121.00,CR,2023-05-14,2023-05-13,V182497560930293 4262666670VI,UPCLOSER SAUNT TYPY DE - ELUVIA CC,ingest_batch_0049.csv
426275514982,ACC#00001,USD,39809117.53,DR,2023-05-14,2023-05-13,VOLERY 4684353666FP,TUP 5418003036192T6REAVOWED/WAMP 9,ingest_batch_0049.csv
294851978725,ACC#00001,USD,-2729.35,CR,2023-05-14,2023-05-13,06ASOR69959 0445066670XD,COND-PIKED YYB0 WASHRAG,ingest_batch_0049.csv
412959843155,ACC#00001,USD,39809117.53,DR,2023-05-14,2023-05-13,VOLERY 4684358666FP,TUP 5411003036192C6REAVOWED/WAMP 9,ingest_batch_0049.csv
515327800726,ACC#00001,USD,18998.91,DR,2023-05-14,2023-05-13,VOLERY 4688592666FP,TUP 0162200308175C66IFV /052/66606,ingest_batch_0049.csv
701209265248,ACC#00001,USD,-1956.39,CR,2023-05-14,2023-05-13,06ASOR69953 0442366670XD,COND-PIKED YYB0 WASHRAG,ingest_batch_0049.csv
272938008330,ACC#00001,USD,39809117.53,DR,2023-05-14,2023-05-13,VOLERY 4684352666FP,TUP 5414003036192V6REAVOWED/WAMP 9,ingest_batch_0049.csv
695020310181,ACC#00001,USD,-23000000.00,CR,2023-05-14,2023-05-13,VOLERY 4684841666FP,TUP 001LACTIFIC-YO66REAVOWED/FOU/C,ingest_batch_0049.csv
604869405896,ACC#00001,USD,-825543.00,CR,2023-05-14,2023-05-13,V182604460984042 4499566670VI,UPCLOSER SAUNT TYPY DE - ELUVIA CC,ingest_batch_0049.csv
690779423777,ACC#00001,USD,107378.99,DR,2023-05-14,2023-05-13,VOLERY 4688926666FP,TUP 50HD00308175866IFV /052/666066,ingest_batch_0049.csv
135726924882,ACC#00001,USD,25.00,DR,2023-05-14,2023-05-13,VOLERY 4612650666FP,TUP JQO CARD DYES 60/76/06,ingest_batch_0049.csv
983274257019,ACC#00001,USD,66.28,DR,2023-05-14,2023-05-13,VOLERY 4688918666FP,TUP 08UT066666666666IFV /IND PALMA,ingest_batch_0049.csv
686668837584,ACC#00001,USD,35205294.00,DR,2023-05-14,2023-05-13,VOLERY 4684313666FP,TUP 0817200304294266REAVOWED/WAMP,ingest_batch_0049.csv
627061914350,ACC#00001,USD,39809117.53,DR,2023-05-14,2023-05-13,VOLERY 4684357666FP,TUP 5410003036192C6REAVOWED/WAMP 9,ingest_batch_0049.csv
272657218144,ACC#00001,USD,-838636.00,CR,2023-05-14,2023-05-13,V182219260937454 4265166670VI,UPCLOSER SAUNT TYPY DE - ELUVIA CC,ingest_batch_0049.csv
858251252360,ACC#00001,USD,-210415.57,CR,2023-05-14,2023-05-13,779746BW68192565 L-2819266670VI,JOQ TREPIDATORY WOLD HOTPOT UNRIP,ingest_batch_0049.csv
648992392966,ACC#00001,USD,984756081.00,DR,2023-05-14,2023-05-13,UI38654796070068 0667066816BY,TUP TO GORST ITS KOSALAN VI 066076,ingest_batch_0049.csv
225480043004,ACC#00001,USD,8921567.19,DR,2023-05-14,2023-05-13,VOLERY 4684315666FP,TUP 08MHO66666666666EU AS UDV/SLAT,ingest_batch_0049.csv
840838478023,ACC#00001,USD,-838460.00,CR,2023-05-14,2023-05-13,V182202860937148 4265666670VI,UPCLOSER SAUNT TYPY DE - ELUVIA CC,ingest_batch_0049.csv
625017033978,ACC#00001,USD,-301320.00,CR,2023-05-14,2023-05-13,VIVA 4149666670XD,SPAHIS ASSUMER GAB BAITTLE MAMMODI,ingest_batch_0049.csv
630413396456,ACC#00001,USD,-129656.53,CR,2023-05-14,2023-05-13,VOLERY 1127866670CQ,DUPPY YO UNSOLACED MAECENAS HURA H,ingest_batch_0049.csv
394517093530,ACC#00001,USD,-838108.00,CR,2023-05-14,2023-05-13,V182345960936389 4263266670VI,UPCLOSER SAUNT TYPY DE - ELUVIA CC,ingest_batch_0049.csv
57457120105,ACC#00001,USD,39809117.53,DR,2023-05-14,2023-05-13,VOLERY 4684351666FP,TUP 5417003036192Q6REAVOWED/WAMP 9,ingest_batch_0049.csv
698799377304,ACC#00001,USD,-825900.00,CR,2023-05-14,2023-05-13,V182676860984791 4499966670VI,UPCLOSER SAUNT TYPY DE - ELUVIA CC,ingest_batch_0049.csv
732402048559,ACC#00001,USD,-825980.00,CR,2023-05-14,2023-05-13,V182322960936451 4264766670VI,UPCLOSER SAUNT TYPY DE - ELUVIA CC,ingest_batch_0050.csv
98598936711,ACC#00001,USD,-838108.00,CR,2023-05-14,2023-05-13,V184940960983489 4499166670VI,UPCLOSER SAUNT TYPY DE - ELUVIA CC,ingest_batch_0050.csv
309973984734,ACC#00001,USD,-23000.00,CR,2023-05-14,2023-05-12,ANTEPROHIBITION8 5612066670VI,UPCLOSER SAUNT TYPY DE - ELUVIA CC,ingest_batch_0050.csv
574480682620,ACC#00001,USD,8921567.19,DR,2023-05-14,2023-05-13,VOLERY 4684332666FP,TUP 592800303303566REAVOWED/KOROVA,ingest_batch_0050.csv
132580033178,ACC#00001,USD,-826400.00,CR,2023-05-14,2023-05-13,V182493560930976 4262066670VI,UPCLOSER SAUNT TYPY DE - ELUVIA CC,ingest_batch_0050.csv
969518445200,ACC#00001,USD,-838929.00,CR,2023-05-14,2023-05-13,V185000760933688 4200066670VI,UPCLOSER SAUNT TYPY DE - ELUVIA CC,ingest_batch_0050.csv
235507802000,ACC#00001,USD,-825890.00,CR,2023-05-14,2023-05-13,V189420560946532 4208666670VI,UPCLOSER SAUNT TYPY DE - ELUVIA CC,ingest_batch_0050.csv
6807096276,ACC#00001,USD,-839080.00,CR,2023-05-14,2023-05-13,V184546760988561 4495466670VI,UPCLOSER SAUNT TYPY DE - ELUVIA CC,ingest_batch_0050.csv
910868962839,ACC#00001,USD,-169.00,CR,2023-05-14,2023-05-13,69WIME00843 0449266670XD,COND-PIKED YYB0 WASHRAG,ingest_batch_0050.csv
384913741439,ACC#00001,USD,-826064.00,CR,2023-05-14,2023-05-13,V182660960984619 4499266670VI,UPCLOSER SAUNT TYPY DE - ELUVIA CC,ingest_batch_0050.csv
707275208867,ACC#00001,USD,-826121.00,CR,2023-05-14,2023-05-13,V182481760930709 4264466670VI,UPCLOSER SAUNT TYPY DE - ELUVIA CC,ingest_batch_0050.csv
322607395278,ACC#00001,USD,-826295.00,CR,2023-05-14,2023-05-13,V185891660933928 4200566670VI,UPCLOSER SAUNT TYPY DE - ELUVIA CC,ingest_batch_0050.csv
280542280065,ACC#00001,USD,-838800.00,CR,2023-05-14,2023-05-13,V184903560983102 4499066670VI,UPCLOSER SAUNT TYPY DE - ELUVIA CC,ingest_batch_0050.csv
685219191262,ACC#00001,USD,-825716.00,CR,2023-05-14,2023-05-13,V189431560946531 4201566670VI,UPCLOSER SAUNT TYPY DE - ELUVIA CC,ingest_batch_0050.csv
770231009095,ACC#00001,USD,-20917.81,CR,2023-05-15,2023-05-14,3726366693361565 7079866677VI,UPCLOSER SAUNT TYPY DE - ELUVIA CC,ingest_batch_0050.csv
374305760430,ACC#00001,USD,1882382.75,DR,2023-05-15,2023-05-14,IT85783ORS94 0368466677VI,,ingest_batch_0050.csv
170523458416,ACC#00001,USD,17546000.00,DR,2023-05-15,2023-05-14,VOLERY 4634941666FP,TUP 064C800302892566REAVOWED/WAMP,ingest_batch_0050.csv
704175847709,ACC#00001,USD,17010.97,DR,2023-05-15,2023-05-14,VOLERY 4633405666FP,TUP 2TUG00303304566IFV /052/666066,ingest_batch_0050.csv
166883914278,ACC#00001,USD,85625.54,DR,2023-05-15,2023-04-22,JOU066077-660660 L-0887766677LL,VOICEPRINTS UTEROPEXIA TWANGING OG,ingest_batch_0050.csv
401538315764,ACC#00001,USD,110646.05,DR,2023-05-15,2023-05-14,VOLERY 4633357666FP,TUP 2MHO00308392666IFV /052/666066,ingest_batch_0050.csv
294050655630,ACC#00001,USD,-20000000.00,CR,2023-05-15,2023-05-14,VOLERY 6986966677VI,UPCLOSER SAUNT TYPY ADWARD ADWARD,ingest_batch_0050.csv
492483669,ACC#00001,USD,1603429996.00,DR,2023-05-15,2023-05-14,UI34671486077068 0667766884BY,TUP TO GORST ITS KOSALAN VI 066070,ingest_batch_0050.csv
217771435476,ACC#00001,USD,271181.64,DR,2023-05-15,2023-04-22,JOU066077-660664 L-0888966677LL,X6606947669 ELUVIA MYTHIC ERYSIBE,ingest_batch_0050.csv
752357201533,ACC#00001,USD,3521181.95,DR,2023-05-15,2023-05-14,VOLERY 4634580666FP,TUP 503700303930066REAVOWED/WAMP 9,ingest_batch_0050.csv
528318599913,ACC#00001,USD,658.80,DR,2023-05-15,2023-05-14,VOLERY 4682963666FP,TUP FIE ORARY DYES 60/70/06,ingest_batch_0051.csv
377490364317,ACC#00001,USD,1900000.00,DR,2023-05-15,2023-05-14,V352682837786142 0672166677VI,,ingest_batch_0051.csv
590388781646,ACC#00001,USD,-1695418.34,CR,2023-05-15,2023-05-14,VOLERY 6806266677RN,Y M TONITE ETHERIFIES GAB MURREY X,ingest_batch_0051.csv
610456478374,ACC#00001,USD,2949050.81,DR,2023-05-15,2023-05-14,VOLERY 4633410666FP,TUP 0644C00308392C66IFV /052/66606,ingest_batch_0051.csv
22585632537,ACC#00001,USD,687078.12,DR,2023-05-15,2023-04-22,JOU066077-660662 L-0884766677LL,X6606947669 ELUVIA MYTHIC ERYSIBE,ingest_batch_0051.csv
843324314671,ACC#00001,USD,15189.79,DR,2023-05-15,2023-05-14,VOLERY 4633416666FP,TUP KKVV00303304C66IFV /052/666066,ingest_batch_0051.csv
743202877949,ACC#00001,USD,25.00,DR,2023-05-15,2023-05-14,VOLERY 4682203666FP,TUP JQO CARD DYES 60/70/06,ingest_batch_0051.csv
98341782034,ACC#00001,USD,469123.31,DR,2023-05-15,2023-04-22,JOE066077-666096 L-0882166677LL,X6606947669 ELUVIA MYTHIC ERYSIBE,ingest_batch_0051.csv
552993997838,ACC#00001,USD,530515.97,DR,2023-05-15,2023-05-14,VOLERY 4633464666FP,TUP 2VL800303837666IFV /052/666066,ingest_batch_0051.csv
678874024533,ACC#00001,USD,60400.01,DR,2023-05-15,2023-05-14,VOLERY 4633475666FP,TUP WT4X00303837C66IFV /052/666066,ingest_batch_0051.csv
460884002318,ACC#00001,USD,1280.00,DR,2023-05-18,2023-05-17,6113466601RN 6113466601RN,AFTONIAN TRANSPORTAL TYPY OEV PIKI,ingest_batch_0051.csv
72039503142,ACC#00001,USD,10316901.15,DR,2023-05-18,2023-05-17,VOLERY 4642635666FP,TUP 0001X66666666666EU AS UDV/AMIR,ingest_batch_0051.csv
322004510094,ACC#00001,USD,457.00,DR,2023-05-18,2023-05-17,VOLERY 4632578666FP,TUP FIE ORARY DYES 60/77/06,ingest_batch_0051.csv
717490605047,ACC#00001,USD,-14485.58,CR,2023-05-18,2023-05-17,VOLERY 4642363666FP,TUP 00Q2C66666666666IFV /ABOX WIRD,ingest_batch_0051.csv
412173176067,ACC#00001,USD,448458.70,DR,2023-05-18,2023-05-17,VOLERY 4643524666FP,TUP 2T2X00308450C66IFV /052/666066,ingest_batch_0051.csv
408491714784,ACC#00001,USD,20990020.77,DR,2023-05-18,2023-05-17,VOLERY 4643523666FP,TUP 0732T66666666666IFV /FICKLEST,ingest_batch_0052.csv
761693800338,ACC#00001,USD,7597.68,DR,2023-05-18,2023-05-17,VOLERY 4643521666FP,TUP 00Q2866666666666IFV /ABOX WIRD,ingest_batch_0052.csv
809638990851,ACC#00001,USD,1884810.16,DR,2023-05-18,2023-05-17,VOLERY 4642687666FP,TUP 8OAD00363865366POTSTICK UDV/PR,ingest_batch_0052.csv
873454717668,ACC#00001,USD,185590.70,DR,2023-05-18,2023-05-17,VOLERY 4643535666FP,TUP 0611000308450Q66IFV /052/66606,ingest_batch_0052.csv
945223892789,ACC#00001,USD,-17083906.89,CR,2023-05-18,2023-05-17,ALME116907JOQG7U 0637418446,,ingest_batch_0052.csv
716179967688,ACC#00001,USD,-26.85,CR,2023-05-18,2023-05-12,VOLERY 6708866676RN,Y M TONITE ETHERIFIES GAB MURREY X,ingest_batch_0052.csv
34978901274,ACC#00001,USD,12754261.13,DR,2023-05-18,2023-05-17,T313033364186660 0633364186,,ingest_batch_0052.csv
663527521203,ACC#00001,USD,25.00,DR,2023-05-18,2023-05-17,VOLERY 4632484666FP,TUP JQO CARD DYES 60/77/06,ingest_batch_0052.csv
743893365089,ACC#00001,USD,-10000.00,CR,2023-05-18,2023-05-17,VOLERY 6656266673RN,Y M TONITE ETHERIFIES GAB MURREY X,ingest_batch_0052.csv
219332235790,ACC#00001,USD,59399000.00,DR,2023-05-18,2023-05-17,VOLERY 4643548666FP,TUP 0000500302313Q66IFV /052/16573,ingest_batch_0052.csv
43900230535,ACC#00001,USD,59399000.00,DR,2023-05-18,2023-05-17,VOLERY 4643541666FP,TUP 0000200302313C66IFV /052/16573,ingest_batch_0052.csv
655086006445,ACC#00001,USD,-648580315.10,CR,2023-05-18,2023-05-17,UV35992966073067 0667366894BY,TUP TO THEATRIZE ITS KOSALAN VI 06,ingest_batch_0052.csv
718438736386,ACC#00001,USD,-323253.50,CR,2023-05-18,2023-05-17,GYNOMONOECISM 3256566673VI,UPCLOSER SAUNT TYPY DE - ELUVIA CC,ingest_batch_0052.csv
495498266315,ACC#00001,USD,-21761826.50,CR,2023-05-18,2023-05-17,VOLERY 4644926666FP,TUP 0734266666666666REAVOWED/FIE/X,ingest_batch_0052.csv
615624675451,ACC#00001,USD,123277.81,DR,2023-05-19,2023-05-18,VOLERY 4623320666FP,TUP V9HD00302289C66IFV /052/666066,ingest_batch_0052.csv
610796593907,ACC#00001,USD,-1070.00,CR,2023-05-19,2023-05-18,VOLERY 4622734666FP,TUP 0075T66666666666IFV /IND PALMA,ingest_batch_0052.csv
13783347295,ACC#00001,USD,1533761.70,DR,2023-05-19,2023-05-18,VOLERY 4623349666FP,TUP V4Q966666666666IFV /052/666066,ingest_batch_0052.csv
414467798970,ACC#00001,USD,24094000.00,DR,2023-05-19,2023-05-18,VOLERY 4624226666FP,TUP C596003093650C6REAVOWED/WAMP 9,ingest_batch_0052.csv
871589322346,ACC#00001,USD,33493277.76,DR,2023-05-19,2023-04-22,JOU066077-660661 L-0888666677LL,X6606947669 ELUVIA MYTHIC ERYSIBE,ingest_batch_0052.csv
129681904051,ACC#00001,USD,202506.20,DR,2023-05-19,2023-05-18,VOLERY 4623345666FP,TUP V4Q066666666666IFV /052/666066,ingest_batch_0052.csv
875473825585,ACC#00001,USD,84715.77,DR,2023-05-19,2023-05-18,77966DTUVT 9456366674VI,,ingest_batch_0052.csv
761939891366,ACC#00001,USD,-39378.49,CR,2023-05-19,2023-05-18,779756BW61327174 L-2738166673VI,JOQ TREPIDATORY WOLD HOTPOT UNRIP,ingest_batch_0053.csv
259806746735,ACC#00001,USD,467.60,DR,2023-05-19,2023-05-18,VOLERY 4642921666FP,TUP FIE ORARY DYES 60/73/06,ingest_batch_0053.csv
665496964883,ACC#00001,USD,25.00,DR,2023-05-19,2023-05-18,VOLERY 4642292666FP,TUP JQO CARD DYES 60/73/06,ingest_batch_0053.csv
807734620898,ACC#00001,USD,123385.66,DR,2023-05-19,2023-05-18,VOLERY 4623326666FP,TUP V99800304339C66IFV /052/660066,ingest_batch_0053.csv
547202699915,ACC#00001,USD,-3629468.58,CR,2023-05-19,2023-05-18,VOLERY 4622738666FP,TUP 064C700303502966IFV /6137 8507,ingest_batch_0053.csv
18925370174,ACC#00001,USD,-2592020.53,CR,2023-05-19,2023-05-11,JOE066074-666171 L-7127166674LL,UPCLOSER SAUNT TYPY DE - ELUVIA CC,ingest_batch_0053.csv
617439700039,ACC#00001,USD,222069.28,DR,2023-05-19,2023-05-18,VOLERY 4623371666FP,TUP 295800302289666IFV /052/666066,ingest_batch_0053.csv
207364714242,ACC#00001,USD,-662512372.50,CR,2023-05-19,2023-05-18,UV46497226074067 0667466827BY,TUP TO THEATRIZE ITS KOSALAN VI 06,ingest_batch_0053.csv
747727181974,ACC#00001,USD,-132677.77,CR,2023-05-19,2023-05-18,GYNOMONOECISM 9122566674VI,UPCLOSER SAUNT TYPY DE - ELUVIA CC,ingest_batch_0053.csv
335834206791,ACC#00001,USD,21832.33,DR,2023-05-19,2023-05-18,32266DTQ9G 5566066674VI,,ingest_batch_0053.csv
108206982421,ACC#00001,USD,48652765.12,DR,2023-05-19,2023-05-18,VOLERY 4624253666FP,TUP 5746003058219C6REAVOWED/WAMP 9,ingest_batch_0053.csv
441679947805,ACC#00001,USD,89252.30,DR,2023-05-19,2023-05-18,CLOAKROOM0AOQ L-7382866674LL,CEDAR TEATFISH UDV FEW GIRE DP,ingest_batch_0053.csv
868515874475,ACC#00001,USD,-301000.00,CR,2023-05-19,2023-05-18,ICHTHYIZATION 1639666674XD,ARACHNIDA AVIARY PRECORRUPTNESS DO,ingest_batch_0053.csv
191982068505,ACC#00001,USD,-28140.00,CR,2023-05-19,2023-05-18,PRACTITIONERY 8423566674XD,SLATTERN TYPY OEV PSF SLATTERN BAA,ingest_batch_0053.csv
597338430241,ACC#00001,USD,-170810.14,CR,2023-05-19,2023-05-18,VOLERY 1738866674CQ,UPCLOSER SAUNT EU DE AT PIANOKOTO,ingest_batch_0053.csv
717618343242,ACC#00001,USD,-1070.00,CR,2023-05-19,2023-05-18,VOLERY 4622732666FP,TUP 0051066666666666IFV /TO FLUIDS,ingest_batch_0053.csv
931990877945,ACC#00001,USD,20543318.74,DR,2023-05-19,2023-05-18,VOLERY 4624258666FP,TUP 573V003058219Q6REAVOWED/WAMP 9,ingest_batch_0053.csv
114774013514,ACC#00001,USD,1070.00,DR,2023-05-19,2023-05-18,VOLERY 4623370666FP,TUP 0005466666666666IFV /IND PALMA,ingest_batch_0053.csv
195203124515,ACC#00001,USD,27350.00,DR,2023-05-19,2023-05-18,CLOAKROOM7AOQ L-7385266674LL,CEDAR TEATFISH UDV FEW GIRE DP,ingest_batch_0053.csv
456097078402,ACC#00001,USD,242459.60,DR,2023-05-19,2023-05-18,VOLERY 4623383666FP,TUP 28T700304339366IFV /052/660066,ingest_batch_0053.csv
401235199028,ACC#00001,USD,32768.35,DR,2023-05-19,2023-05-18,TRANSCRIPTION 9345866674VI,,ingest_batch_0053.csv
822162915877,ACC#00001,USD,-1370948.25,CR,2023-05-20,2023-05-19,VOLERY 4652182666FP,TUP 00C9Q00305842966IFV /6137 8507,ingest_batch_0053.csv
529695386908,ACC#00001,USD,417852.29,DR,2023-05-20,2023-05-19,VOLERY 4653803666FP,TUP 077C966666666666IFV /TRAPNESTS,ingest_batch_0054.csv
34453672293,ACC#00001,USD,137121.41,DR,2023-05-20,2023-05-19,77966DR53R 1311766672VI,,ingest_batch_0054.csv
552147358963,ACC#00001,USD,88515.93,DR,2023-05-20,2023-05-19,VOLERY 4653834666FP,TUP 0665T00305935C66IFV /052/66606,ingest_batch_0054.csv
406905402454,ACC#00001,USD,14573.07,DR,2023-05-20,2023-05-19,VOLERY 4653814666FP,TUP 2WO200305935666IFV /052/666066,ingest_batch_0054.csv
691761451974,ACC#00001,USD,624209544.70,DR,2023-05-20,2023-05-19,UI46497226072068 0667266824BY,TUP TO GORST ITS KOSALAN VI 066074,ingest_batch_0054.csv
688922628953,ACC#00001,USD,25.00,DR,2023-05-20,2023-05-19,VOLERY 4622385666FP,TUP JQO CARD DYES 60/74/06,ingest_batch_0054.csv
511680812651,ACC#00001,USD,-40057.00,CR,2023-05-20,2023-05-18,GRATUITOUSNESS06 1332966672VI,DESINENT UPS FEW CITE FEW GIRE DP,ingest_batch_0054.csv
576130491015,ACC#00001,USD,3339439.57,DR,2023-05-20,2023-05-19,GYNOMONOECISM 1715666672VI,,ingest_batch_0054.csv
903745234288,ACC#00001,USD,-2729200.00,CR,2023-05-20,2023-05-19,6974566061582799 0686966674VI,UPCLOSER SAUNT TYPY DE - ELUVIA CC,ingest_batch_0054.csv
269979070831,ACC#00001,USD,-1729776.62,CR,2023-05-20,2023-05-19,VOLERY 1867666672CQ,JOQV EU DE PIANOKOTO VIAL HARDFIST,ingest_batch_0054.csv
430865814564,ACC#00001,USD,-53178000.00,CR,2023-05-20,2023-05-19,VOLERY 4653407666FP,TUP T7LR003764461C6REAVOWED/VVV/E4,ingest_batch_0054.csv
774091264389,ACC#00001,USD,506322.50,DR,2023-05-20,2023-05-19,VOLERY 4653838666FP,TUP 0662300302462C66IFV /052/66606,ingest_batch_0054.csv
878416085504,ACC#00001,USD,-437406.05,CR,2023-05-20,2023-05-19,VOLERY 4654373666FP,TUP 0717C66666666666REAVOWED/FIE/X,ingest_batch_0054.csv
662341709061,ACC#00001,USD,71818.01,DR,2023-05-20,2023-05-19,VOLERY 4653870666FP,TUP 289400302462866IFV /052/666066,ingest_batch_0054.csv
730661868371,ACC#00001,USD,-2055178.61,CR,2023-05-20,2023-05-19,V152678567785402 7059366672VI,UPCLOSER SAUNT TYPY DE - ELUVIA CC,ingest_batch_0054.csv
624202285959,ACC#00001,USD,-1679442.94,CR,2023-05-20,2023-05-19,V159661967734580 7090666672VI,UPCLOSER SAUNT TYPY DE - ELUVIA CC,ingest_batch_0055.csv
440687824609,ACC#00001,USD,-7597.68,CR,2023-05-20,2023-05-19,VOLERY 4652185666FP,TUP 00T9T66666666666IFV /ABOX WIRD,ingest_batch_0055.csv
823586105425,ACC#00001,USD,-13343100.00,CR,2023-05-20,2023-05-19,VOLERY 4653401666FP,TUP T7YV003764461Q6REAVOWED/VVV/E4,ingest_batch_0055.csv
112496771094,ACC#00001,USD,-2805050.20,CR,2023-05-20,2023-05-19,VOLERY 1860966672CQ,Y.M. TONITE YARAY RESSAUT(CONCUR),ingest_batch_0055.csv
426052788753,ACC#00001,USD,-49053704.00,CR,2023-05-20,2023-05-19,DHA07870 8465766672XD,BEYERITE NONREGULATIVE Q.D. 0602 R,ingest_batch_0055.csv
439969808635,ACC#00001,USD,1400000.00,DR,2023-05-20,2023-05-19,V804613467213572 7461766672VI,,ingest_batch_0055.csv
296909930740,ACC#00001,USD,14485.58,DR,2023-05-20,2023-05-19,VOLERY 4653808666FP,TUP 00T9966666666666IFV /ABOX WIRD,ingest_batch_0055.csv
680492801392,ACC#00001,USD,55184000.00,DR,2023-05-20,2023-05-19,VOLERY 4654528666FP,TUP T179003764484C6REAVOWED/WAMP 9,ingest_batch_0055.csv
662916108938,ACC#00001,USD,756.80,DR,2023-05-21,2023-05-20,VOLERY 4652907666FP,TUP FIE ORARY DYES 60/72/06,ingest_batch_0055.csv
92157235029,ACC#00001,USD,170.33,DR,2023-05-21,2023-05-20,32566DRHI3 8971766672VI,,ingest_batch_0055.csv
314990766025,ACC#00001,USD,22445228.27,DR,2023-05-21,2023-05-20,VOLERY 4694580666FP,TUP 825400369563166REAVOWED/WAMP 9,ingest_batch_0055.csv
668106637024,ACC#00001,USD,191142959.00,DR,2023-05-21,2023-05-20,UI47788366075068 0667566895BY,TUP TO GORST ITS KOSALAN VI 066072,ingest_batch_0055.csv
939174591803,ACC#00001,USD,31985462.89,DR,2023-05-21,2023-05-20,VOLERY 4694586666FP,TUP 52400846227566REAVOWED/WAMP 90,ingest_batch_0055.csv
524249068410,ACC#00001,USD,-739444.70,CR,2023-05-21,2023-05-20,779726BW63714813 L-2846666675VI,JOQ TREPIDATORY WOLD HOTPOT UNRIP,ingest_batch_0055.csv
961831134687,ACC#00001,USD,-17850000.00,CR,2023-05-21,2023-05-07,CREMATIONIST06 2316666675VI,UPCLOSER SAUNT TYPY DE - ELUVIA CC,ingest_batch_0055.csv
739759397395,ACC#00001,USD,-177987.55,CR,2023-05-21,2023-05-20,779726BW63714813 L-2840866675VI,JOQ TREPIDATORY WOLD HOTPOT UNRIP,ingest_batch_0056.csv
276357393220,ACC#00001,USD,739444.70,DR,2023-05-21,2023-05-20,77966DRV5C 2325366675VI,,ingest_batch_0056.csv
370271041362,ACC#00001,USD,40057.00,DR,2023-05-21,2023-05-18,PASTOPHORUS 2771366675VI,,ingest_batch_0056.csv
2170786377,ACC#00001,USD,17032382.11,DR,2023-05-21,2023-05-20,P687920517512575 4412866675VI,,ingest_batch_0056.csv
233510328681,ACC#00001,USD,-12234.80,CR,2023-05-21,2023-05-20,MARTAGON44 2311366675VI,UPCLOSER SAUNT TYPY DE - ELUVIA CC,ingest_batch_0056.csv
938263642049,ACC#00001,USD,-170505.03,CR,2023-05-21,2023-05-20,VOLERY 4694233666FP,TUP 00KO666666666666REAVOWED/FIE/X,ingest_batch_0056.csv
771771303042,ACC#00001,USD,-2110908.00,CR,2023-05-21,2023-05-20,3728866667197998 8969566672VI,UPCLOSER SAUNT TYPY DE - ELUVIA CC,ingest_batch_0056.csv
815614277176,ACC#00001,USD,-1400000.00,CR,2023-05-21,2023-05-20,06607566042 3671466675XD,BUBALIS DESINENT ABERRATION 500 50,ingest_batch_0056.csv
102095832380,ACC#00001,USD,-533.20,CR,2023-05-21,2023-05-20,779756BW61340162 L-8589666672VI,JOQ TREPIDATORY WOLD HOTPOT UNRIP,ingest_batch_0056.csv
732332023428,ACC#00001,USD,39.00,DR,2023-05-21,2023-05-20,VOLERY 4652219666FP,TUP JQO CARD  ORARY DYES 60/72/06,ingest_batch_0056.csv
411267895743,ACC#00001,USD,45768000.00,DR,2023-05-22,2023-05-21,VOLERY 4064886666FP,TUP SOWL003716875Q6REAVOWED/WAMP 9,ingest_batch_0056.csv
900216898010,ACC#00001,USD,4280.30,DR,2023-05-22,2023-05-21,VOLERY 4063818666FP,TUP 2MAR00370777766IFV /052/666066,ingest_batch_0056.csv
452767825270,ACC#00001,USD,-442566.66,CR,2023-05-22,2023-05-21,779726BW63729210 L-9634166675VI,JOQ TREPIDATORY WOLD HOTPOT UNRIP,ingest_batch_0056.csv
323581300834,ACC#00001,USD,-505400.00,CR,2023-05-22,2023-05-21,VOLERY 4062618666FP,TUP 559600302814666IFV /6881 BGU 6,ingest_batch_0056.csv
492139133549,ACC#00001,USD,-2324178.00,CR,2023-05-22,2023-05-21,3728866667191078 9677766675VI,UPCLOSER SAUNT TYPY DE - ELUVIA CC,ingest_batch_0056.csv
987775507047,ACC#00001,USD,45768000.00,DR,2023-05-22,2023-05-21,VOLERY 4064881666FP,TUP YERD003716875T6REAVOWED/WAMP 9,ingest_batch_0056.csv
421333768756,ACC#00001,USD,53119000.00,DR,2023-05-22,2023-05-21,VOLERY 4064376666FP,TUP V32V003716633Q6REAVOWED/WAMP 9,ingest_batch_0056.csv
765376977643,ACC#00001,USD,2110908.00,DR,2023-05-22,2023-05-21,37266DDGIN 7165166679VI,,ingest_batch_0056.csv
159340368109,ACC#00001,USD,6997.74,DR,2023-05-22,2023-05-21,VOLERY 4063195666FP,TUP 063V300370705C66IFV /052/66606,ingest_batch_0056.csv
881987602196,ACC#00001,USD,-99760811.96,CR,2023-05-22,2023-05-21,UV43483786079067 0667966344BY,TUP TO THEATRIZE ITS KOSALAN VI 06,ingest_batch_0056.csv
935942546120,ACC#00001,USD,-730560.96,CR,2023-05-22,2023-05-21,VOLERY 7559766679CQ,Y.M. TONITE YARAY RESSAUT(CONCUR),ingest_batch_0056.csv
415540775197,ACC#00001,USD,144000.00,DR,2023-05-22,2023-05-21,49066DDFHM 7164366679VI,,ingest_batch_0057.csv
221641462544,ACC#00001,USD,53119000.00,DR,2023-05-22,2023-05-21,VOLERY 4064309666FP,TUP V32T003716633C6REAVOWED/WAMP 9,ingest_batch_0057.csv
365089622688,ACC#00001,USD,53119000.00,DR,2023-05-22,2023-05-21,VOLERY 4064377666FP,TUP V351003716633C6REAVOWED/WAMP 9,ingest_batch_0057.csv
688261439068,ACC#00001,USD,53119000.00,DR,2023-05-22,2023-05-21,VOLERY 4064370666FP,TUP V357003716633X6REAVOWED/WAMP 9,ingest_batch_0057.csv
14224203461,ACC#00001,USD,-2858708.31,CR,2023-05-22,2023-05-21,VOLERY 7559166679CQ,UPCLOSER SAUNT EU DE AT PIANOKOTO,ingest_batch_0057.csv
965624996791,ACC#00001,USD,318234.02,DR,2023-05-22,2023-05-21,VOLERY 4063866666FP,TUP 0640C00309892C66IFV /052/66606,ingest_batch_0057.csv
659688765218,ACC#00001,USD,45768000.00,DR,2023-05-22,2023-05-21,VOLERY 4064887666FP,TUP ITSY003716875V6REAVOWED/WAMP 9,ingest_batch_0057.csv
656461976703,ACC#00001,USD,14449.49,DR,2023-05-22,2023-05-21,VOLERY 4063810666FP,TUP 2JR000370705266IFV /052/666066,ingest_batch_0057.csv
86749900470,ACC#00001,USD,-10797938.00,CR,2023-05-22,2023-05-21,DHA07490 1591766679XD,BEYERITE NONREGULATIVE Q.D. 0602 R,ingest_batch_0057.csv
410334496539,ACC#00001,USD,45768000.00,DR,2023-05-22,2023-05-21,VOLERY 4064880666FP,TUP HAEC003716875Z6REAVOWED/WAMP 9,ingest_batch_0057.csv
947412192336,ACC#00001,USD,-296674.60,CR,2023-05-22,2023-05-21,VOLERY 7559066679CQ,JOQV EU DE PIANOKOTO VIAL HARDFIST,ingest_batch_0057.csv
686620236271,ACC#00001,USD,503.60,DR,2023-05-22,2023-05-21,VOLERY 4692294666FP,TUP FIE ORARY DYES 60/75/06,ingest_batch_0057.csv
740148612322,ACC#00001,USD,-47600000.00,CR,2023-05-22,2023-05-21,AK60386799597053 6687169679WT,LUX SPIV TYPY H D FEW GIRE DP,ingest_batch_0057.csv
575781119013,ACC#00001,USD,99901.24,DR,2023-05-22,2023-05-21,VOLERY 4063199666FP,TUP 0640700370777C66IFV /052/66606,ingest_batch_0057.csv
496469762247,ACC#00001,USD,436850.00,DR,2023-05-22,2023-05-21,VOLERY 4063841666FP,TUP KUI100302814666IFV /7096/44DOR,ingest_batch_0057.csv
848991426028,ACC#00001,USD,45768000.00,DR,2023-05-22,2023-05-21,VOLERY 4064814666FP,TUP BYP8003716875C6REAVOWED/WAMP 9,ingest_batch_0057.csv
292221607124,ACC#00001,USD,45768000.00,DR,2023-05-22,2023-05-21,VOLERY 4064812666FP,TUP BYP3003716875C6REAVOWED/WAMP 9,ingest_batch_0057.csv
199349587450,ACC#00001,USD,2845000.00,DR,2023-05-22,2023-05-21,VOLERY 4064831666FP,TUP 0091700371856866REAVOWED/WAMP,ingest_batch_0057.csv
890253262127,ACC#00001,USD,45768000.00,DR,2023-05-22,2023-05-21,VOLERY 4064819666FP,TUP BYP9003716875E6REAVOWED/WAMP 9,ingest_batch_0057.csv
423339054386,ACC#00001,USD,-819584.45,CR,2023-05-22,2023-05-21,GYNOMONOECISM 0968566679VI,UPCLOSER SAUNT TYPY DE - ELUVIA CC,ingest_batch_0057.csv
127059881678,ACC#00001,USD,1333.78,DR,2023-05-22,2023-05-21,6327366603RN 6327366603RN,Y M TONITE ETHERIFIES GAB MURREY X,ingest_batch_0057.csv
962223355637,ACC#00001,USD,25.00,DR,2023-05-22,2023-05-21,VOLERY 4692476666FP,TUP JQO CARD DYES 60/75/06,ingest_batch_0057.csv
928865572783,ACC#00001,USD,11561203.33,DR,2023-05-24,2023-05-17,VOLERY 4643523666FP,TUP 0732T66666666666IFV /FICKLEST,ingest_batch_0057.csv
977957415022,ACC#00001,USD,810.00,DR,2023-05-24,2023-05-21,VOLERY 4063841666FP,TUP KUI100302814666IFV /7096/44DOR,ingest_batch_0057.csv
229723965337,ACC#00001,USD,-716202.21,CR,2023-05-25,2023-05-24,06BIER62610 2230469617WT,HAFIZ GOWLAN TYPY CG. MG.  SLOWISH,ingest_batch_0057.csv
902490940785,ACC#00001,USD,-5601478.25,CR,2023-05-25,2023-05-24,06BAJA00880 3800066617XD,E69K WK AVIARY MAN QHFG MAZA MAJOR,ingest_batch_0057.csv
359650345589,ACC#00001,USD,60711.57,DR,2023-05-25,2023-05-24,VOLERY 4004356666FP,TUP 2DG400377120966IFV /052/666066,ingest_batch_0057.csv
746833899227,ACC#00001,USD,-1399310.86,CR,2023-05-25,2023-05-24,VOLERY 3442066617XD,FEW EXALTE PL N/H/F URARI VEX HENG,ingest_batch_0058.csv
883360979005,ACC#00001,USD,51495.74,DR,2023-05-25,2023-05-24,6888566608RN 6888566608RN,AFTONIAN TRANSPORTAL TYPY OEV PIKI,ingest_batch_0058.csv
338814785645,ACC#00001,USD,14755900.00,DR,2023-05-25,2023-05-24,VOLERY 4005808666FP,TUP 07V1000378464966REAVOWED/WAMP,ingest_batch_0058.csv
54108888034,ACC#00001,USD,179467.74,DR,2023-05-25,2023-05-24,VOLERY 4004320666FP,TUP 2T3900377064066IFV /052/666066,ingest_batch_0058.csv
96112231369,ACC#00001,USD,-8187608.62,CR,2023-05-25,2023-05-24,VOLERY 8558366617CQ,DUPPY YO UNSOLACED MAECENAS HURA H,ingest_batch_0058.csv
325933447398,ACC#00001,USD,23606245.81,DR,2023-05-25,2023-05-24,VOLERY 4005712666FP,TUP 4546003058237Q6REAVOWED/WAMP 9,ingest_batch_0058.csv
122768004750,ACC#00001,USD,2729200.00,DR,2023-05-25,2023-05-24,69766DNJUH 4210466617VI,,ingest_batch_0058.csv
340341804058,ACC#00001,USD,-80000.00,CR,2023-05-25,2023-05-24,VOLERY 4005020666FP,TUP 067X7ENMASS-YO66REAVOWED/FOU/C,ingest_batch_0058.csv
820417233325,ACC#00001,USD,314616.76,DR,2023-05-25,2023-05-24,VOLERY 4004403666FP,TUP 005V500377064C66IFV /052/66606,ingest_batch_0058.csv
813366875980,ACC#00001,USD,19590.54,DR,2023-05-25,2023-05-24,6806766675RN 6806766675RN,DESILT FGY TYPY OEV IODOHYDRIN Q0,ingest_batch_0058.csv
905455794400,ACC#00001,USD,1453.00,DR,2023-05-25,2023-05-24,78466DNLQD 4379866617VI,,ingest_batch_0058.csv
975800764686,ACC#00001,USD,69112800.00,DR,2023-05-25,2023-05-24,VOLERY 4005862666FP,TUP 00WT9003787929C6REAVOWED/WAMP,ingest_batch_0058.csv
585935726868,ACC#00001,USD,-1193309.91,CR,2023-05-25,2023-05-24,VOLERY 6763266617KH,JUE/DIANITE ANIMI NOTCHING STRICKS,ingest_batch_0058.csv
508323562547,ACC#00001,USD,-43.83,CR,2023-05-25,2023-05-24,VOLERY 8558366617CQ,DUPPY YO UNSOLACED MAECENAS HURA H,ingest_batch_0058.csv
720121321339,ACC#00001,USD,54469000.00,DR,2023-05-25,2023-05-24,VOLERY 4005162666FP,TUP RD4Q003786867C6REAVOWED/WAMP 9,ingest_batch_0058.csv
979355604650,ACC#00001,USD,21119106.20,DR,2023-05-25,2023-05-24,VOLERY 4005717666FP,TUP 392008314216Q6REAVOWED/WAMP 90,ingest_batch_0058.csv
116463054087,ACC#00001,USD,-39900.00,CR,2023-05-25,2023-05-24,MEHTARSHIP L-3973866617VI,SAUNT MARSEILLE TYPY TACKIES PL DO,ingest_batch_0058.csv
645816612688,ACC#00001,USD,36265.01,DR,2023-05-25,2023-05-24,VOLERY 4004404666FP,TUP 00BYP00377120C66IFV /052/66606,ingest_batch_0058.csv
318508253330,ACC#00001,USD,53673700.00,DR,2023-05-25,2023-05-24,VOLERY 4005101666FP,TUP T1PF003786300C6REAVOWED/WAMP 9,ingest_batch_0058.csv
896207910295,ACC#00001,USD,-17877.88,CR,2023-05-25,2023-05-24,06BAJA07884 3988666617XD,E69K WK AVIARY MAN QHFG MAZA MAJOR,ingest_batch_0058.csv
779233519355,ACC#00001,USD,53673700.00,DR,2023-05-25,2023-05-24,VOLERY 4005100666FP,TUP T1V2003786300Q6REAVOWED/WAMP 9,ingest_batch_0058.csv
618943242185,ACC#00001,USD,420.00,DR,2023-05-25,2023-05-24,VOLERY 4062479666FP,TUP FIE ORARY DYES 60/79/06,ingest_batch_0058.csv
166273714629,ACC#00001,USD,-522119.37,CR,2023-05-25,2023-05-24,PRECEREBELLAR 4660966617XD,WK NOTCHING ELL FP MAJOR ELUVIA VU,ingest_batch_0058.csv
904823380250,ACC#00001,USD,39941.73,DR,2023-05-25,2023-05-24,6384466617RN 6384466617RN,Y M TONITE ETHERIFIES GAB MURREY X,ingest_batch_0058.csv
144107715856,ACC#00001,USD,-1279810.00,CR,2023-05-25,2023-05-24,3728866667191074 1873666679VI,UPCLOSER SAUNT TYPY DE - ELUVIA CC,ingest_batch_0058.csv
755317855149,ACC#00001,USD,-12420.00,CR,2023-05-25,2023-05-24,MEHTARSHIP L-4744666617VI,SAUNT MARSEILLE TYPY TACKIES PL DO,ingest_batch_0058.csv
506693885230,ACC#00001,USD,54469000.00,DR,2023-05-25,2023-05-24,VOLERY 4005164666FP,TUP RD4C003786867C6REAVOWED/WAMP 9,ingest_batch_0058.csv
652184152944,ACC#00001,USD,-211411.57,CR,2023-05-25,2023-05-24,VOLERY 4005557666FP,TUP 01Q2066666666666IFV /IMPALM RC,ingest_batch_0058.csv
642592776209,ACC#00001,USD,41963.14,DR,2023-05-25,2023-05-24,6114866601RN 6114866601RN,DESILT FGY TYPY OEV IODOHYDRIN Q0,ingest_batch_0058.csv
953074117966,ACC#00001,USD,443.18,DR,2023-05-25,2023-05-24,32566DDRN5 1817266679VI,,ingest_batch_0058.csv
918240444012,ACC#00001,USD,25.00,DR,2023-05-25,2023-05-24,VOLERY 4062121666FP,TUP JQO CARD DYES 60/79/06,ingest_batch_0059.csv
523296507039,ACC#00001,USD,54873971.98,DR,2023-05-25,2023-05-24,VOLERY 4005714666FP,TUP 453T003058237C6REAVOWED/WAMP 9,ingest_batch_0059.csv
217065197474,ACC#00001,USD,69112800.00,DR,2023-05-25,2023-05-24,VOLERY 4005864666FP,TUP 00WT1003787929Q6REAVOWED/WAMP,ingest_batch_0059.csv
587919039710,ACC#00001,USD,-53673700.00,CR,2023-05-25,2023-05-24,VOLERY 4002125666FP,TUP T1V7003786363C6REAVOWED/VVV/E4,ingest_batch_0059.csv
219974153414,ACC#00001,USD,-54429256.10,CR,2023-05-25,2023-05-24,UV42642506760067 0661766308BY,TUP TO THEATRIZE ITS KOSALAN VI 06,ingest_batch_0059.csv
266570661375,ACC#00001,USD,54469000.00,DR,2023-05-25,2023-05-24,VOLERY 4005165666FP,TUP RD4T003786867Q6REAVOWED/WAMP 9,ingest_batch_0059.csv
331748225752,ACC#00001,USD,-754920.00,CR,2023-05-26,2023-05-25,V889304167930712 6050566611VI,UPCLOSER SAUNT TYPY DE - ELUVIA CC,ingest_batch_0059.csv
228914908255,ACC#00001,USD,-3333000.00,CR,2023-05-26,2023-05-14,LANGLAUF06DE99 6044966611VI,DESINENT UPS FEW CITE FEW GIRE DP,ingest_batch_0059.csv
384953015548,ACC#00001,USD,1226620.13,DR,2023-05-26,2023-05-25,VOLERY 4074536666FP,TUP 06YVV66666666666IFV /052/H/C E,ingest_batch_0059.csv
214093682587,ACC#00001,USD,-12278099.64,CR,2023-05-26,2023-05-25,JOE066767-666714 L-3657466611LL,UPCLOSER SAUNT TYPY DE - ELUVIA CC,ingest_batch_0059.csv
465899381139,ACC#00001,USD,25.00,DR,2023-05-26,2023-05-25,VOLERY 4009041666FP,TUP JQO CARD DYES 67/60/06,ingest_batch_0059.csv
436113601865,ACC#00001,USD,12278099.64,DR,2023-05-26,2023-05-25,V821354966784130 9448966611VI,,ingest_batch_0059.csv
774691337007,ACC#00001,USD,399249052.60,DR,2023-05-26,2023-05-25,UI42642506767068 0661166824BY,TUP TO GORST ITS KOSALAN VI 066760,ingest_batch_0059.csv
512457517641,ACC#00001,USD,-3998390.00,CR,2023-05-26,2023-05-25,7606676766072916 8674566611XD,ORTHICON TRIFOLY LEE 1601 TI FELLA,ingest_batch_0059.csv
623892293897,ACC#00001,USD,-1330000000.00,CR,2023-05-26,2023-05-25,VOLERY 6668666611XY,UPCLOSER SAUNT TYPY DE - ELUVIA CC,ingest_batch_0059.csv
503007385193,ACC#00001,USD,2324178.00,DR,2023-05-26,2023-05-25,37266DNJIO 6079866611VI,,ingest_batch_0059.csv
305189061844,ACC#00001,USD,1291637.00,DR,2023-05-26,2023-05-25,VOLERY 4074513666FP,TUP 972800378263566IFV /7449/02770,ingest_batch_0059.csv
332505009882,ACC#00001,USD,-1055314.00,CR,2023-05-26,2023-05-25,V837086667935538 6051366611VI,UPCLOSER SAUNT TYPY DE - ELUVIA CC,ingest_batch_0059.csv
770830792515,ACC#00001,USD,-854465.00,CR,2023-05-26,2023-05-25,VOLERY 6399666611RN,Y M TONITE ETHERIFIES GAB MURREY X,ingest_batch_0059.csv
368782454758,ACC#00001,USD,1477177600.00,DR,2023-05-26,2023-05-25,IROG-574Y1C 0440266679VI,,ingest_batch_0059.csv
880807435613,ACC#00001,USD,-46778671.00,CR,2023-05-26,2023-05-25,DHA07538 8621966611XD,BEYERITE NONREGULATIVE Q.D. 0602 R,ingest_batch_0060.csv
162121246833,ACC#00001,USD,939780.00,DR,2023-05-26,2023-05-25,VOLERY 4074588666FP,TUP T78Q00378263C66IFV /7449/02770,ingest_batch_0060.csv
497894513581,ACC#00001,USD,649.70,DR,2023-05-26,2023-05-25,VOLERY 4009116666FP,TUP FIE ORARY DYES 67/60/06,ingest_batch_0060.csv
238600962624,ACC#00001,USD,19120.40,DR,2023-05-27,2023-05-26,VOLERY 4014506666FP,TUP 2KI500378462866IFV /052/667066,ingest_batch_0060.csv
357569142754,ACC#00001,USD,1279810.00,DR,2023-05-27,2023-05-26,37266R60PE 1885866618VI,,ingest_batch_0060.csv
266976219134,ACC#00001,USD,-1472767.97,CR,2023-05-27,2023-05-26,V839745866013479 1154766618VI,UPCLOSER SAUNT TYPY DE - ELUVIA CC,ingest_batch_0060.csv
920752143328,ACC#00001,USD,755922.58,DR,2023-05-27,2023-05-26,VOLERY 4014292666FP,TUP T92800371629C66IFV /052/666066,ingest_batch_0060.csv
576283329872,ACC#00001,USD,4462000.00,DR,2023-05-27,2023-05-26,VOLERY 4014510666FP,TUP WT3766666666666IFV /7048/E 493,ingest_batch_0060.csv
486413112251,ACC#00001,USD,6606.73,DR,2023-05-27,2023-05-26,VOLERY 4014294666FP,TUP T90366666666666IFV /052/666066,ingest_batch_0060.csv
920357336961,ACC#00001,USD,1151612.20,DR,2023-05-27,2023-05-26,VOLERY 4014560666FP,TUP 2V0X00378611066IFV /052/666066,ingest_batch_0060.csv
141736023602,ACC#00001,USD,-347270.00,CR,2023-05-27,2023-05-26,V839122866013533 7251966618VI,UPCLOSER SAUNT TYPY DE - ELUVIA CC,ingest_batch_0060.csv
47280198076,ACC#00001,USD,12397.00,DR,2023-05-27,2023-05-26,VOLERY 4014299666FP,TUP T9C400378462C66IFV /052/667066,ingest_batch_0060.csv
190142446220,ACC#00001,USD,18850000.00,DR,2023-05-27,2023-05-26,VOLERY 4015114666FP,TUP KO4C00374463566REAVOWED/WAMP 9,ingest_batch_0060.csv
952301837441,ACC#00001,USD,169.00,DR,2023-05-27,2023-05-13,JOB066077-666068 L-3107466611LL,HAFIZ GOWLAN TYPY CG. MG.  SLOWISH,ingest_batch_0061.csv
340862892480,ACC#00001,USD,24849.73,DR,2023-05-27,2023-05-26,32266R65PQ 1292566618VI,,ingest_batch_0061.csv
595772138940,ACC#00001,USD,-410000.00,CR,2023-05-27,2023-05-26,M5768060717 1966266618VI,UPCLOSER SAUNT TYPY DE - ELUVIA CC,ingest_batch_0061.csv
178947757729,ACC#00001,USD,9181000.00,DR,2023-05-27,2023-05-26,VOLERY 4014572666FP,TUP WT8X66666666666IFV /7048/E 493,ingest_batch_0061.csv
763943332056,ACC#00001,USD,48976587.13,DR,2023-05-27,2023-05-26,UI45805456761068 0661866378BY,TUP TO GORST ITS KOSALAN VI 066767,ingest_batch_0061.csv
926927803278,ACC#00001,USD,8386000.00,DR,2023-05-27,2023-05-26,VOLERY 4014579666FP,TUP WT8V66666666666IFV /7048/E 493,ingest_batch_0061.csv
642299686395,ACC#00001,USD,432471.00,DR,2023-05-27,2023-05-26,VOLERY 4014573666FP,TUP V50C66666666666IFV /052/666066,ingest_batch_0061.csv
734153814480,ACC#00001,USD,344.62,DR,2023-05-27,2023-05-13,JOB066077-666067 L-3239866618LL,VC LES OBS UDV FEW GIRE DP 06750-,ingest_batch_0061.csv
463123541541,ACC#00001,USD,25.00,DR,2023-05-27,2023-05-26,VOLERY 4075925666FP,TUP JQO CARD DYES 67/67/06,ingest_batch_0061.csv
602860374538,ACC#00001,USD,-1614722.78,CR,2023-05-27,2023-05-26,ALME111525JOQG7U 0644689876,,ingest_batch_0061.csv
411316173112,ACC#00001,USD,272944.51,DR,2023-05-27,2023-05-26,GYNOMONOECISM 1274166618VI,,ingest_batch_0061.csv
997105261796,ACC#00001,USD,218388.58,DR,2023-05-27,2023-05-26,VOLERY 4014295666FP,TUP T92V00378611C66IFV /052/666066,ingest_batch_0061.csv
139493255048,ACC#00001,USD,1956.39,DR,2023-05-27,2023-05-13,JOB066077-666060 L-3212066618LL,VC LES OBS UDV FEW GIRE DP 06750-,ingest_batch_0061.csv
394377466563,ACC#00001,USD,6880000.00,DR,2023-05-27,2023-05-26,VOLERY 4014517666FP,TUP 0632566666666666IFV /7048/E 49,ingest_batch_0061.csv
273639464422,ACC#00001,USD,6016000.00,DR,2023-05-27,2023-05-26,VOLERY 4014516666FP,TUP WT3666666666666IFV /7048/E 493,ingest_batch_0061.csv
617438063059,ACC#00001,USD,14439000.00,DR,2023-05-27,2023-05-26,VOLERY 4014575666FP,TUP WT8T66666666666IFV /7048/E 493,ingest_batch_0061.csv
790209313171,ACC#00001,USD,999000.00,DR,2023-05-27,2023-05-13,JOB066075-666650 7752866618NZ,,ingest_batch_0061.csv
72731479046,ACC#00001,USD,-2956954.03,CR,2023-05-27,2023-05-26,TENDOTOME 3956166618XD,JON LUSTRIFY AIRY  EEV MADRASAH,ingest_batch_0061.csv
583129655837,ACC#00001,USD,15890.00,DR,2023-05-27,2023-05-26,32266R65D5 1294866618VI,,ingest_batch_0061.csv
1932006706,ACC#00001,USD,452951.00,DR,2023-05-27,2023-05-26,VOLERY 4014252666FP,TUP 248000371629566IFV /052/666066,ingest_batch_0061.csv
61995933517,ACC#00001,USD,2729.35,DR,2023-05-27,2023-05-13,JOB066077-666066 L-3231666618LL,VC LES OBS UDV FEW GIRE DP 06750-,ingest_batch_0061.csv
918705534237,ACC#00001,USD,790.90,DR,2023-05-27,2023-05-26,VOLERY 4079041666FP,TUP FIE ORARY DYES 67/67/06,ingest_batch_0061.csv
924814494548,ACC#00001,USD,74130.48,DR,2023-05-28,2023-05-27,VOLERY 4084596666FP,TUP T5DU00373024C66IFV /052/668066,ingest_batch_0061.csv
559723492958,ACC#00001,USD,9.39,DR,2023-05-28,2023-05-27,URBD-57VHK9 2401266613VI,,ingest_batch_0061.csv
948649396716,ACC#00001,USD,-120000.00,CR,2023-05-28,2023-05-27,BUTTERBUMP 8127266613XD,ENCHODONTIDAE COUTHIER FOLKSY - 06,ingest_batch_0061.csv
914485660251,ACC#00001,USD,245446.50,DR,2023-05-28,2023-05-27,VOLERY 4084528666FP,TUP 2SF300373159566IFV /052/666066,ingest_batch_0061.csv
86096012256,ACC#00001,USD,29611949.65,DR,2023-05-28,2023-05-27,VOLERY 4085124666FP,TUP T66866666666666EU AS UDV/SPROD,ingest_batch_0061.csv
153840944645,ACC#00001,USD,147779.56,DR,2023-05-28,2023-05-27,VOLERY 4084559666FP,TUP T5C500373195C66IFV /052/666066,ingest_batch_0062.csv
479012850445,ACC#00001,USD,21928.49,DR,2023-05-28,2023-05-27,VOLERY 4084521666FP,TUP 2SF800373195766IFV /052/666066,ingest_batch_0062.csv
606288393861,ACC#00001,USD,1184253.80,DR,2023-05-28,2023-05-27,VOLERY 4084520666FP,TUP 2Q0X00373024266IFV /052/668066,ingest_batch_0062.csv
622462521760,ACC#00001,USD,83851800.00,DR,2023-05-28,2023-05-27,VOLERY 4085128666FP,TUP X05V003724802C6REAVOWED/WAMP 9,ingest_batch_0062.csv
470187387481,ACC#00001,USD,83851800.00,DR,2023-05-28,2023-05-27,VOLERY 4085123666FP,TUP X096003724802Q6REAVOWED/WAMP 9,ingest_batch_0062.csv
160437230827,ACC#00001,USD,266429.89,DR,2023-05-28,2023-05-27,VOLERY 4084590666FP,TUP T5LR00373159C66IFV /052/666066,ingest_batch_0062.csv
579158279110,ACC#00001,USD,-1681000.00,CR,2023-05-28,2023-05-27,BUTTERBUMP 8846766613XD,ENCHODONTIDAE COUTHIER FOLKSY - 06,ingest_batch_0062.csv
548482101288,ACC#00001,USD,218746.68,DR,2023-05-28,2023-05-27,VOLERY 4085366666FP,TUP 06X2T66666666666EU AS UDV/TENS,ingest_batch_0062.csv
695885455717,ACC#00001,USD,8000000.00,DR,2023-05-28,2023-05-27,V191131836819470 4563766613VI,,ingest_batch_0062.csv
757305628250,ACC#00001,USD,-139868627.40,CR,2023-05-28,2023-05-27,UV20505986768067 0661366858BY,TUP TO THEATRIZE ITS KOSALAN VI 06,ingest_batch_0062.csv
